date,sport,mkt,matchup,side,agsTier,units,staked,outcome,top2Pct,meanPct,nFor,forWallets
2026-06-01,MLB,ML,"Chicago White Sox @ Minnesota Twins",home,PREMIUM,3,1,WIN,72.4,65.45,6,"bc35e3:78%,7703d4:67%"
2026-06-01,MLB,ML,"Detroit Tigers @ Tampa Bay Rays",away,LOCK,1,1,WIN,66.11,64.03,3,"10c684:72%,491f30:60%"
2026-06-01,MLB,ML,"Kansas City Royals @ Cincinnati Reds",away,PREMIUM,2.5,1,WIN,74.06,65.39,7,"cdb33b:78%,0f9d74:70%"
2026-06-01,MLB,ML,"Miami Marlins @ Washington Nationals",home,LEAN,0.5,1,LOSS,59.64,59.64,2,"c2aeea:62%,cd2f63:58%"
2026-06-02,MLB,ML,"Cleveland Guardians @ New York Yankees",home,WEAK,0.25,1,LOSS,74.44,60.24,7,"bc35e3:78%,0f9d74:71%"
2026-06-02,MLB,ML,"Detroit Tigers @ Tampa Bay Rays",away,ELITE,2.5,1,WIN,71.61,64.68,6,"10c684:72%,e05213:71%"
2026-06-02,MLB,ML,"Miami Marlins @ Washington Nationals",away,LEAN,0.5,1,WIN,62.31,59.49,3,"bc3532:66%,4c64aa:59%"
2026-06-02,MLB,ML,"Pittsburgh Pirates @ Houston Astros",home,LOCK,1,1,LOSS,58.9,58.9,1,"4c64aa:59%"
2026-06-02,MLB,ML,"Texas Rangers @ St. Louis Cardinals",home,LOCK,1,1,LOSS,58.9,58.9,1,"4c64aa:59%"
2026-06-02,MLB,ML,"Toronto Blue Jays @ Atlanta Braves",away,ELITE,2.5,1,LOSS,67.03,63.27,4,"eeabaf:68%,bc3532:66%"
2026-06-03,MLB,ML,"Baltimore Orioles @ Boston Red Sox",home,LEAN,0.5,1,WIN,77.39,67.3,8,"bc35e3:78%,a8c991:77%"
2026-06-03,MLB,ML,"Cleveland Guardians @ New York Yankees",away,LOCK,1,1,WIN,74.16,64.58,8,"913987:75%,b19a27:73%"
2026-06-03,MLB,ML,"Detroit Tigers @ Tampa Bay Rays",away,LOCK,1,1,WIN,75,69.91,5,"913987:75%,e05213:75%"
2026-06-03,MLB,ML,"Los Angeles Dodgers @ Arizona Diamondbacks",home,PREMIUM,1.5,1,LOSS,68.14,63.59,4,"0f9d74:70%,bc3532:66%"
2026-06-03,MLB,ML,"Miami Marlins @ Washington Nationals",home,LEAN,0.5,1,LOSS,66.46,61.28,6,"10c684:68%,8ec926:65%"
2026-06-03,MLB,ML,"Athletics @ Chicago Cubs",away,LEAN,0.5,1,WIN,59.05,56.91,3,"4c64aa:61%,cd2f63:58%"
2026-06-03,MLB,ML,"Pittsburgh Pirates @ Houston Astros",away,PREMIUM,3,1,LOSS,68.14,65.6,3,"0f9d74:70%,bc3532:66%"
2026-06-03,MLB,ML,"San Diego Padres @ Philadelphia Phillies",home,ELITE,5,1,WIN,76.66,67.46,8,"ad88a3:80%,b19a27:73%"
2026-06-03,MLB,ML,"Texas Rangers @ St. Louis Cardinals",home,PREMIUM,3,1,WIN,60.53,60.53,1,"4c64aa:61%"
2026-06-03,MLB,ML,"Toronto Blue Jays @ Atlanta Braves",home,LEAN,0.5,1,WIN,68.58,61.34,5,"913987:75%,1e8f33:62%"
2026-06-03,NBA,ML,"Knicks @ Spurs",home,WEAK,0.25,1,LOSS,73.96,65.19,12,"2d2ca8:75%,b19a27:73%"
2026-06-04,MLB,ML,"Baltimore Orioles @ Boston Red Sox",away,LEAN,0.5,1,WIN,64.1,64.1,2,"bc3532:66%,4c64aa:62%"
2026-06-04,MLB,ML,"Kansas City Royals @ Minnesota Twins",home,LOCK,1,1,LOSS,61.59,58.35,4,"4c64aa:62%,c2aeea:61%"
2026-06-04,MLB,ML,"Los Angeles Dodgers @ Arizona Diamondbacks",home,ELITE,2.5,1,WIN,70.97,66.75,5,"913987:72%,0f9d74:70%"
2026-06-04,MLB,ML,"Athletics @ Chicago Cubs",home,ELITE,5,1,WIN,70.97,65.33,5,"913987:72%,0f9d74:70%"
2026-06-04,MLB,ML,"Pittsburgh Pirates @ Houston Astros",away,WEAK,0.25,1,WIN,67.86,59.95,5,"0f9d74:70%,bc3532:66%"
2026-06-04,MLB,ML,"San Diego Padres @ Philadelphia Phillies",home,LOCK,1,1,WIN,69.76,61.96,7,"7923c4:73%,b839b3:67%"
2026-06-04,MLB,ML,"San Francisco Giants @ Milwaukee Brewers",home,LOCK,1,1,LOSS,66.81,63.02,4,"43020b:71%,4c64aa:62%"
2026-06-04,MLB,ML,"Toronto Blue Jays @ Atlanta Braves",home,LEAN,0.5,1,LOSS,72.53,62.21,11,"7923c4:73%,913987:72%"
2026-06-04,NHL,ML,"Golden Knights @ Hurricanes",home,WEAK,0.25,1,WIN,74.33,64.57,8,"f9e3d0:77%,52aeeb:72%"
2026-06-05,MLB,ML,"Baltimore Orioles @ Toronto Blue Jays",home,WEAK,0.25,1,LOSS,67.47,63.59,5,"1e8f33:69%,bc3532:66%"
2026-06-05,MLB,ML,"Boston Red Sox @ New York Yankees",away,LEAN,0.5,1,WIN,69.75,64.57,7,"0f9d74:71%,1e8f33:69%"
2026-06-05,MLB,ML,"Cincinnati Reds @ St. Louis Cardinals",home,LEAN,0.5,1,WIN,62.85,49.94,5,"94600d:64%,4c64aa:62%"
2026-06-05,MLB,ML,"Cleveland Guardians @ Texas Rangers",away,ELITE,5,1,LOSS,64.38,64.38,2,"913987:71%,cd2f63:57%"
2026-06-05,MLB,ML,"Chicago White Sox @ Philadelphia Phillies",home,ELITE,5,1,WIN,71.09,61.76,5,"913987:71%,0f9d74:71%"
2026-06-05,MLB,ML,"Los Angeles Angels @ Los Angeles Dodgers",home,LOCK,1,1,WIN,62.85,62.85,2,"94600d:64%,4c64aa:62%"
2026-06-05,MLB,ML,"Athletics @ Houston Astros",away,LOCK,1,1,LOSS,62.07,62.07,1,"4c64aa:62%"
2026-06-05,MLB,ML,"Pittsburgh Pirates @ Atlanta Braves",home,LOCK,1,1,WIN,70.93,60.16,8,"9a69c2:71%,0f9d74:71%"
2026-06-05,MLB,ML,"San Francisco Giants @ Chicago Cubs",home,LOCK,1,1,LOSS,72.4,61.21,6,"bc35e3:79%,bc3532:66%"
2026-06-05,MLB,ML,"Tampa Bay Rays @ Miami Marlins",away,PREMIUM,3,1,WIN,69.75,67.71,3,"0f9d74:71%,1e8f33:69%"
2026-06-05,NBA,ML,"Knicks @ Spurs",home,WEAK,0.25,1,LOSS,83.06,66.79,14,"bbd49f:88%,bc35e3:79%"
2026-06-06,MLB,ML,"Cincinnati Reds @ St. Louis Cardinals",home,PREMIUM,3,1,WIN,60.66,47.42,5,"c2aeea:61%,4c64aa:61%"
2026-06-06,MLB,ML,"Chicago White Sox @ Philadelphia Phillies",home,LEAN,0.5,1,LOSS,71.44,67.43,5,"913987:72%,0f9d74:71%"
2026-06-06,MLB,ML,"Los Angeles Angels @ Los Angeles Dodgers",home,PREMIUM,3,1,WIN,60.66,57.1,3,"c2aeea:61%,4c64aa:61%"
2026-06-06,MLB,ML,"Athletics @ Houston Astros",home,ELITE,5,1,WIN,64.28,64.28,2,"eeabaf:68%,c2aeea:61%"
2026-06-06,MLB,ML,"Seattle Mariners @ Detroit Tigers",home,ELITE,2.5,1,LOSS,69.33,65.03,5,"913987:72%,40d814:67%"
2026-06-06,MLB,ML,"Washington Nationals @ Arizona Diamondbacks",home,ELITE,5,1,LOSS,71.44,63.36,4,"913987:72%,0f9d74:71%"
2026-06-07,MLB,ML,"Baltimore Orioles @ Toronto Blue Jays",home,PREMIUM,3,1,WIN,63.35,63.35,2,"eeabaf:68%,4c64aa:59%"
2026-06-07,MLB,ML,"Cincinnati Reds @ St. Louis Cardinals",home,ELITE,5,1,WIN,55.86,43.3,3,"1e8f33:66%,f2d227:46%"
2026-06-07,MLB,ML,"Cleveland Guardians @ Texas Rangers",home,LOCK,1,1,WIN,64.18,61.85,4,"bc3532:66%,dcafd2:62%"
2026-06-07,MLB,ML,"Chicago White Sox @ Philadelphia Phillies",home,PREMIUM,3,1,WIN,68.8,57.19,6,"0f9d74:70%,eeabaf:68%"
2026-06-07,MLB,ML,"Kansas City Royals @ Minnesota Twins",away,WEAK,0.25,1,WIN,70.63,66.74,3,"913987:74%,eeabaf:68%"
2026-06-07,MLB,ML,"Los Angeles Angels @ Los Angeles Dodgers",home,WEAK,0.25,1,LOSS,63.27,60.69,4,"70135d:66%,c2aeea:60%"
2026-06-07,MLB,ML,"Milwaukee Brewers @ Colorado Rockies",home,LEAN,0.5,1,LOSS,63.36,63.36,2,"12ad50:68%,4c64aa:59%"
2026-06-07,MLB,ML,"Athletics @ Houston Astros",home,LOCK,1,1,LOSS,58.97,58.97,1,"4c64aa:59%"
2026-06-07,MLB,ML,"Seattle Mariners @ Detroit Tigers",home,LEAN,0.5,1,WIN,67.89,63.78,3,"7923c4:74%,dcafd2:62%"
2026-06-07,MLB,ML,"San Francisco Giants @ Chicago Cubs",away,WEAK,0.25,1,WIN,77.43,77.43,2,"ad88a3:78%,972768:77%"
2026-06-07,MLB,ML,"Tampa Bay Rays @ Miami Marlins",home,LOCK,1,1,WIN,63.35,63.35,2,"eeabaf:68%,4c64aa:59%"
2026-06-07,MLB,ML,"Washington Nationals @ Arizona Diamondbacks",home,LEAN,0.5,1,WIN,71.71,63.26,5,"913987:74%,0f9d74:70%"
2026-06-08,MLB,ML,"Boston Red Sox @ Tampa Bay Rays",away,PREMIUM,3,1,LOSS,66.44,55.58,7,"5b1e50:67%,bc3532:66%"
2026-06-08,MLB,ML,"Cincinnati Reds @ San Diego Padres",home,PREMIUM,3,1,WIN,71.17,67.14,3,"913987:76%,5b1e50:67%"
2026-06-08,MLB,ML,"Houston Astros @ Los Angeles Angels",away,PREMIUM,3,1,WIN,63.69,58.74,5,"1e8f33:65%,dcafd2:62%"
2026-06-08,MLB,ML,"Milwaukee Brewers @ Athletics",away,PREMIUM,3,1,WIN,66.44,60.71,6,"5b1e50:67%,bc3532:66%"
2026-06-08,MLB,ML,"New York Yankees @ Cleveland Guardians",home,LOCK,1,1,LOSS,68.53,60.02,6,"0f9d74:70%,5b1e50:67%"
2026-06-08,MLB,ML,"Washington Nationals @ San Francisco Giants",away,PREMIUM,1.5,1,WIN,72.52,70.57,3,"972768:77%,eeabaf:68%"
2026-06-08,NBA,ML,"Spurs @ Knicks",home,WEAK,0.25,1,LOSS,73.32,54.8,13,"2d2ca8:74%,4edc5b:73%"
2026-06-09,MLB,ML,"Arizona Diamondbacks @ Miami Marlins",away,WEAK,0.25,1,LOSS,77.07,67.91,8,"bc35e3:79%,913987:76%"
2026-06-09,MLB,ML,"Atlanta Braves @ Chicago White Sox",away,LEAN,0.5,1,LOSS,72.66,65.07,6,"2f2a9e:75%,0f9d74:70%"
2026-06-09,MLB,ML,"Boston Red Sox @ Tampa Bay Rays",away,LOCK,1,1,LOSS,65.42,55.22,7,"bc3532:66%,5b1e50:65%"
2026-06-09,MLB,ML,"Chicago Cubs @ Colorado Rockies",away,LOCK,1,1,LOSS,57.84,57.84,2,"4c64aa:59%,cd2f63:57%"
2026-06-09,MLB,ML,"Cincinnati Reds @ San Diego Padres",away,ELITE,5,1,WIN,79.26,68.76,5,"ad88a3:80%,bc35e3:79%"
2026-06-09,MLB,ML,"Houston Astros @ Los Angeles Angels",away,WEAK,0.25,1,LOSS,62.84,57.56,5,"1e8f33:63%,dcafd2:62%"
2026-06-09,MLB,ML,"Los Angeles Dodgers @ Pittsburgh Pirates",home,LOCK,1,1,LOSS,70.57,64.3,5,"2f2a9e:75%,bc3532:66%"
2026-06-09,MLB,ML,"Milwaukee Brewers @ Athletics",home,ELITE,5,1,WIN,64.54,58.56,7,"5b1e50:65%,8ec926:64%"
2026-06-09,MLB,ML,"Minnesota Twins @ Detroit Tigers",away,PREMIUM,2.5,1,LOSS,62.48,60.61,3,"bc3532:66%,4c64aa:59%"
2026-06-09,MLB,ML,"New York Yankees @ Cleveland Guardians",away,LEAN,0.5,1,WIN,68.33,62.3,7,"0f9d74:70%,6bd96a:66%"
2026-06-09,MLB,ML,"Philadelphia Phillies @ Toronto Blue Jays",home,ELITE,2.5,1,WIN,68.33,61.75,8,"0f9d74:70%,6bd96a:66%"
2026-06-09,MLB,ML,"Seattle Mariners @ Baltimore Orioles",home,LOCK,1,1,LOSS,69.83,62.75,6,"7923c4:73%,6bd96a:66%"
2026-06-09,MLB,ML,"Texas Rangers @ Kansas City Royals",away,LOCK,1,1,LOSS,62.33,60.08,4,"5b1e50:65%,c2aeea:60%"
2026-06-10,MLB,ML,"Atlanta Braves @ Chicago White Sox",away,PREMIUM,3,1,LOSS,65.78,61.29,4,"5b1e50:71%,1e8f33:61%"
2026-06-10,MLB,ML,"Boston Red Sox @ Tampa Bay Rays",away,LOCK,1,1,LOSS,76.08,63.17,17,"bc35e3:79%,7923c4:73%"
2026-06-10,MLB,ML,"Chicago Cubs @ Colorado Rockies",away,LOCK,1,1,LOSS,70.75,63.33,6,"0f9d74:71%,5b1e50:71%"
2026-06-10,MLB,ML,"Cincinnati Reds @ San Diego Padres",away,LEAN,0.5,1,LOSS,76.87,68.29,6,"ad88a3:81%,7923c4:73%"
2026-06-10,MLB,ML,"Houston Astros @ Los Angeles Angels",home,WEAK,0.25,1,WIN,68.52,64.1,3,"913987:76%,1e8f33:61%"
2026-06-10,MLB,ML,"Los Angeles Dodgers @ Pittsburgh Pirates",home,LOCK,1,1,WIN,71.81,66.74,4,"7923c4:73%,5b1e50:71%"
2026-06-10,MLB,ML,"Milwaukee Brewers @ Athletics",away,ELITE,5,1,LOSS,73.49,69.63,4,"913987:76%,0f9d74:71%"
2026-06-10,MLB,ML,"Minnesota Twins @ Detroit Tigers",away,LOCK,1,1,WIN,58.33,58.33,1,"4c64aa:58%"
2026-06-10,MLB,ML,"Seattle Mariners @ Baltimore Orioles",home,PREMIUM,2.5,1,WIN,72.04,62.83,7,"7923c4:73%,0f9d74:71%"
2026-06-10,MLB,ML,"St. Louis Cardinals @ New York Mets",home,LOCK,1,1,LOSS,58.33,58.33,1,"4c64aa:58%"
2026-06-10,MLB,ML,"Texas Rangers @ Kansas City Royals",away,LOCK,1,1,WIN,63.48,61.77,3,"bc3532:66%,1e8f33:61%"
2026-06-10,MLB,ML,"Washington Nationals @ San Francisco Giants",away,ELITE,5,1,LOSS,72.99,59.32,7,"972768:77%,eeabaf:69%"
2026-06-10,NBA,ML,"Spurs @ Knicks",away,WEAK,0.25,1,LOSS,73.16,61.99,13,"2d2ca8:75%,0f9d74:71%"
2026-06-11,MLB,ML,"Arizona Diamondbacks @ Miami Marlins",away,LOCK,1,1,LOSS,78.04,69.43,5,"ad88a3:82%,5b1e50:74%"
2026-06-11,MLB,ML,"Atlanta Braves @ Chicago White Sox",away,LEAN,0.5,1,PUSH,74.46,68.02,6,"12192c:75%,5b1e50:74%"
2026-06-11,MLB,ML,"Chicago Cubs @ Colorado Rockies",home,ELITE,5,1,LOSS,75.92,71.65,4,"972768:78%,5b1e50:74%"
2026-06-11,MLB,ML,"Los Angeles Dodgers @ Pittsburgh Pirates",away,LEAN,0.5,1,WIN,78.04,60.15,7,"ad88a3:82%,5b1e50:74%"
2026-06-11,MLB,ML,"Seattle Mariners @ Baltimore Orioles",away,LEAN,0.5,1,LOSS,75.93,63.75,5,"913987:77%,12192c:75%"
2026-06-11,MLB,ML,"St. Louis Cardinals @ New York Mets",home,ELITE,5,1,WIN,68.33,58.2,9,"0f9d74:71%,bc3532:66%"
2026-06-11,MLB,ML,"Texas Rangers @ Kansas City Royals",away,LOCK,1,1,WIN,66.22,56.36,5,"0f9d74:71%,1e8f33:62%"
2026-06-12,MLB,ML,"Atlanta Braves @ New York Mets",home,ELITE,5,1,WIN,69.57,62.08,4,"0f9d74:70%,eeabaf:69%"
2026-06-12,MLB,ML,"Chicago Cubs @ San Francisco Giants",home,PREMIUM,3,1,LOSS,50.46,50.46,2,"2f2a9e:58%,491f30:43%"
2026-06-12,MLB,ML,"Colorado Rockies @ Athletics",home,LEAN,0.5,1,WIN,62.19,60.36,3,"bc3532:66%,2f2a9e:58%"
2026-06-12,MLB,ML,"Detroit Tigers @ Cleveland Guardians",away,WEAK,0.25,1,LOSS,66.89,66.89,2,"5b1e50:76%,4c64aa:58%"
2026-06-12,MLB,ML,"Houston Astros @ Kansas City Royals",away,LOCK,1,1,WIN,69.46,65.66,3,"5b1e50:76%,1e8f33:63%"
2026-06-12,MLB,ML,"Los Angeles Dodgers @ Chicago White Sox",home,ELITE,2.5,1,WIN,78.81,67.43,6,"bc35e3:80%,972768:78%"
2026-06-12,MLB,ML,"Miami Marlins @ Pittsburgh Pirates",home,PREMIUM,3,1,LOSS,61.89,59.33,5,"710c2e:64%,c2aeea:60%"
2026-06-12,MLB,ML,"San Diego Padres @ Baltimore Orioles",away,WEAK,0.25,1,LOSS,69.57,60.67,3,"0f9d74:70%,eeabaf:69%"
2026-06-12,MLB,ML,"Seattle Mariners @ Washington Nationals",away,LOCK,1,1,WIN,64.97,61.53,4,"bc3532:66%,710c2e:64%"
2026-06-12,MLB,ML,"St. Louis Cardinals @ Minnesota Twins",home,LEAN,0.5,1,WIN,73.02,62.88,5,"5b1e50:76%,0f9d74:70%"
2026-06-13,MLB,ML,"Arizona Diamondbacks @ Cincinnati Reds",away,ELITE,5,1,LOSS,65.81,57.93,5,"0f9d74:69%,1e8f33:62%"
2026-06-13,MLB,ML,"Atlanta Braves @ New York Mets",away,PREMIUM,3,1,WIN,71.51,64.34,6,"5b1e50:74%,0f9d74:69%"
2026-06-13,MLB,ML,"Chicago Cubs @ San Francisco Giants",away,WEAK,0.25,1,WIN,71.51,66.85,5,"5b1e50:74%,0f9d74:69%"
2026-06-13,MLB,ML,"Colorado Rockies @ Athletics",away,PREMIUM,2.5,1,LOSS,66.35,66.35,2,"eeabaf:69%,779ef0:63%"
2026-06-13,MLB,ML,"Detroit Tigers @ Cleveland Guardians",home,ELITE,2.5,1,WIN,51.19,51.19,2,"1e8f33:62%,491f30:40%"
2026-06-13,MLB,ML,"Miami Marlins @ Pittsburgh Pirates",away,PREMIUM,2.5,1,LOSS,61.19,59.31,3,"1e8f33:62%,c2aeea:60%"
2026-06-13,MLB,ML,"Philadelphia Phillies @ Milwaukee Brewers",home,PREMIUM,3,1,LOSS,67.99,58.66,3,"bc44b0:69%,e70853:67%"
2026-06-13,MLB,ML,"Seattle Mariners @ Washington Nationals",home,ELITE,5,1,WIN,65.81,50.46,5,"0f9d74:69%,1e8f33:62%"
2026-06-13,MLB,ML,"Texas Rangers @ Boston Red Sox",home,LOCK,1,1,WIN,62.39,62.39,1,"1e8f33:62%"
2026-06-13,NBA,ML,"Knicks @ Spurs",home,WEAK,0.25,1,LOSS,79.72,63.95,18,"f9e3d0:80%,bc35e3:79%"
2026-06-14,MLB,ML,"Atlanta Braves @ New York Mets",away,LOCK,1,1,LOSS,72.16,63.58,5,"5b1e50:75%,0f9d74:69%"
2026-06-14,MLB,ML,"Chicago Cubs @ San Francisco Giants",home,WEAK,0.25,1,WIN,77.32,70.2,4,"bc35e3:80%,5b1e50:75%"
2026-06-14,MLB,ML,"Colorado Rockies @ Athletics",home,ELITE,5,1,LOSS,73.33,63.46,6,"5b1e50:75%,40d814:72%"
2026-06-14,MLB,ML,"Houston Astros @ Kansas City Royals",away,PREMIUM,2.5,1,LOSS,57.36,57.36,1,"1e8f33:57%"
2026-06-14,MLB,ML,"New York Yankees @ Toronto Blue Jays",away,LOCK,1,1,WIN,70.97,64.46,4,"5b1e50:75%,bc3532:67%"
2026-06-14,MLB,ML,"St. Louis Cardinals @ Minnesota Twins",away,PREMIUM,3,1,LOSS,57.36,57.36,1,"1e8f33:57%"
2026-06-14,MLB,ML,"Tampa Bay Rays @ Los Angeles Angels",away,WEAK,0.25,1,WIN,72.16,64.43,6,"5b1e50:75%,0f9d74:69%"
2026-06-14,NHL,ML,"Hurricanes @ Golden Knights",away,WEAK,0.25,1,WIN,72.61,64.68,3,"4d2125:80%,710c2e:65%"
2026-06-15,MLB,ML,"New York Mets @ Cincinnati Reds",home,LEAN,3,1,WIN,68.19,62.65,4,"bc44b0:69%,bc3532:67%"
2026-06-16,MLB,ML,"Detroit Tigers @ Houston Astros",home,PREMIUM,4,1,WIN,80.53,66.04,8,"ad88a3:82%,bc35e3:79%"
2026-06-16,MLB,ML,"Kansas City Royals @ Washington Nationals",home,PREMIUM,6,1,WIN,73.83,60.8,8,"5b1e50:74%,7923c4:73%"
2026-06-16,MLB,ML,"Miami Marlins @ Philadelphia Phillies",home,LEAN,4,1,WIN,77.93,64.03,7,"ad88a3:82%,5b1e50:74%"
2026-06-16,MLB,ML,"San Francisco Giants @ Atlanta Braves",home,LEAN,4,1,LOSS,74.76,62.19,7,"bc35e3:79%,0f9d74:70%"
2026-06-17,MLB,ML,"Miami Marlins @ Philadelphia Phillies",away,ELITE,2.5,1,WIN,55.12,55.12,2,"cd2f63:56%,1e8f33:54%"
2026-06-17,MLB,ML,"Toronto Blue Jays @ Boston Red Sox",home,ELITE,3,1,LOSS,58.24,56.75,3,"77f662:60%,cd2f63:56%"
2026-06-18,MLB,ML,"Cleveland Guardians @ Milwaukee Brewers",home,PREMIUM,4,1,LOSS,67.12,56.77,3,"ad88a3:76%,4c64aa:58%"
2026-06-18,MLB,ML,"New York Mets @ Philadelphia Phillies",away,PREMIUM,2.5,1,WIN,75.94,67.27,9,"bc35e3:79%,5b1e50:73%"
2026-06-19,MLB,ML,"Minnesota Twins @ Arizona Diamondbacks",home,PREMIUM,4,1,WIN,67.16,67.16,2,"ad88a3:76%,4c64aa:58%"
2026-06-20,MLB,ML,"Cincinnati Reds @ New York Yankees",home,PREMIUM,4,1,LOSS,48.1,43.18,3,"2f2a9e:53%,b839b3:44%"
2026-06-20,MLB,ML,"New York Mets @ Philadelphia Phillies",home,LOCK,4,1,WIN,78.44,64.62,4,"b70f9a:89%,eeabaf:68%"
2026-06-20,MLB,ML,"San Francisco Giants @ Miami Marlins",home,ELITE,3,1,WIN,52.43,52.43,1,"1e8f33:52%"
2026-06-21,MLB,ML,"Baltimore Orioles @ Los Angeles Dodgers",home,LOCK,3,1,LOSS,64.62,60.35,3,"bc44b0:71%,4c64aa:58%"
2026-06-21,MLB,ML,"New York Mets @ Philadelphia Phillies",home,PREMIUM,3,1,WIN,70.72,63.03,4,"5b1e50:73%,45fc26:69%"
2026-06-22,MLB,ML,"Houston Astros @ Toronto Blue Jays",home,ELITE,3,1,WIN,68.57,68.57,1,"eeabaf:69%"
2026-06-23,MLB,ML,"Atlanta Braves @ San Diego Padres",away,PREMIUM,3,1,LOSS,74.47,66.8,6,"bc35e3:78%,5b1e50:70%"
2026-06-23,MLB,ML,"Baltimore Orioles @ Los Angeles Angels",away,PREMIUM,3,1,LOSS,69.65,60.79,4,"5b1e50:70%,eeabaf:69%"
2026-06-24,MLB,ML,"Atlanta Braves @ San Diego Padres",away,PREMIUM,3,1,LOSS,73.79,59.61,8,"bc35e3:78%,0f9d74:70%"
2026-06-24,MLB,ML,"Boston Red Sox @ Colorado Rockies",home,PREMIUM,4,1,WIN,65.07,65.07,2,"ad88a3:71%,4c64aa:59%"
2026-06-24,SOC,ML,"Haiti @ Morocco",home,PREMIUM,4,1,WIN,72.5,64.81,8,"12192c:75%,bc44b0:70%"
2026-06-25,SOC,ML,"Germany @ Ecuador",away,LOCK,1,1,LOSS,86.75,62.2,21,"95eb4c:89%,47cab2:85%"
2026-06-25,SOC,ML,"Netherlands @ Tunisia",away,ELITE,4,1,WIN,71.47,58.18,9,"11381f:74%,0f9d74:69%"
2026-06-25,SOC,ML,"United States @ Türkiye",away,WEAK,4,1,LOSS,83.73,61.24,10,"95eb4c:89%,43020b:79%"
2026-06-26,MLB,ML,"Atlanta Braves @ San Francisco Giants",away,PREMIUM,4,1,WIN,53.83,53.83,2,"4c64aa:57%,2f2a9e:50%"
2026-06-26,SOC,ML,"Belgium @ New Zealand",away,ELITE,4,1,WIN,68.19,59.19,3,"bc44b0:69%,5b1e50:67%"
2026-06-26,SOC,ML,"Spain @ Uruguay",away,LEAN,6,1,WIN,75.56,61.17,15,"bc35e3:77%,af1697:74%"
2026-06-26,SOC,ML,"France @ Norway",away,WEAK,4,1,WIN,70.98,51.67,12,"95eb4c:73%,bc44b0:69%"
2026-06-26,SOC,ML,"IR Iran @ Egypt",home,LEAN,1.5,1,LOSS,82.56,64.13,4,"99059d:100%,de3f67:65%"
2026-06-26,SOC,ML,"Saudi Arabia @ Cabo Verde",home,WEAK,1.5,1,LOSS,68.27,60.62,8,"0f9d74:68%,4d2125:68%"
2026-06-27,MLB,ML,"Chicago Cubs @ Milwaukee Brewers",home,WEAK,3,1,LOSS,57.79,57.79,2,"5b1e50:65%,1e8f33:50%"
2026-06-27,MLB,ML,"Cincinnati Reds @ Pittsburgh Pirates",away,WEAK,4,1,WIN,58.79,58.79,2,"eeabaf:67%,1e8f33:50%"
2026-06-27,MLB,ML,"Kansas City Royals @ Chicago White Sox",away,ELITE,1,1,LOSS,85.03,75.71,4,"daf4de:100%,bc44b0:70%"
2026-06-27,MLB,ML,"Athletics @ Los Angeles Angels",away,LOCK,4,1,LOSS,56.97,56.97,1,"4c64aa:57%"
2026-06-27,MLB,ML,"Philadelphia Phillies @ New York Mets",home,LOCK,4,1,WIN,85.03,72.33,5,"daf4de:100%,bc44b0:70%"
2026-06-27,MLB,ML,"Texas Rangers @ Toronto Blue Jays",home,PREMIUM,4,1,LOSS,67.88,64.24,3,"ad88a3:70%,5b1e50:65%"
2026-06-27,SOC,ML,"Argentina @ Jordan",away,ELITE,4,1,WIN,69.6,62.8,3,"2d2ca8:74%,5b1e50:65%"
2026-06-27,SOC,ML,"England @ Panama",away,ELITE,5,1,WIN,63.94,53.08,5,"5b1e50:65%,946418:63%"
2026-06-27,SOC,ML,"Ghana @ Croatia",home,WEAK,3,1,WIN,70.6,54.6,11,"2d2ca8:74%,eeabaf:67%"
2026-06-27,SOC,ML,"Uzbekistan @ DR Congo",home,LEAN,5,1,WIN,68.73,60.3,4,"bc44b0:70%,eeabaf:67%"
2026-06-28,MLB,ML,"Athletics @ Los Angeles Angels",away,PREMIUM,5,1,LOSS,66.1,59.22,4,"ad88a3:68%,5b1e50:64%"
2026-06-28,MLB,ML,"Texas Rangers @ Toronto Blue Jays",away,LOCK,4,1,WIN,66.97,66.09,3,"0f9d74:67%,eeabaf:67%"
2026-06-28,SOC,ML,"Canada @ South Africa",away,ELITE,1,1,WIN,79.1,59.1,20,"348973:79%,f9e3d0:79%"
2026-06-29,MLB,ML,"San Francisco Giants @ Arizona Diamondbacks",home,WEAK,4,1,WIN,56.5,56.5,2,"5b1e50:64%,b839b3:49%"
2026-06-29,SOC,ML,"Japan @ Brazil",home,WEAK,4,1,WIN,69.37,50.72,16,"99059d:71%,0f9d74:67%"
2026-06-29,SOC,ML,"Paraguay @ Germany",home,LEAN,5,1,LOSS,73.06,55.03,8,"af1697:75%,99059d:71%"
2026-06-30,MLB,ML,"Chicago White Sox @ Baltimore Orioles",away,PREMIUM,4,1,WIN,60.05,56.88,3,"7703d4:64%,cd2f63:56%"
2026-06-30,MLB,ML,"Los Angeles Angels @ Seattle Mariners",away,PREMIUM,1.5,1,LOSS,72.39,59.4,6,"f9e3d0:77%,4b912c:68%"
2026-06-30,MLB,ML,"Miami Marlins @ Colorado Rockies",away,LEAN,4,1,WIN,83.93,67.27,6,"a82a75:100%,4b912c:68%"
2026-06-30,MLB,ML,"Minnesota Twins @ Houston Astros",away,LOCK,3,1,LOSS,40.27,40.27,2,"1e8f33:51%,ac9705:30%"
2026-06-30,MLB,ML,"Tampa Bay Rays @ Kansas City Royals",away,WEAK,3,1,WIN,88.77,71.32,6,"a82a75:100%,bc35e3:78%"
2026-06-30,MLB,ML,"Texas Rangers @ Cleveland Guardians",home,PREMIUM,4,1,LOSS,65.87,65.87,2,"0f9d74:68%,7703d4:64%"
2026-06-30,MLB,ML,"Washington Nationals @ Boston Red Sox",away,PREMIUM,2.5,1,WIN,88.77,66.85,9,"a82a75:100%,bc35e3:78%"
2026-06-30,SOC,ML,"Ecuador @ Mexico",home,LEAN,2.5,1,WIN,67.15,57.25,5,"9a69c2:70%,5b1e50:64%"
2026-06-30,SOC,ML,"Norway @ Côte d'Ivoire",away,WEAK,4,1,WIN,87.34,62.35,13,"a82a75:100%,af1697:75%"
2026-06-30,SOC,ML,"Sweden @ France",home,ELITE,1,1,WIN,70.04,55.83,11,"bc44b0:70%,9a69c2:70%"
2026-07-01,MLB,ML,"Cincinnati Reds @ Milwaukee Brewers",home,PREMIUM,6,1,WIN,88.68,69.81,8,"a82a75:100%,bc35e3:77%"
2026-07-01,MLB,ML,"Detroit Tigers @ New York Yankees",home,ELITE,5,1,LOSS,72.74,60.86,5,"45fc26:78%,0f9d74:68%"
2026-07-01,MLB,ML,"Minnesota Twins @ Houston Astros",away,LOCK,4,1,WIN,69.09,59.13,6,"4b912c:70%,0f9d74:68%"
2026-07-01,MLB,ML,"Pittsburgh Pirates @ Philadelphia Phillies",away,WEAK,2.5,1,LOSS,73.93,69,6,"bc35e3:77%,4b912c:70%"
2026-07-01,MLB,ML,"Texas Rangers @ Cleveland Guardians",away,WEAK,2.5,1,LOSS,69.03,59.64,7,"9a69c2:70%,0f9d74:68%"
2026-07-01,SOC,ML,"Senegal @ Belgium",draw,LEAN,1,1,WIN,68.52,51.14,4,"9a69c2:70%,bd2d54:67%"
2026-07-02,MLB,ML,"Cincinnati Reds @ Milwaukee Brewers",home,WEAK,3,1,LOSS,83.93,63.85,7,"a82a75:95%,9a69c2:72%"
2026-07-02,MLB,ML,"Detroit Tigers @ Texas Rangers",away,LEAN,1,1,LOSS,67.93,67.93,2,"bc44b0:70%,eeabaf:66%"
2026-07-02,MLB,ML,"Miami Marlins @ Colorado Rockies",away,ELITE,4,1,LOSS,73.11,61.42,9,"45fc26:74%,9a69c2:72%"
2026-07-02,MLB,ML,"Pittsburgh Pirates @ Philadelphia Phillies",away,ELITE,2.5,1,WIN,71.76,68.67,3,"9a69c2:72%,4b912c:71%"
2026-07-02,MLB,ML,"Tampa Bay Rays @ Kansas City Royals",away,LOCK,5,1,WIN,66.98,58.29,5,"0f9d74:68%,5b1e50:66%"
2026-07-02,SOC,ML,"Algeria @ Switzerland",home,WEAK,2.5,1,WIN,75.03,62.03,6,"bc35e3:78%,9a69c2:72%"
2026-07-03,MLB,ML,"Milwaukee Brewers @ Arizona Diamondbacks",away,ELITE,1,1,WIN,68.99,62.77,3,"4b912c:72%,5b1e50:66%"
2026-07-03,MLB,ML,"Pittsburgh Pirates @ Washington Nationals",home,PREMIUM,5,1,WIN,63.96,59.1,4,"5b1e50:66%,ad88a3:62%"
2026-07-03,MLB,ML,"Tampa Bay Rays @ Houston Astros",away,PREMIUM,5,1,WIN,70.04,61.79,6,"4b912c:72%,0f9d74:68%"
2026-07-03,SOC,ML,"Cabo Verde @ Argentina",home,ELITE,1,1,LOSS,84.64,63.85,10,"a82a75:96%,40d814:73%"
2026-07-03,SOC,ML,"Egypt @ Australia",away,WEAK,2.5,1,LOSS,66.92,53.61,9,"0f9d74:68%,12ad50:66%"
2026-07-03,SOC,ML,"Ghana @ Colombia",home,ELITE,6,1,WIN,66.41,58.13,7,"946418:67%,5b1e50:66%"
2026-07-04,MLB,ML,"Baltimore Orioles @ Cincinnati Reds",away,PREMIUM,2.5,1,WIN,83.86,70.71,6,"a82a75:96%,7923c4:71%"
2026-07-04,MLB,ML,"Miami Marlins @ Athletics",away,WEAK,4,1,WIN,71.4,61.08,5,"9a69c2:73%,4b912c:70%"
2026-07-04,MLB,ML,"Milwaukee Brewers @ Arizona Diamondbacks",away,ELITE,5,1,LOSS,69.4,62.03,6,"4b912c:70%,0f9d74:69%"
2026-07-04,SOC,ML,"France @ Paraguay",away,ELITE,6,1,WIN,63.02,50.55,6,"5b1e50:66%,4edc5b:60%"
2026-07-04,SOC,ML,"Morocco @ Canada",away,WEAK,3,1,WIN,75.32,51.46,29,"bc35e3:78%,9a69c2:73%"
2026-07-05,MLB,ML,"Boston Red Sox @ Los Angeles Angels",away,LOCK,1,1,WIN,69.37,64.59,5,"0f9d74:70%,bc44b0:69%"
2026-07-05,MLB,ML,"Minnesota Twins @ New York Yankees",home,PREMIUM,4,1,LOSS,67.84,59.11,3,"0f9d74:70%,5b1e50:66%"
2026-07-05,MLB,ML,"New York Mets @ Atlanta Braves",home,LEAN,5,1,LOSS,83.65,64.24,8,"a82a75:97%,9a69c2:70%"
2026-07-05,MLB,ML,"St. Louis Cardinals @ Chicago Cubs",home,PREMIUM,4,1,WIN,69.29,66.66,4,"0f9d74:70%,4b912c:69%"
2026-07-05,MLB,ML,"Tampa Bay Rays @ Houston Astros",away,PREMIUM,2.5,1,LOSS,82.96,73.07,3,"a82a75:97%,4b912c:69%"
2026-07-05,SOC,ML,"England @ Mexico",away,WEAK,1.5,1,WIN,69.37,55.59,12,"0f9d74:70%,bc44b0:69%"
2026-07-05,SOC,ML,"Norway @ Brazil",home,LEAN,1,1,LOSS,64.39,48.53,12,"bc8b21:67%,e70853:62%"
2026-07-06,MLB,ML,"Arizona Diamondbacks @ San Diego Padres",away,LOCK,2.5,1,WIN,67.17,61.45,3,"4b912c:68%,5b1e50:66%"
2026-07-06,MLB,ML,"Houston Astros @ Washington Nationals",away,LOCK,2.5,1,LOSS,62.99,61.02,3,"eeabaf:65%,ad88a3:61%"
2026-07-06,MLB,ML,"Milwaukee Brewers @ St. Louis Cardinals",away,WEAK,4,1,WIN,68.9,62.88,6,"0f9d74:70%,4b912c:68%"
2026-07-06,MLB,ML,"Philadelphia Phillies @ Kansas City Royals",away,WEAK,3,1,LOSS,87.13,63.99,11,"a82a75:97%,bc35e3:77%"
2026-07-06,SOC,ML,"Belgium @ United States",home,WEAK,1.5,1,LOSS,70.64,54.36,20,"4f821d:71%,0f9d74:70%"
2026-07-06,SOC,ML,"Spain @ Portugal",away,WEAK,3,1,WIN,76.6,54.72,16,"ad4d8b:83%,0f9d74:70%"
2026-07-07,MLB,ML,"Atlanta Braves @ Pittsburgh Pirates",away,PREMIUM,2.5,1,LOSS,58.94,58.94,2,"eeabaf:66%,a10ff5:52%"
2026-07-07,MLB,ML,"Colorado Rockies @ Los Angeles Dodgers",home,LOCK,4,1,LOSS,74.39,61.97,8,"0cd77e:80%,4b912c:69%"
2026-07-07,MLB,ML,"Philadelphia Phillies @ Cincinnati Reds",away,PREMIUM,4,1,WIN,63.39,59.83,3,"eeabaf:66%,ad88a3:61%"
2026-07-07,MLB,ML,"Seattle Mariners @ Miami Marlins",away,LEAN,2.5,1,LOSS,73.13,66.39,6,"bc35e3:77%,4b912c:69%"
2026-07-07,SOC,ML,"Egypt @ Argentina",home,WEAK,4,1,WIN,79.25,48.63,8,"c29d59:100%,c911a4:59%"
2026-07-08,MLB,ML,"Cleveland Guardians @ Minnesota Twins",away,LOCK,2.5,1,LOSS,53.76,53.76,2,"4c64aa:58%,f2f960:50%"
2026-07-08,MLB,ML,"Colorado Rockies @ Los Angeles Dodgers",home,LOCK,5,1,WIN,73.47,63.48,7,"0cd77e:81%,eeabaf:66%"
2026-07-08,MLB,ML,"Toronto Blue Jays @ San Francisco Giants",home,LEAN,2.5,1,LOSS,68.62,67.6,3,"40d814:72%,4b912c:66%"
2026-07-09,MLB,ML,"Arizona Diamondbacks @ San Diego Padres",away,ELITE,2.5,1,WIN,74.79,73.23,3,"bc35e3:77%,0cd77e:72%"
2026-07-09,MLB,ML,"Colorado Rockies @ San Francisco Giants",home,ELITE,1,1,WIN,59.52,59.52,1,"f2f960:60%"
2026-07-09,SOC,ML,"Morocco @ France",home,ELITE,6,1,WIN,68.07,48.54,15,"348973:71%,e1f804:65%"
2026-07-10,MLB,ML,"Cleveland Guardians @ Miami Marlins",away,ELITE,2.5,1,WIN,83.5,79.09,3,"a82a75:90%,bc35e3:77%"
2026-07-10,MLB,ML,"Athletics @ Chicago White Sox",home,LEAN,5,1,WIN,66.76,61.91,4,"0cd77e:74%,705ba1:60%"
2026-07-10,MLB,ML,"Philadelphia Phillies @ Detroit Tigers",home,ELITE,6,1,WIN,71.21,71.21,2,"0cd77e:74%,ac9705:69%"
2026-07-10,MLB,ML,"Seattle Mariners @ Tampa Bay Rays",away,LEAN,2.5,1,LOSS,69.63,64.25,6,"0f9d74:70%,bc44b0:69%"
2026-07-11,MLB,ML,"Boston Red Sox @ New York Mets",home,LEAN,4,1,LOSS,67.09,62.17,3,"bc35e3:77%,4c64aa:57%"
2026-07-11,MLB,ML,"Houston Astros @ Texas Rangers",home,PREMIUM,3,1,LOSS,76.86,69.67,3,"a82a75:89%,7da3d5:65%"
2026-07-11,MLB,ML,"New York Yankees @ Washington Nationals",home,LOCK,4,1,LOSS,82.8,75.16,4,"a82a75:89%,bc35e3:77%"
2026-07-11,SOC,ML,"Switzerland @ Argentina",home,ELITE,4,1,LOSS,51.66,39.12,5,"c911a4:56%,a0cff6:47%"
2026-07-12,MLB,ML,"Atlanta Braves @ St. Louis Cardinals",home,ELITE,3,1,LOSS,66.67,66.67,1,"0cd77e:67%"
2026-07-12,MLB,ML,"Colorado Rockies @ San Francisco Giants",home,ELITE,3,1,WIN,61.59,61.59,2,"0cd77e:67%,cd2f63:57%"
2026-07-12,MLB,ML,"Milwaukee Brewers @ Pittsburgh Pirates",away,PREMIUM,2.5,1,LOSS,68.06,66.73,3,"0f9d74:69%,0cd77e:67%"
2026-06-03,MLB,SPREAD,"Los Angeles Dodgers @ Arizona Diamondbacks",away,LOCK,1,1,WIN,59.86,59.86,2,"1e8f33:62%,cd2f63:58%"
2026-06-03,NBA,SPREAD,"Knicks @ Spurs",away,WEAK,0.25,1,WIN,78.51,65.32,14,"b839b3:80%,cdb33b:77%"
2026-06-04,MLB,SPREAD,"Los Angeles Dodgers @ Arizona Diamondbacks",away,ELITE,5,1,LOSS,62.95,62.95,2,"1e8f33:68%,cd2f63:58%"
2026-06-05,MLB,SPREAD,"Tampa Bay Rays @ Miami Marlins",away,LEAN,0.5,1,WIN,68.75,68.75,1,"1e8f33:69%"
2026-06-05,NBA,SPREAD,"Knicks @ Spurs",home,WEAK,0.25,1,LOSS,93.75,68.24,9,"348973:100%,bbd49f:88%"
2026-06-07,MLB,SPREAD,"Pittsburgh Pirates @ Atlanta Braves",away,PREMIUM,3,1,WIN,59.45,59.45,2,"1e8f33:66%,10c684:53%"
2026-06-08,NBA,SPREAD,"Spurs @ Knicks",away,ELITE,5,1,WIN,79.56,68.14,8,"8ce2ce:80%,bc35e3:79%"
2026-06-09,MLB,SPREAD,"Chicago Cubs @ Colorado Rockies",home,PREMIUM,3,1,WIN,63.24,63.24,1,"1e8f33:63%"
2026-06-09,NHL,SPREAD,"Hurricanes @ Golden Knights",away,PREMIUM,1,1,WIN,66.14,66.14,1,"bc3532:66%"
2026-06-11,MLB,SPREAD,"Atlanta Braves @ Chicago White Sox",away,PREMIUM,2.5,1,PUSH,70.46,57.04,5,"5b1e50:74%,2f2a9e:67%"
2026-06-12,MLB,SPREAD,"Los Angeles Dodgers @ Chicago White Sox",away,LOCK,1,1,LOSS,63.27,63.27,1,"1e8f33:63%"
2026-06-12,MLB,SPREAD,"Philadelphia Phillies @ Milwaukee Brewers",home,LEAN,0.5,1,WIN,60.66,55.99,4,"1e8f33:63%,2f2a9e:58%"
2026-06-12,MLB,SPREAD,"Tampa Bay Rays @ Los Angeles Angels",away,LOCK,1,1,LOSS,63.27,63.27,1,"1e8f33:63%"
2026-06-13,MLB,SPREAD,"Arizona Diamondbacks @ Cincinnati Reds",away,LOCK,1,1,LOSS,62.39,62.39,1,"1e8f33:62%"
2026-06-13,MLB,SPREAD,"Detroit Tigers @ Cleveland Guardians",home,LOCK,1,1,WIN,62.39,62.39,1,"1e8f33:62%"
2026-06-13,MLB,SPREAD,"Los Angeles Dodgers @ Chicago White Sox",away,LOCK,1,1,WIN,61,61,2,"1e8f33:62%,2f2a9e:60%"
2026-06-13,MLB,SPREAD,"Tampa Bay Rays @ Los Angeles Angels",away,LOCK,1,1,LOSS,62.39,62.39,1,"1e8f33:62%"
2026-06-14,MLB,SPREAD,"Chicago Cubs @ San Francisco Giants",away,ELITE,5,1,LOSS,68.78,68.78,1,"eeabaf:69%"
2026-06-14,MLB,SPREAD,"Los Angeles Dodgers @ Chicago White Sox",away,PREMIUM,3,1,LOSS,62.77,62.77,2,"eeabaf:69%,2f2a9e:57%"
2026-06-14,MLB,SPREAD,"Miami Marlins @ Pittsburgh Pirates",away,LOCK,1,1,WIN,66.11,66.11,2,"5b1e50:75%,1e8f33:57%"
2026-06-15,MLB,SPREAD,"Colorado Rockies @ Chicago Cubs",away,PREMIUM,3,1,WIN,56.72,56.72,1,"1e8f33:57%"
2026-06-19,MLB,SPREAD,"Cincinnati Reds @ New York Yankees",home,PREMIUM,4,1,WIN,55.84,52.52,4,"cd2f63:57%,f2d227:55%"
2026-06-19,MLB,SPREAD,"Chicago White Sox @ Detroit Tigers",away,LOCK,3,1,WIN,53.11,53.11,1,"1e8f33:53%"
2026-06-25,MLB,SPREAD,"New York Yankees @ Boston Red Sox",away,ELITE,4,1,LOSS,61.97,58.36,3,"5b1e50:69%,f2d227:55%"
2026-06-26,MLB,SPREAD,"Philadelphia Phillies @ New York Mets",away,PREMIUM,2.5,1,LOSS,59.15,48.32,3,"eeabaf:68%,1e8f33:50%"
2026-06-27,MLB,SPREAD,"Miami Marlins @ St. Louis Cardinals",away,PREMIUM,4,1,WIN,59.33,59.33,2,"8ec926:64%,f2d227:55%"
2026-06-28,MLB,SPREAD,"Los Angeles Dodgers @ San Diego Padres",home,LEAN,3,1,LOSS,50.55,50.55,1,"1e8f33:51%"
2026-06-28,MLB,SPREAD,"Miami Marlins @ St. Louis Cardinals",away,LOCK,4,1,WIN,58.67,58.67,2,"8ec926:63%,f2d227:54%"
2026-06-30,MLB,SPREAD,"St. Louis Cardinals @ Atlanta Braves",away,PREMIUM,4,1,WIN,66.17,62.6,4,"4b912c:68%,5b1e50:64%"
2026-07-01,MLB,SPREAD,"Los Angeles Dodgers @ Athletics",away,WEAK,3,1,LOSS,51.06,51.06,1,"1e8f33:51%"
2026-07-01,MLB,SPREAD,"Pittsburgh Pirates @ Philadelphia Phillies",away,ELITE,5,1,LOSS,67.89,67.89,2,"4b912c:70%,5b1e50:65%"
2026-07-02,MLB,SPREAD,"Cincinnati Reds @ Milwaukee Brewers",away,LOCK,4,1,WIN,68.45,68.45,2,"4b912c:71%,5b1e50:66%"
2026-07-03,MLB,SPREAD,"Minnesota Twins @ New York Yankees",away,WEAK,3,1,LOSS,61.75,61.75,2,"4b912c:72%,1e8f33:52%"
2026-07-04,MLB,SPREAD,"Baltimore Orioles @ Cincinnati Reds",away,ELITE,4,1,WIN,68.05,60.18,3,"4b912c:70%,5b1e50:66%"
2026-07-04,MLB,SPREAD,"New York Mets @ Atlanta Braves",away,PREMIUM,4,1,LOSS,68.05,60.62,5,"4b912c:70%,5b1e50:66%"
2026-07-05,MLB,SPREAD,"San Diego Padres @ Los Angeles Dodgers",away,ELITE,6,1,WIN,73.37,62.1,6,"bc35e3:78%,4b912c:69%"
2026-07-07,MLB,SPREAD,"Atlanta Braves @ Pittsburgh Pirates",away,LEAN,3,1,LOSS,68.2,64.81,4,"4b912c:69%,bc44b0:68%"
2026-07-07,MLB,SPREAD,"Colorado Rockies @ Los Angeles Dodgers",away,LOCK,2.5,1,WIN,78.74,67.62,6,"0cd77e:80%,bc35e3:77%"
2026-07-08,MLB,SPREAD,"Atlanta Braves @ Pittsburgh Pirates",away,LEAN,1.5,1,WIN,67.01,63.58,4,"bc44b0:68%,4b912c:66%"
2026-07-08,MLB,SPREAD,"Colorado Rockies @ Los Angeles Dodgers",away,LOCK,2.5,1,WIN,79.23,67.38,5,"0cd77e:81%,bc35e3:77%"
2026-07-08,MLB,SPREAD,"Athletics @ Detroit Tigers",home,WEAK,2.5,1,WIN,65.63,65.63,2,"0cd77e:81%,f2f960:50%"
2026-07-09,MLB,SPREAD,"Atlanta Braves @ Pittsburgh Pirates",away,LEAN,2.5,1,WIN,66.14,62.92,3,"bc44b0:69%,7da3d5:64%"
2026-07-09,MLB,SPREAD,"Philadelphia Phillies @ Cincinnati Reds",away,LEAN,4,1,LOSS,60.99,60.99,2,"70135d:65%,cd2f63:56%"
2026-07-10,MLB,SPREAD,"Atlanta Braves @ St. Louis Cardinals",home,PREMIUM,4,1,WIN,59.09,59.09,1,"f2f960:59%"
2026-07-10,MLB,SPREAD,"Athletics @ Chicago White Sox",away,PREMIUM,5,1,LOSS,66.31,66.31,2,"0cd77e:74%,f2f960:59%"
2026-07-12,MLB,SPREAD,"Atlanta Braves @ St. Louis Cardinals",home,LEAN,1,1,LOSS,66.67,66.67,1,"0cd77e:67%"
2026-06-01,MLB,TOTAL,"Kansas City Royals @ Cincinnati Reds",under,LOCK,1,1,LOSS,71.71,66.5,6,"12192c:72%,7923c4:72%"
2026-06-01,MLB,TOTAL,"San Francisco Giants @ Milwaukee Brewers",under,ELITE,5,1,LOSS,62.51,62.51,2,"eeabaf:67%,cd2f63:58%"
2026-06-01,MLB,TOTAL,"Texas Rangers @ St. Louis Cardinals",under,PREMIUM,3,1,WIN,73.62,68.06,4,"f9e3d0:74%,b19a27:73%"
2026-06-02,MLB,TOTAL,"Cleveland Guardians @ New York Yankees",under,LOCK,1,1,LOSS,69.19,69.19,2,"7923c4:72%,7703d4:67%"
2026-06-02,MLB,TOTAL,"New York Mets @ Seattle Mariners",over,PREMIUM,3,1,WIN,60,60,1,"913987:60%"
2026-06-02,MLB,TOTAL,"Athletics @ Chicago Cubs",over,PREMIUM,3,1,LOSS,60,60,1,"913987:60%"
2026-06-02,NHL,TOTAL,"Golden Knights @ Hurricanes",over,ELITE,5,1,WIN,74.18,65.73,5,"b85eee:77%,4d2125:71%"
2026-06-03,MLB,TOTAL,"Kansas City Royals @ Cincinnati Reds",over,PREMIUM,3,1,LOSS,75,75,1,"913987:75%"
2026-06-03,MLB,TOTAL,"Miami Marlins @ Washington Nationals",over,ELITE,5,1,LOSS,74.16,69.48,4,"913987:75%,b19a27:73%"
2026-06-03,MLB,TOTAL,"San Diego Padres @ Philadelphia Phillies",over,WEAK,0.25,1,LOSS,61.71,60.33,3,"491f30:63%,8c1eae:61%"
2026-06-03,MLB,TOTAL,"San Francisco Giants @ Milwaukee Brewers",under,PREMIUM,2.5,1,WIN,72.03,72.03,1,"7923c4:72%"
2026-06-03,MLB,TOTAL,"Texas Rangers @ St. Louis Cardinals",under,ELITE,5,1,WIN,67.91,67.91,2,"b19a27:73%,491f30:63%"
2026-06-03,MLB,TOTAL,"Toronto Blue Jays @ Atlanta Braves",under,PREMIUM,2.5,1,LOSS,72.03,72.03,1,"7923c4:72%"
2026-06-04,MLB,TOTAL,"Cleveland Guardians @ New York Yankees",over,LOCK,1,1,LOSS,66.5,63.58,3,"913987:72%,8c1eae:61%"
2026-06-04,MLB,TOTAL,"San Francisco Giants @ Milwaukee Brewers",over,PREMIUM,3,1,WIN,64.97,64.97,2,"913987:72%,cd2f63:58%"
2026-06-04,MLB,TOTAL,"Toronto Blue Jays @ Atlanta Braves",under,ELITE,5,1,LOSS,72.53,67.6,3,"7923c4:73%,913987:72%"
2026-06-05,MLB,TOTAL,"Baltimore Orioles @ Toronto Blue Jays",over,PREMIUM,3,1,WIN,61.02,61.02,2,"e05213:65%,cd2f63:57%"
2026-06-05,MLB,TOTAL,"Boston Red Sox @ New York Yankees",over,LOCK,1,1,PUSH,73.25,73.25,1,"7923c4:73%"
2026-06-05,MLB,TOTAL,"Cincinnati Reds @ St. Louis Cardinals",over,LEAN,0.5,1,WIN,73.04,71.61,3,"7923c4:73%,b19a27:73%"
2026-06-05,MLB,TOTAL,"Pittsburgh Pirates @ Atlanta Braves",over,ELITE,2.5,1,WIN,71.43,71.43,1,"913987:71%"
2026-06-05,MLB,TOTAL,"San Francisco Giants @ Chicago Cubs",over,ELITE,5,1,WIN,75.93,69.73,3,"bc35e3:79%,7923c4:73%"
2026-06-06,MLB,TOTAL,"Baltimore Orioles @ Toronto Blue Jays",over,WEAK,0.25,1,WIN,72.79,65.47,6,"7923c4:74%,913987:72%"
2026-06-06,MLB,TOTAL,"Boston Red Sox @ New York Yankees",under,PREMIUM,3,1,WIN,59.68,59.68,1,"10c684:60%"
2026-06-06,MLB,TOTAL,"Cincinnati Reds @ St. Louis Cardinals",over,PREMIUM,3,1,WIN,73.17,69.04,4,"7923c4:74%,b19a27:73%"
2026-06-06,MLB,TOTAL,"Cleveland Guardians @ Texas Rangers",over,LOCK,1,1,LOSS,69.81,61.25,5,"7923c4:74%,7703d4:66%"
2026-06-06,MLB,TOTAL,"Chicago White Sox @ Philadelphia Phillies",over,ELITE,5,1,LOSS,67.79,67.79,1,"eeabaf:68%"
2026-06-06,MLB,TOTAL,"Los Angeles Angels @ Los Angeles Dodgers",under,ELITE,2.5,1,LOSS,72,72,1,"913987:72%"
2026-06-06,MLB,TOTAL,"New York Mets @ San Diego Padres",under,PREMIUM,3,1,WIN,64.62,64.62,2,"913987:72%,cd2f63:57%"
2026-06-06,MLB,TOTAL,"Athletics @ Houston Astros",under,LOCK,1,1,LOSS,61.25,61.25,1,"dfa240:61%"
2026-06-07,MLB,TOTAL,"Boston Red Sox @ New York Yankees",over,LEAN,0.5,1,LOSS,67.74,67.74,1,"12ad50:68%"
2026-06-07,MLB,TOTAL,"Cincinnati Reds @ St. Louis Cardinals",over,PREMIUM,3,1,LOSS,75.74,72.35,3,"bc35e3:79%,b19a27:73%"
2026-06-07,MLB,TOTAL,"Chicago White Sox @ Philadelphia Phillies",under,PREMIUM,3,1,LOSS,58.95,57.82,3,"8c1eae:61%,cd2f63:57%"
2026-06-07,MLB,TOTAL,"Kansas City Royals @ Minnesota Twins",over,WEAK,0.25,1,WIN,63.19,59.83,5,"e05213:64%,779ef0:63%"
2026-06-07,MLB,TOTAL,"Los Angeles Angels @ Los Angeles Dodgers",under,LEAN,0.5,1,LOSS,75.31,75.31,2,"972768:77%,913987:74%"
2026-06-07,MLB,TOTAL,"Milwaukee Brewers @ Colorado Rockies",over,LOCK,1,1,WIN,68.99,62.15,5,"7923c4:74%,8ec926:64%"
2026-06-07,MLB,TOTAL,"Athletics @ Houston Astros",over,ELITE,5,1,LOSS,60.53,60.53,2,"eeabaf:68%,10c684:53%"
2026-06-07,MLB,TOTAL,"San Francisco Giants @ Chicago Cubs",over,PREMIUM,3,1,LOSS,66.65,60.97,4,"eeabaf:68%,1e8f33:66%"
2026-06-07,MLB,TOTAL,"Tampa Bay Rays @ Miami Marlins",under,ELITE,5,1,WIN,64.19,60.3,4,"7703d4:66%,dcafd2:62%"
2026-06-07,MLB,TOTAL,"Washington Nationals @ Arizona Diamondbacks",under,LEAN,0.5,1,WIN,77.08,77.08,1,"972768:77%"
2026-06-08,MLB,TOTAL,"Cincinnati Reds @ San Diego Padres",under,PREMIUM,3,1,LOSS,62.68,62.68,2,"eeabaf:68%,cd2f63:57%"
2026-06-08,MLB,TOTAL,"Houston Astros @ Los Angeles Angels",over,PREMIUM,3,1,PUSH,70.87,69.42,3,"7923c4:74%,eeabaf:68%"
2026-06-08,MLB,TOTAL,"New York Yankees @ Cleveland Guardians",over,PREMIUM,2.5,1,WIN,71.17,64.96,4,"913987:76%,5b1e50:67%"
2026-06-08,MLB,TOTAL,"Washington Nationals @ San Francisco Giants",under,ELITE,2.5,1,WIN,63.64,63.64,1,"e05213:64%"
2026-06-08,NBA,TOTAL,"Spurs @ Knicks",under,LOCK,1,1,LOSS,73.33,60.57,6,"8ce2ce:80%,5b1e50:67%"
2026-06-09,MLB,TOTAL,"Arizona Diamondbacks @ Miami Marlins",over,ELITE,5,1,WIN,75.61,75.61,1,"913987:76%"
2026-06-09,MLB,TOTAL,"Boston Red Sox @ Tampa Bay Rays",over,LOCK,1,1,LOSS,69.93,66.36,4,"7923c4:73%,7703d4:67%"
2026-06-09,MLB,TOTAL,"Chicago Cubs @ Colorado Rockies",under,LEAN,0.5,1,WIN,75.61,75.61,1,"913987:76%"
2026-06-09,MLB,TOTAL,"Minnesota Twins @ Detroit Tigers",over,PREMIUM,3,1,WIN,66.6,63.35,3,"eeabaf:68%,5b1e50:65%"
2026-06-09,MLB,TOTAL,"Philadelphia Phillies @ Toronto Blue Jays",under,ELITE,5,1,WIN,63.64,63.64,1,"e05213:64%"
2026-06-09,NHL,TOTAL,"Hurricanes @ Golden Knights",under,ELITE,5,1,LOSS,67.75,62.79,4,"4d2125:75%,dfa240:60%"
2026-06-10,MLB,TOTAL,"Arizona Diamondbacks @ Miami Marlins",over,PREMIUM,3,1,LOSS,71.62,64.84,6,"913987:76%,7703d4:67%"
2026-06-10,MLB,TOTAL,"Boston Red Sox @ Tampa Bay Rays",over,LOCK,1,1,WIN,68.15,66.13,3,"7923c4:73%,dcafd2:63%"
2026-06-10,MLB,TOTAL,"Chicago Cubs @ Colorado Rockies",under,ELITE,5,1,WIN,74.88,64.73,5,"913987:76%,12192c:74%"
2026-06-10,MLB,TOTAL,"Houston Astros @ Los Angeles Angels",over,ELITE,5,1,LOSS,56.71,56.71,2,"1e8f33:61%,491f30:52%"
2026-06-10,MLB,TOTAL,"Los Angeles Dodgers @ Pittsburgh Pirates",over,ELITE,5,1,WIN,65.72,61.27,3,"7923c4:73%,e05213:58%"
2026-06-10,MLB,TOTAL,"New York Yankees @ Cleveland Guardians",over,PREMIUM,3,1,WIN,73.26,67.68,3,"913987:76%,5b1e50:71%"
2026-06-10,MLB,TOTAL,"St. Louis Cardinals @ New York Mets",over,PREMIUM,3,1,WIN,76,76,1,"913987:76%"
2026-06-10,MLB,TOTAL,"Texas Rangers @ Kansas City Royals",under,PREMIUM,3,1,LOSS,67.4,67.4,2,"12192c:74%,1e8f33:61%"
2026-06-10,MLB,TOTAL,"Washington Nationals @ San Francisco Giants",under,ELITE,5,1,LOSS,73.65,61.84,7,"972768:77%,5b1e50:71%"
2026-06-10,NBA,TOTAL,"Spurs @ Knicks",under,WEAK,0.25,1,WIN,78.75,65.04,11,"bc35e3:79%,f9e3d0:78%"
2026-06-11,MLB,TOTAL,"Texas Rangers @ Kansas City Royals",under,WEAK,0.25,1,WIN,74.46,67.28,5,"12192c:75%,5b1e50:74%"
2026-06-11,NHL,TOTAL,"Golden Knights @ Hurricanes",under,LEAN,0.5,1,PUSH,69.05,58.69,6,"4d2125:78%,c2aeea:60%"
2026-06-12,MLB,TOTAL,"Chicago Cubs @ San Francisco Giants",over,LOCK,1,1,LOSS,73.14,73.14,1,"7923c4:73%"
2026-06-12,MLB,TOTAL,"Seattle Mariners @ Washington Nationals",over,PREMIUM,3,1,WIN,77.66,69.7,6,"bc35e3:80%,5b1e50:76%"
2026-06-12,MLB,TOTAL,"St. Louis Cardinals @ Minnesota Twins",over,PREMIUM,3,1,WIN,49.78,49.78,2,"cd2f63:57%,491f30:43%"
2026-06-13,MLB,TOTAL,"Atlanta Braves @ New York Mets",under,ELITE,5,1,WIN,68.05,68.05,2,"eeabaf:69%,bc3532:67%"
2026-06-13,MLB,TOTAL,"Chicago Cubs @ San Francisco Giants",under,PREMIUM,3,1,WIN,70.05,67.49,3,"5b1e50:74%,70135d:66%"
2026-06-13,MLB,TOTAL,"New York Yankees @ Toronto Blue Jays",under,LOCK,1,1,WIN,72.88,72.88,1,"7923c4:73%"
2026-06-13,MLB,TOTAL,"Philadelphia Phillies @ Milwaukee Brewers",over,LEAN,0.5,1,WIN,62.39,62.39,1,"1e8f33:62%"
2026-06-13,MLB,TOTAL,"Texas Rangers @ Boston Red Sox",under,ELITE,5,1,LOSS,69.23,69.23,1,"eeabaf:69%"
2026-06-14,MLB,TOTAL,"Colorado Rockies @ Athletics",under,PREMIUM,3,1,LOSS,66.11,56.57,3,"5b1e50:75%,1e8f33:57%"
2026-06-14,NHL,TOTAL,"Hurricanes @ Golden Knights",under,ELITE,5,1,WIN,80,80,1,"4d2125:80%"
2026-06-16,MLB,TOTAL,"Colorado Rockies @ Chicago Cubs",over,PREMIUM,3,1,LOSS,64.97,61.83,3,"7923c4:73%,cd2f63:57%"
2026-06-16,MLB,TOTAL,"New York Mets @ Cincinnati Reds",over,ELITE,3,1,LOSS,64.97,59.76,4,"7923c4:73%,cd2f63:57%"
2026-06-17,MLB,TOTAL,"Baltimore Orioles @ Seattle Mariners",over,ELITE,3,1,WIN,47.88,47.88,2,"1e8f33:54%,491f30:42%"
2026-06-17,MLB,TOTAL,"Los Angeles Angels @ Arizona Diamondbacks",under,ELITE,3,1,WIN,53.75,53.75,1,"1e8f33:54%"
2026-06-17,MLB,TOTAL,"San Diego Padres @ St. Louis Cardinals",over,ELITE,3,1,LOSS,76.46,67.84,4,"bc35e3:79%,7923c4:74%"
2026-06-18,MLB,TOTAL,"New York Mets @ Philadelphia Phillies",over,PREMIUM,3,1,WIN,64.73,60.78,3,"5b1e50:73%,cd2f63:57%"
2026-06-18,MLB,TOTAL,"Toronto Blue Jays @ Boston Red Sox",under,PREMIUM,3,1,WIN,76.96,67.28,6,"bc35e3:79%,12192c:75%"
2026-06-19,MLB,TOTAL,"Pittsburgh Pirates @ Colorado Rockies",over,ELITE,3,1,LOSS,53.11,53.11,1,"1e8f33:53%"
2026-06-19,MLB,TOTAL,"Toronto Blue Jays @ Chicago Cubs",under,PREMIUM,3,1,LOSS,64.18,60.49,3,"bc44b0:72%,cd2f63:57%"
2026-06-20,MLB,TOTAL,"Milwaukee Brewers @ Atlanta Braves",under,PREMIUM,2,1,WIN,70.3,64.39,3,"972768:73%,eeabaf:68%"
2026-06-21,MLB,TOTAL,"Boston Red Sox @ Seattle Mariners",under,PREMIUM,2.5,1,WIN,74.48,68.58,6,"cdb33b:76%,7923c4:73%"
2026-06-21,MLB,TOTAL,"Chicago White Sox @ Detroit Tigers",under,PREMIUM,3,1,LOSS,69.02,63.43,3,"5b1e50:73%,8ec926:65%"
2026-06-22,MLB,TOTAL,"Baltimore Orioles @ Los Angeles Angels",over,PREMIUM,3,1,LOSS,52.24,52.24,1,"1e8f33:52%"
2026-06-22,MLB,TOTAL,"Chicago Cubs @ New York Mets",over,PREMIUM,3,1,WIN,61.81,61.81,2,"5b1e50:71%,1e8f33:52%"
2026-06-22,MLB,TOTAL,"Houston Astros @ Toronto Blue Jays",under,ELITE,3,1,WIN,66.5,59.95,4,"7923c4:73%,c668b3:60%"
2026-06-22,MLB,TOTAL,"New York Yankees @ Detroit Tigers",under,LOCK,4,1,WIN,70.06,66.71,3,"5b1e50:71%,45fc26:69%"
2026-06-23,MLB,TOTAL,"Milwaukee Brewers @ Cincinnati Reds",over,LOCK,2.5,1,LOSS,51.47,51.47,1,"1e8f33:51%"
2026-06-24,MLB,TOTAL,"Boston Red Sox @ Colorado Rockies",over,PREMIUM,4,1,WIN,73.47,65.89,4,"bc35e3:78%,5b1e50:69%"
2026-06-24,MLB,TOTAL,"Philadelphia Phillies @ Washington Nationals",over,PREMIUM,3,1,LOSS,50.68,50.68,1,"1e8f33:51%"
2026-06-24,MLB,TOTAL,"Seattle Mariners @ Pittsburgh Pirates",under,LEAN,4,1,LOSS,74.34,66.09,6,"cdb33b:76%,45fc26:73%"
2026-06-25,MLB,TOTAL,"Houston Astros @ Detroit Tigers",under,PREMIUM,4,1,WIN,59.85,59.85,2,"5b1e50:69%,2f2a9e:51%"
2026-06-26,MLB,TOTAL,"Chicago Cubs @ Milwaukee Brewers",under,ELITE,4,1,LOSS,68.3,68.3,1,"eeabaf:68%"
2026-06-27,MLB,TOTAL,"Houston Astros @ Detroit Tigers",under,WEAK,4,1,LOSS,71.39,68.87,3,"bc35e3:77%,5b1e50:65%"
2026-06-28,MLB,TOTAL,"Atlanta Braves @ San Francisco Giants",under,LEAN,1,1,WIN,71.69,68.08,3,"f9e3d0:79%,5b1e50:64%"
2026-06-28,MLB,TOTAL,"Chicago Cubs @ Milwaukee Brewers",under,LOCK,4,1,WIN,56.41,56.41,2,"5b1e50:64%,2f2a9e:48%"
2026-06-28,MLB,TOTAL,"Cincinnati Reds @ Pittsburgh Pirates",under,PREMIUM,4,1,LOSS,67.68,61.28,3,"bc44b0:71%,5b1e50:64%"
2026-06-28,MLB,TOTAL,"New York Yankees @ Boston Red Sox",under,PREMIUM,4,1,LOSS,65.81,62.49,3,"7923c4:72%,c668b3:59%"
2026-06-29,MLB,TOTAL,"Miami Marlins @ Colorado Rockies",over,LEAN,3,1,WIN,68.01,61.36,4,"7923c4:72%,5b1e50:64%"
2026-06-29,MLB,TOTAL,"San Diego Padres @ Chicago Cubs",under,WEAK,4,1,WIN,72.41,65.54,4,"bc35e3:78%,ad88a3:67%"
2026-06-30,MLB,TOTAL,"Chicago White Sox @ Baltimore Orioles",over,LOCK,4,1,WIN,85.14,73.18,5,"a82a75:100%,bc44b0:70%"
2026-06-30,MLB,TOTAL,"Detroit Tigers @ New York Yankees",under,PREMIUM,5,1,LOSS,69.06,63.07,8,"bc44b0:70%,4b912c:68%"
2026-06-30,MLB,TOTAL,"Pittsburgh Pirates @ Philadelphia Phillies",under,PREMIUM,1,1,WIN,66.17,60.36,3,"4b912c:68%,5b1e50:64%"
2026-06-30,MLB,TOTAL,"San Diego Padres @ Chicago Cubs",over,LOCK,5,1,WIN,70.41,64.25,5,"7923c4:73%,4b912c:68%"
2026-06-30,MLB,TOTAL,"St. Louis Cardinals @ Atlanta Braves",over,LEAN,5,1,LOSS,64.14,52.76,3,"4b912c:68%,b51a56:60%"
2026-06-30,MLB,TOTAL,"Texas Rangers @ Cleveland Guardians",under,LOCK,2.5,1,WIN,70.92,62.97,5,"12192c:74%,4b912c:68%"
2026-06-30,MLB,TOTAL,"Washington Nationals @ Boston Red Sox",under,LOCK,4,1,PUSH,60.61,60.61,2,"eeabaf:67%,a10ff5:55%"
2026-07-01,MLB,TOTAL,"Cincinnati Reds @ Milwaukee Brewers",under,ELITE,2.5,1,WIN,67.89,60.07,3,"4b912c:70%,5b1e50:65%"
2026-07-01,MLB,TOTAL,"Los Angeles Dodgers @ Athletics",under,PREMIUM,1,1,WIN,67.89,67.89,2,"4b912c:70%,5b1e50:65%"
2026-07-01,MLB,TOTAL,"San Diego Padres @ Chicago Cubs",under,ELITE,4,1,LOSS,74.13,65.78,5,"45fc26:78%,4b912c:70%"
2026-07-01,MLB,TOTAL,"Washington Nationals @ Boston Red Sox",under,PREMIUM,4,1,LOSS,62.92,58.31,3,"bc44b0:70%,cd2f63:56%"
2026-07-02,MLB,TOTAL,"Cincinnati Reds @ Milwaukee Brewers",under,PREMIUM,4,1,LOSS,85.93,72.12,5,"a82a75:95%,cdb33b:76%"
2026-07-02,MLB,TOTAL,"Detroit Tigers @ Texas Rangers",under,ELITE,6,1,LOSS,69.1,59.15,5,"9a69c2:72%,5b1e50:66%"
2026-07-02,MLB,TOTAL,"Los Angeles Angels @ Seattle Mariners",under,WEAK,2.5,1,WIN,58.81,55.76,3,"eeabaf:66%,a10ff5:52%"
2026-07-02,MLB,TOTAL,"Pittsburgh Pirates @ Philadelphia Phillies",over,ELITE,4,1,LOSS,70.63,60.78,6,"4b912c:71%,bc44b0:70%"
2026-07-03,MLB,TOTAL,"Baltimore Orioles @ Cincinnati Reds",under,LOCK,5,1,WIN,67.16,67.16,2,"4b912c:72%,ac9705:63%"
2026-07-03,MLB,TOTAL,"Chicago White Sox @ Cleveland Guardians",under,PREMIUM,5,1,WIN,73.87,62.68,5,"f9e3d0:78%,bc44b0:70%"
2026-07-03,MLB,TOTAL,"Milwaukee Brewers @ Arizona Diamondbacks",over,LEAN,4,1,WIN,68.99,68.99,2,"4b912c:72%,5b1e50:66%"
2026-07-03,MLB,TOTAL,"San Francisco Giants @ Colorado Rockies",under,PREMIUM,5,1,LOSS,51.68,51.68,1,"1e8f33:52%"
2026-07-03,MLB,TOTAL,"Tampa Bay Rays @ Houston Astros",under,PREMIUM,4,1,WIN,83.99,73.42,3,"a82a75:96%,4b912c:72%"
2026-07-04,MLB,TOTAL,"Detroit Tigers @ Texas Rangers",under,LEAN,5,1,WIN,63.57,59.76,3,"5b1e50:66%,ad88a3:61%"
2026-07-04,MLB,TOTAL,"Minnesota Twins @ New York Yankees",over,ELITE,4,1,WIN,68.05,66.67,3,"4b912c:70%,5b1e50:66%"
2026-07-04,MLB,TOTAL,"Pittsburgh Pirates @ Washington Nationals",under,PREMIUM,4,1,WIN,68.05,62.48,3,"4b912c:70%,5b1e50:66%"
2026-07-04,MLB,TOTAL,"San Francisco Giants @ Colorado Rockies",over,PREMIUM,5,1,LOSS,87.1,69.78,6,"a82a75:96%,bc35e3:78%"
2026-07-04,MLB,TOTAL,"St. Louis Cardinals @ Chicago Cubs",over,WEAK,3,1,LOSS,61.1,61.1,2,"4b912c:70%,1e8f33:52%"
2026-07-05,MLB,TOTAL,"Milwaukee Brewers @ Arizona Diamondbacks",over,PREMIUM,1,1,LOSS,67.59,65.06,3,"4b912c:69%,5b1e50:66%"
2026-07-05,MLB,TOTAL,"Minnesota Twins @ New York Yankees",under,ELITE,3,1,WIN,46.92,46.92,2,"a10ff5:52%,f2f960:42%"
2026-07-05,MLB,TOTAL,"Philadelphia Phillies @ Kansas City Royals",over,PREMIUM,4,1,LOSS,67.59,63.79,3,"4b912c:69%,5b1e50:66%"
2026-07-05,MLB,TOTAL,"San Francisco Giants @ Colorado Rockies",over,PREMIUM,2.5,1,PUSH,76.7,63.22,10,"bc35e3:78%,f9e3d0:76%"
2026-07-05,MLB,TOTAL,"Tampa Bay Rays @ Houston Astros",under,PREMIUM,4,1,WIN,82.96,82.96,2,"a82a75:97%,4b912c:69%"
2026-07-06,MLB,TOTAL,"New York Mets @ Atlanta Braves",over,ELITE,4,1,WIN,67.17,66.6,3,"4b912c:68%,5b1e50:66%"
2026-07-07,MLB,TOTAL,"Houston Astros @ Washington Nationals",under,LEAN,1,1,WIN,67.26,67.26,2,"4b912c:69%,eeabaf:66%"
2026-07-07,MLB,TOTAL,"Los Angeles Angels @ Texas Rangers",under,PREMIUM,3,1,LOSS,63.39,63.39,2,"eeabaf:66%,ad88a3:61%"
2026-07-07,MLB,TOTAL,"Milwaukee Brewers @ St. Louis Cardinals",over,LOCK,4,1,LOSS,73.33,73.33,2,"0cd77e:80%,7da3d5:67%"
2026-07-08,MLB,TOTAL,"Chicago Cubs @ Baltimore Orioles",over,WEAK,4,1,WIN,73.96,63.14,5,"0cd77e:81%,aa9fb4:67%"
2026-07-08,MLB,TOTAL,"Colorado Rockies @ Los Angeles Dodgers",under,LOCK,4,1,WIN,58.71,55.19,4,"7da3d5:64%,2f2a9e:54%"
2026-07-09,MLB,TOTAL,"Chicago Cubs @ Baltimore Orioles",over,LOCK,4,1,LOSS,61.01,61.01,2,"aa9fb4:63%,f2f960:60%"
2026-07-09,MLB,TOTAL,"Milwaukee Brewers @ St. Louis Cardinals",over,LEAN,5,1,WIN,63.12,63.12,2,"0cd77e:72%,2f2a9e:54%"
2026-07-10,MLB,TOTAL,"Cleveland Guardians @ Miami Marlins",under,ELITE,4,1,WIN,73.53,73.53,1,"0cd77e:74%"
2026-07-10,MLB,TOTAL,"New York Yankees @ Washington Nationals",over,LOCK,5,1,LOSS,66.86,65.41,3,"ac9705:69%,7da3d5:65%"
2026-07-11,MLB,TOTAL,"Milwaukee Brewers @ Pittsburgh Pirates",over,LEAN,3,1,LOSS,57.72,57.72,2,"7da3d5:65%,a10ff5:50%"
2026-07-12,MLB,TOTAL,"Seattle Mariners @ Tampa Bay Rays",under,PREMIUM,4,1,LOSS,72.01,66.46,5,"bc35e3:77%,bc44b0:67%"