date,sport,mkt,matchup,side,agsTier,units,staked,tracked,outcome,top2Pct,nFor
2026-06-01,MLB,ML,"Chicago White Sox @ Minnesota Twins",home,PREMIUM,3,1,0,WIN,72.4,6
2026-06-01,MLB,ML,"Detroit Tigers @ Tampa Bay Rays",away,LOCK,1,1,0,WIN,66.11,3
2026-06-01,MLB,ML,"Kansas City Royals @ Cincinnati Reds",away,PREMIUM,2.5,1,0,WIN,74.06,7
2026-06-01,MLB,ML,"Los Angeles Dodgers @ Arizona Diamondbacks",home,FADE,0,0,1,WIN,57.61,1
2026-06-01,MLB,ML,"Miami Marlins @ Washington Nationals",home,LEAN,0.5,1,0,LOSS,59.64,2
2026-06-01,MLB,ML,"New York Mets @ Seattle Mariners",home,FADE,0,0,1,WIN,80.87,3
2026-06-01,MLB,ML,"San Francisco Giants @ Milwaukee Brewers",away,FADE,0,0,1,LOSS,73.98,9
2026-06-02,MLB,ML,"Cleveland Guardians @ New York Yankees",home,WEAK,0.25,1,0,LOSS,74.44,7
2026-06-02,MLB,ML,"Colorado Rockies @ Los Angeles Angels",away,FADE,0,0,1,WIN,76.32,6
2026-06-02,MLB,ML,"Chicago White Sox @ Minnesota Twins",home,FADE,0,0,1,WIN,68.57,3
2026-06-02,MLB,ML,"Detroit Tigers @ Tampa Bay Rays",away,ELITE,2.5,1,0,WIN,71.61,6
2026-06-02,MLB,ML,"Kansas City Royals @ Cincinnati Reds",home,FADE,0,0,1,WIN,74.59,8
2026-06-02,MLB,ML,"Miami Marlins @ Washington Nationals",away,LEAN,0.5,1,0,WIN,62.31,3
2026-06-02,MLB,ML,"Pittsburgh Pirates @ Houston Astros",home,LOCK,1,1,0,LOSS,58.9,1
2026-06-02,MLB,ML,"San Diego Padres @ Philadelphia Phillies",away,FADE,0,0,1,LOSS,78.79,9
2026-06-02,MLB,ML,"San Francisco Giants @ Milwaukee Brewers",away,FADE,0,0,1,LOSS,75.21,6
2026-06-02,MLB,ML,"Texas Rangers @ St. Louis Cardinals",home,LOCK,1,1,0,LOSS,58.9,1
2026-06-02,MLB,ML,"Toronto Blue Jays @ Atlanta Braves",away,ELITE,2.5,1,0,LOSS,67.03,4
2026-06-02,NHL,ML,"Golden Knights @ Hurricanes",home,FADE,0,0,1,LOSS,75.48,8
2026-06-03,MLB,ML,"Baltimore Orioles @ Boston Red Sox",home,LEAN,0.5,1,0,WIN,77.39,8
2026-06-03,MLB,ML,"Cleveland Guardians @ New York Yankees",away,LOCK,1,1,0,WIN,74.16,8
2026-06-03,MLB,ML,"Chicago White Sox @ Minnesota Twins",home,FADE,0,0,1,LOSS,72.69,5
2026-06-03,MLB,ML,"Detroit Tigers @ Tampa Bay Rays",away,LOCK,1,1,0,WIN,75,5
2026-06-03,MLB,ML,"Los Angeles Dodgers @ Arizona Diamondbacks",home,PREMIUM,1.5,1,0,LOSS,68.14,4
2026-06-03,MLB,ML,"Miami Marlins @ Washington Nationals",home,LEAN,0.5,1,0,LOSS,66.46,6
2026-06-03,MLB,ML,"Athletics @ Chicago Cubs",away,LEAN,0.5,1,0,WIN,59.05,3
2026-06-03,MLB,ML,"Pittsburgh Pirates @ Houston Astros",away,PREMIUM,3,1,0,LOSS,68.14,3
2026-06-03,MLB,ML,"San Diego Padres @ Philadelphia Phillies",home,ELITE,5,1,0,WIN,76.66,8
2026-06-03,MLB,ML,"San Francisco Giants @ Milwaukee Brewers",home,FADE,0,0,1,LOSS,60.83,3
2026-06-03,MLB,ML,"Texas Rangers @ St. Louis Cardinals",home,PREMIUM,3,1,0,WIN,60.53,1
2026-06-03,MLB,ML,"Toronto Blue Jays @ Atlanta Braves",home,LEAN,0.5,1,0,WIN,68.58,5
2026-06-03,NBA,ML,"Knicks @ Spurs",home,WEAK,0.25,1,0,LOSS,73.96,12
2026-06-04,MLB,ML,"Baltimore Orioles @ Boston Red Sox",away,LEAN,0.5,1,0,WIN,64.1,2
2026-06-04,MLB,ML,"Kansas City Royals @ Minnesota Twins",home,LOCK,1,1,0,LOSS,61.59,4
2026-06-04,MLB,ML,"Los Angeles Dodgers @ Arizona Diamondbacks",home,ELITE,2.5,1,0,WIN,70.97,5
2026-06-04,MLB,ML,"Athletics @ Chicago Cubs",home,ELITE,5,1,0,WIN,70.97,5
2026-06-04,MLB,ML,"Pittsburgh Pirates @ Houston Astros",away,WEAK,0.25,1,0,WIN,67.86,5
2026-06-04,MLB,ML,"San Diego Padres @ Philadelphia Phillies",home,LOCK,1,1,0,WIN,69.76,7
2026-06-04,MLB,ML,"San Francisco Giants @ Milwaukee Brewers",home,LOCK,1,1,0,LOSS,66.81,4
2026-06-04,MLB,ML,"Toronto Blue Jays @ Atlanta Braves",home,LEAN,0.5,1,0,LOSS,72.53,11
2026-06-04,NHL,ML,"Golden Knights @ Hurricanes",home,WEAK,0.25,1,0,WIN,74.33,8
2026-06-05,MLB,ML,"Baltimore Orioles @ Toronto Blue Jays",home,WEAK,0.25,1,0,LOSS,67.47,5
2026-06-05,MLB,ML,"Boston Red Sox @ New York Yankees",away,LEAN,0.5,1,0,WIN,69.75,7
2026-06-05,MLB,ML,"Cincinnati Reds @ St. Louis Cardinals",home,LEAN,0.5,1,0,WIN,62.85,5
2026-06-05,MLB,ML,"Cleveland Guardians @ Texas Rangers",away,ELITE,5,1,0,LOSS,64.38,2
2026-06-05,MLB,ML,"Chicago White Sox @ Philadelphia Phillies",home,ELITE,5,1,0,WIN,71.09,5
2026-06-05,MLB,ML,"Los Angeles Angels @ Los Angeles Dodgers",home,LOCK,1,1,0,WIN,62.85,2
2026-06-05,MLB,ML,"Athletics @ Houston Astros",away,LOCK,1,1,0,LOSS,62.07,1
2026-06-05,MLB,ML,"Pittsburgh Pirates @ Atlanta Braves",home,LOCK,1,1,0,WIN,70.93,8
2026-06-05,MLB,ML,"San Francisco Giants @ Chicago Cubs",home,LOCK,1,1,0,LOSS,72.4,6
2026-06-05,MLB,ML,"Tampa Bay Rays @ Miami Marlins",away,PREMIUM,3,1,0,WIN,69.75,3
2026-06-05,NBA,ML,"Knicks @ Spurs",home,WEAK,0.25,1,0,LOSS,83.06,14
2026-06-06,MLB,ML,"Boston Red Sox @ New York Yankees",home,FADE,0,0,1,LOSS,68.42,5
2026-06-06,MLB,ML,"Cincinnati Reds @ St. Louis Cardinals",home,PREMIUM,3,1,0,WIN,60.66,5
2026-06-06,MLB,ML,"Cleveland Guardians @ Texas Rangers",home,FADE,0,0,1,LOSS,73.82,9
2026-06-06,MLB,ML,"Chicago White Sox @ Philadelphia Phillies",home,LEAN,0.5,1,0,LOSS,71.44,5
2026-06-06,MLB,ML,"Kansas City Royals @ Minnesota Twins",home,FADE,0,0,1,LOSS,60.11,3
2026-06-06,MLB,ML,"Los Angeles Angels @ Los Angeles Dodgers",home,PREMIUM,3,1,0,WIN,60.66,3
2026-06-06,MLB,ML,"New York Mets @ San Diego Padres",away,FADE,0,0,1,LOSS,64.07,2
2026-06-06,MLB,ML,"Athletics @ Houston Astros",home,ELITE,5,1,0,WIN,64.28,2
2026-06-06,MLB,ML,"Pittsburgh Pirates @ Atlanta Braves",home,FADE,0,0,1,WIN,68.78,8
2026-06-06,MLB,ML,"Seattle Mariners @ Detroit Tigers",home,ELITE,2.5,1,0,LOSS,69.33,5
2026-06-06,MLB,ML,"San Francisco Giants @ Chicago Cubs",home,FADE,0,0,1,WIN,74.78,7
2026-06-06,MLB,ML,"Washington Nationals @ Arizona Diamondbacks",home,ELITE,5,1,0,LOSS,71.44,4
2026-06-06,NHL,ML,"Hurricanes @ Golden Knights",away,FADE,0,0,1,LOSS,64.07,4
2026-06-07,MLB,ML,"Baltimore Orioles @ Toronto Blue Jays",home,PREMIUM,3,1,0,WIN,63.35,2
2026-06-07,MLB,ML,"Boston Red Sox @ New York Yankees",away,FADE,0,0,1,LOSS,73.48,7
2026-06-07,MLB,ML,"Cincinnati Reds @ St. Louis Cardinals",home,ELITE,5,1,0,WIN,55.86,3
2026-06-07,MLB,ML,"Cleveland Guardians @ Texas Rangers",home,LOCK,1,1,0,WIN,64.18,4
2026-06-07,MLB,ML,"Chicago White Sox @ Philadelphia Phillies",home,PREMIUM,3,1,0,WIN,68.8,6
2026-06-07,MLB,ML,"Kansas City Royals @ Minnesota Twins",away,WEAK,0.25,1,0,WIN,70.63,3
2026-06-07,MLB,ML,"Los Angeles Angels @ Los Angeles Dodgers",home,WEAK,0.25,1,0,LOSS,63.27,4
2026-06-07,MLB,ML,"Milwaukee Brewers @ Colorado Rockies",home,LEAN,0.5,1,0,LOSS,63.36,2
2026-06-07,MLB,ML,"New York Mets @ San Diego Padres",away,FADE,0,0,1,WIN,66.02,5
2026-06-07,MLB,ML,"Athletics @ Houston Astros",home,LOCK,1,1,0,LOSS,58.97,1
2026-06-07,MLB,ML,"Pittsburgh Pirates @ Atlanta Braves",home,FADE,0,0,1,WIN,74.37,8
2026-06-07,MLB,ML,"Seattle Mariners @ Detroit Tigers",home,LEAN,0.5,1,0,WIN,67.89,3
2026-06-07,MLB,ML,"San Francisco Giants @ Chicago Cubs",away,WEAK,0.25,1,0,WIN,77.43,2
2026-06-07,MLB,ML,"Tampa Bay Rays @ Miami Marlins",home,LOCK,1,1,0,WIN,63.35,2
2026-06-07,MLB,ML,"Washington Nationals @ Arizona Diamondbacks",home,LEAN,0.5,1,0,WIN,71.71,5
2026-06-08,MLB,ML,"Boston Red Sox @ Tampa Bay Rays",away,PREMIUM,3,1,0,LOSS,66.44,7
2026-06-08,MLB,ML,"Cincinnati Reds @ San Diego Padres",home,PREMIUM,3,1,0,WIN,71.17,3
2026-06-08,MLB,ML,"Houston Astros @ Los Angeles Angels",away,PREMIUM,3,1,0,WIN,63.69,5
2026-06-08,MLB,ML,"Milwaukee Brewers @ Athletics",away,PREMIUM,3,1,0,WIN,66.44,6
2026-06-08,MLB,ML,"New York Yankees @ Cleveland Guardians",home,LOCK,1,1,0,LOSS,68.53,6
2026-06-08,MLB,ML,"Philadelphia Phillies @ Toronto Blue Jays",away,FADE,0,0,1,WIN,65.87,6
2026-06-08,MLB,ML,"Washington Nationals @ San Francisco Giants",away,PREMIUM,1.5,1,0,WIN,72.52,3
2026-06-08,NBA,ML,"Spurs @ Knicks",home,WEAK,0.25,1,0,LOSS,73.32,13
2026-06-09,MLB,ML,"Arizona Diamondbacks @ Miami Marlins",away,WEAK,0.25,1,0,LOSS,77.07,8
2026-06-09,MLB,ML,"Atlanta Braves @ Chicago White Sox",away,LEAN,0.5,1,0,LOSS,72.66,6
2026-06-09,MLB,ML,"Boston Red Sox @ Tampa Bay Rays",away,LOCK,1,1,0,LOSS,65.42,7
2026-06-09,MLB,ML,"Chicago Cubs @ Colorado Rockies",away,LOCK,1,1,0,LOSS,57.84,2
2026-06-09,MLB,ML,"Cincinnati Reds @ San Diego Padres",away,ELITE,5,1,0,WIN,79.26,5
2026-06-09,MLB,ML,"Houston Astros @ Los Angeles Angels",away,WEAK,0.25,1,0,LOSS,62.84,5
2026-06-09,MLB,ML,"Los Angeles Dodgers @ Pittsburgh Pirates",home,LOCK,1,1,0,LOSS,70.57,5
2026-06-09,MLB,ML,"Milwaukee Brewers @ Athletics",home,ELITE,5,1,0,WIN,64.54,7
2026-06-09,MLB,ML,"Minnesota Twins @ Detroit Tigers",away,PREMIUM,2.5,1,0,LOSS,62.48,3
2026-06-09,MLB,ML,"New York Yankees @ Cleveland Guardians",away,LEAN,0.5,1,0,WIN,68.33,7
2026-06-09,MLB,ML,"Philadelphia Phillies @ Toronto Blue Jays",home,ELITE,2.5,1,0,WIN,68.33,8
2026-06-09,MLB,ML,"Seattle Mariners @ Baltimore Orioles",home,LOCK,1,1,0,LOSS,69.83,6
2026-06-09,MLB,ML,"Texas Rangers @ Kansas City Royals",away,LOCK,1,1,0,LOSS,62.33,4
2026-06-09,NHL,ML,"Hurricanes @ Golden Knights",away,FADE,0,0,1,WIN,76.04,8
2026-06-10,MLB,ML,"Atlanta Braves @ Chicago White Sox",away,PREMIUM,3,1,0,LOSS,65.78,4
2026-06-10,MLB,ML,"Boston Red Sox @ Tampa Bay Rays",away,LOCK,1,1,0,LOSS,76.08,17
2026-06-10,MLB,ML,"Chicago Cubs @ Colorado Rockies",away,LOCK,1,1,0,LOSS,70.75,6
2026-06-10,MLB,ML,"Cincinnati Reds @ San Diego Padres",away,LEAN,0.5,1,0,LOSS,76.87,6
2026-06-10,MLB,ML,"Houston Astros @ Los Angeles Angels",home,WEAK,0.25,1,0,WIN,68.52,3
2026-06-10,MLB,ML,"Los Angeles Dodgers @ Pittsburgh Pirates",home,LOCK,1,1,0,WIN,71.81,4
2026-06-10,MLB,ML,"Milwaukee Brewers @ Athletics",away,ELITE,5,1,0,LOSS,73.49,4
2026-06-10,MLB,ML,"Minnesota Twins @ Detroit Tigers",away,LOCK,1,1,0,WIN,58.33,1
2026-06-10,MLB,ML,"Philadelphia Phillies @ Toronto Blue Jays",away,FADE,0,0,1,WIN,78.32,7
2026-06-10,MLB,ML,"Seattle Mariners @ Baltimore Orioles",home,PREMIUM,2.5,1,0,WIN,72.04,7
2026-06-10,MLB,ML,"St. Louis Cardinals @ New York Mets",home,LOCK,1,1,0,LOSS,58.33,1
2026-06-10,MLB,ML,"Texas Rangers @ Kansas City Royals",away,LOCK,1,1,0,WIN,63.48,3
2026-06-10,MLB,ML,"Washington Nationals @ San Francisco Giants",away,ELITE,5,1,0,LOSS,72.99,7
2026-06-10,NBA,ML,"Spurs @ Knicks",away,WEAK,0.25,1,0,LOSS,73.16,13
2026-06-11,MLB,ML,"Arizona Diamondbacks @ Miami Marlins",away,LOCK,1,1,0,LOSS,78.04,5
2026-06-11,MLB,ML,"Atlanta Braves @ Chicago White Sox",away,LEAN,0.5,1,0,PUSH,74.46,6
2026-06-11,MLB,ML,"Chicago Cubs @ Colorado Rockies",home,ELITE,5,1,0,LOSS,75.92,4
2026-06-11,MLB,ML,"Los Angeles Dodgers @ Pittsburgh Pirates",away,LEAN,0.5,1,0,WIN,78.04,7
2026-06-11,MLB,ML,"Minnesota Twins @ Detroit Tigers",away,FADE,0,0,1,LOSS,72.45,3
2026-06-11,MLB,ML,"Seattle Mariners @ Baltimore Orioles",away,LEAN,0.5,1,0,LOSS,75.93,5
2026-06-11,MLB,ML,"St. Louis Cardinals @ New York Mets",home,ELITE,5,1,0,WIN,68.33,9
2026-06-11,MLB,ML,"Texas Rangers @ Kansas City Royals",away,LOCK,1,1,0,WIN,66.22,5
2026-06-11,NHL,ML,"Golden Knights @ Hurricanes",home,FADE,0,0,1,WIN,75.13,6
2026-06-12,MLB,ML,"Arizona Diamondbacks @ Cincinnati Reds",away,FADE,0,0,1,WIN,78.74,4
2026-06-12,MLB,ML,"Atlanta Braves @ New York Mets",home,ELITE,5,1,0,WIN,69.57,4
2026-06-12,MLB,ML,"Chicago Cubs @ San Francisco Giants",home,PREMIUM,3,1,0,LOSS,50.46,2
2026-06-12,MLB,ML,"Colorado Rockies @ Athletics",home,LEAN,0.5,1,0,WIN,62.19,3
2026-06-12,MLB,ML,"Detroit Tigers @ Cleveland Guardians",away,WEAK,0.25,1,0,LOSS,66.89,2
2026-06-12,MLB,ML,"Houston Astros @ Kansas City Royals",away,LOCK,1,1,0,WIN,69.46,3
2026-06-12,MLB,ML,"Los Angeles Dodgers @ Chicago White Sox",home,ELITE,2.5,1,0,WIN,78.81,6
2026-06-12,MLB,ML,"Miami Marlins @ Pittsburgh Pirates",home,PREMIUM,3,1,0,LOSS,61.89,5
2026-06-12,MLB,ML,"New York Yankees @ Toronto Blue Jays",home,FADE,0,0,1,WIN,73.02,4
2026-06-12,MLB,ML,"Philadelphia Phillies @ Milwaukee Brewers",home,FADE,0,0,1,WIN,71.7,4
2026-06-12,MLB,ML,"San Diego Padres @ Baltimore Orioles",away,WEAK,0.25,1,0,LOSS,69.57,3
2026-06-12,MLB,ML,"Seattle Mariners @ Washington Nationals",away,LOCK,1,1,0,WIN,64.97,4
2026-06-12,MLB,ML,"St. Louis Cardinals @ Minnesota Twins",home,LEAN,0.5,1,0,WIN,73.02,5
2026-06-13,MLB,ML,"Arizona Diamondbacks @ Cincinnati Reds",away,ELITE,5,1,0,LOSS,65.81,5
2026-06-13,MLB,ML,"Atlanta Braves @ New York Mets",away,PREMIUM,3,1,0,WIN,71.51,6
2026-06-13,MLB,ML,"Chicago Cubs @ San Francisco Giants",away,WEAK,0.25,1,0,WIN,71.51,5
2026-06-13,MLB,ML,"Colorado Rockies @ Athletics",away,PREMIUM,2.5,1,0,LOSS,66.35,2
2026-06-13,MLB,ML,"Detroit Tigers @ Cleveland Guardians",home,ELITE,2.5,1,0,WIN,51.19,2
2026-06-13,MLB,ML,"Miami Marlins @ Pittsburgh Pirates",away,PREMIUM,2.5,1,0,LOSS,61.19,3
2026-06-13,MLB,ML,"New York Yankees @ Toronto Blue Jays",away,FADE,0,0,1,WIN,71.51,7
2026-06-13,MLB,ML,"Philadelphia Phillies @ Milwaukee Brewers",home,PREMIUM,3,1,0,LOSS,67.99,3
2026-06-13,MLB,ML,"Seattle Mariners @ Washington Nationals",home,ELITE,5,1,0,WIN,65.81,5
2026-06-13,MLB,ML,"St. Louis Cardinals @ Minnesota Twins",home,FADE,0,0,1,LOSS,71.51,5
2026-06-13,MLB,ML,"Tampa Bay Rays @ Los Angeles Angels",away,FADE,0,0,1,LOSS,71.51,4
2026-06-13,MLB,ML,"Texas Rangers @ Boston Red Sox",home,LOCK,1,1,0,WIN,62.39,1
2026-06-13,NBA,ML,"Knicks @ Spurs",home,WEAK,0.25,1,0,LOSS,79.72,18
2026-06-14,MLB,ML,"Arizona Diamondbacks @ Cincinnati Reds",home,FADE,0,0,1,LOSS,73.42,2
2026-06-14,MLB,ML,"Atlanta Braves @ New York Mets",away,LOCK,1,1,0,LOSS,72.16,5
2026-06-14,MLB,ML,"Chicago Cubs @ San Francisco Giants",home,WEAK,0.25,1,0,WIN,77.32,4
2026-06-14,MLB,ML,"Colorado Rockies @ Athletics",home,ELITE,5,1,0,LOSS,73.33,6
2026-06-14,MLB,ML,"Houston Astros @ Kansas City Royals",away,PREMIUM,2.5,1,0,LOSS,57.36,1
2026-06-14,MLB,ML,"Los Angeles Dodgers @ Chicago White Sox",away,FADE,0,0,1,LOSS,70.97,3
2026-06-14,MLB,ML,"Miami Marlins @ Pittsburgh Pirates",home,FADE,0,0,1,LOSS,68.27,6
2026-06-14,MLB,ML,"New York Yankees @ Toronto Blue Jays",away,LOCK,1,1,0,WIN,70.97,4
2026-06-14,MLB,ML,"San Diego Padres @ Baltimore Orioles",home,FADE,0,0,1,LOSS,67.08,1
2026-06-14,MLB,ML,"Seattle Mariners @ Washington Nationals",away,FADE,0,0,1,LOSS,65.81,2
2026-06-14,MLB,ML,"St. Louis Cardinals @ Minnesota Twins",away,PREMIUM,3,1,0,LOSS,57.36,1
2026-06-14,MLB,ML,"Tampa Bay Rays @ Los Angeles Angels",away,WEAK,0.25,1,0,WIN,72.16,6
2026-06-14,MLB,ML,"Texas Rangers @ Boston Red Sox",away,FADE,0,0,1,WIN,74.33,7
2026-06-14,NHL,ML,"Hurricanes @ Golden Knights",away,WEAK,0.25,1,0,WIN,72.61,3
2026-06-14,SOC,ML,"Curaçao @ Germany",home,FADE,0,0,1,WIN,74.33,5
2026-06-14,SOC,ML,"Ecuador @ Côte d'Ivoire",away,FADE,0,0,1,LOSS,72.43,11
2026-06-14,SOC,ML,"Japan @ Netherlands",home,FADE,0,0,1,LOSS,81.79,10
2026-06-14,SOC,ML,"Tunisia @ Sweden",home,FADE,0,0,1,WIN,69.96,4
2026-06-15,MLB,ML,"Colorado Rockies @ Chicago Cubs",home,LOCK,0,0,1,WIN,59.16,1
2026-06-15,MLB,ML,"Los Angeles Angels @ Arizona Diamondbacks",away,LEAN,0,0,1,LOSS,77.27,5
2026-06-15,MLB,ML,"Miami Marlins @ Philadelphia Phillies",away,LEAN,0,0,1,LOSS,74.07,2
2026-06-15,MLB,ML,"Minnesota Twins @ Texas Rangers",home,WEAK,0,0,1,LOSS,58.33,3
2026-06-15,MLB,ML,"New York Mets @ Cincinnati Reds",home,LEAN,3,1,0,WIN,68.19,4
2026-06-15,MLB,ML,"San Diego Padres @ St. Louis Cardinals",home,LEAN,0,0,1,WIN,73.68,8
2026-06-15,MLB,ML,"Tampa Bay Rays @ Los Angeles Dodgers",home,WEAK,0,0,1,WIN,39.53,1
2026-06-15,SOC,ML,"Cabo Verde @ Spain",home,FADE,0,0,1,LOSS,78.1,8
2026-06-15,SOC,ML,"New Zealand @ IR Iran",home,WEAK,0,0,1,LOSS,75.96,9
2026-06-16,MLB,ML,"Baltimore Orioles @ Seattle Mariners",home,LOCK,0,0,1,WIN,58.8,1
2026-06-16,MLB,ML,"Cleveland Guardians @ Milwaukee Brewers",home,FADE,0,0,1,WIN,66.67,1
2026-06-16,MLB,ML,"Colorado Rockies @ Chicago Cubs",home,PREMIUM,0,0,1,LOSS,66.09,3
2026-06-16,MLB,ML,"Chicago White Sox @ New York Yankees",home,FADE,0,0,1,WIN,66.27,2
2026-06-16,MLB,ML,"Detroit Tigers @ Houston Astros",home,PREMIUM,4,1,0,WIN,80.53,8
2026-06-16,MLB,ML,"Kansas City Royals @ Washington Nationals",home,PREMIUM,6,1,0,WIN,73.83,8
2026-06-16,MLB,ML,"Los Angeles Angels @ Arizona Diamondbacks",away,WEAK,0,0,1,WIN,76.89,7
2026-06-16,MLB,ML,"Miami Marlins @ Philadelphia Phillies",home,LEAN,4,1,0,WIN,77.93,7
2026-06-16,MLB,ML,"Minnesota Twins @ Texas Rangers",away,FADE,0,0,1,WIN,66.67,1
2026-06-16,MLB,ML,"New York Mets @ Cincinnati Reds",away,LOCK,0,0,1,LOSS,66.54,3
2026-06-16,MLB,ML,"Pittsburgh Pirates @ Athletics",home,LEAN,0,0,1,LOSS,66.54,2
2026-06-16,MLB,ML,"San Diego Padres @ St. Louis Cardinals",away,LEAN,0,0,1,LOSS,62.73,2
2026-06-16,MLB,ML,"San Francisco Giants @ Atlanta Braves",home,LEAN,4,1,0,LOSS,74.76,7
2026-06-16,MLB,ML,"Tampa Bay Rays @ Los Angeles Dodgers",away,ELITE,0,0,1,LOSS,74.44,3
2026-06-16,MLB,ML,"Toronto Blue Jays @ Boston Red Sox",away,WEAK,0,0,1,WIN,73.83,6
2026-06-16,SOC,ML,"Norway @ Iraq",home,LOCK,0,0,1,LOSS,62.6,4
2026-06-17,MLB,ML,"Baltimore Orioles @ Seattle Mariners",away,WEAK,0,0,1,WIN,60,3
2026-06-17,MLB,ML,"Cleveland Guardians @ Milwaukee Brewers",away,PREMIUM,0,0,1,LOSS,63.25,3
2026-06-17,MLB,ML,"Colorado Rockies @ Chicago Cubs",home,FADE,0,0,1,WIN,69.92,4
2026-06-17,MLB,ML,"Chicago White Sox @ New York Yankees",home,ELITE,0,0,1,WIN,72.15,5
2026-06-17,MLB,ML,"Detroit Tigers @ Houston Astros",away,FADE,0,0,1,LOSS,72.26,3
2026-06-17,MLB,ML,"Kansas City Royals @ Washington Nationals",away,FADE,0,0,1,WIN,72.97,4
2026-06-17,MLB,ML,"Miami Marlins @ Philadelphia Phillies",away,ELITE,2.5,1,0,WIN,55.12,2
2026-06-17,MLB,ML,"New York Mets @ Cincinnati Reds",home,PREMIUM,0,0,1,LOSS,59.3,2
2026-06-17,MLB,ML,"San Francisco Giants @ Atlanta Braves",away,FADE,0,0,1,WIN,73.18,8
2026-06-17,MLB,ML,"Tampa Bay Rays @ Los Angeles Dodgers",home,WEAK,0,0,1,WIN,67.22,6
2026-06-17,MLB,ML,"Toronto Blue Jays @ Boston Red Sox",home,ELITE,3,1,0,LOSS,58.24,3
2026-06-17,SOC,ML,"DR Congo @ Portugal",away,ELITE,0,0,1,LOSS,53.45,2
2026-06-17,SOC,ML,"Colombia @ Uzbekistan",away,FADE,0,0,1,WIN,71.12,8
2026-06-17,SOC,ML,"Croatia @ England",home,LOCK,0,0,1,WIN,74.51,14
2026-06-17,SOC,ML,"Panama @ Ghana",home,LOCK,0,0,1,WIN,69.18,6
2026-06-18,MLB,ML,"Baltimore Orioles @ Seattle Mariners",home,LOCK,0,0,1,WIN,66.23,5
2026-06-18,MLB,ML,"Cleveland Guardians @ Milwaukee Brewers",home,PREMIUM,4,1,0,LOSS,67.12,3
2026-06-18,MLB,ML,"Chicago White Sox @ New York Yankees",home,FADE,0,0,1,LOSS,73.21,4
2026-06-18,MLB,ML,"Los Angeles Angels @ Athletics",home,PREMIUM,0,0,1,WIN,72.1,6
2026-06-18,MLB,ML,"New York Mets @ Philadelphia Phillies",away,PREMIUM,2.5,1,0,WIN,75.94,9
2026-06-18,MLB,ML,"Toronto Blue Jays @ Boston Red Sox",away,FADE,0,0,1,WIN,72,4
2026-06-18,SOC,ML,"Bosnia-Herzegovina @ Switzerland",home,FADE,0,0,1,WIN,59.22,5
2026-06-18,SOC,ML,"Korea Republic @ Mexico",home,ELITE,0,0,1,WIN,78.1,9
2026-06-18,SOC,ML,"Qatar @ Canada",away,FADE,0,0,1,LOSS,56.83,3
2026-06-18,SOC,ML,"South Africa @ Czechia",home,FADE,0,0,1,LOSS,83.13,19
2026-06-19,MLB,ML,"Baltimore Orioles @ Los Angeles Dodgers",home,PREMIUM,0,0,1,WIN,66.35,2
2026-06-19,MLB,ML,"Cincinnati Reds @ New York Yankees",away,PREMIUM,0,0,1,LOSS,69.63,2
2026-06-19,MLB,ML,"Cleveland Guardians @ Houston Astros",away,LOCK,0,0,1,LOSS,71.83,1
2026-06-19,MLB,ML,"Chicago White Sox @ Detroit Tigers",home,FADE,0,0,1,WIN,64.99,2
2026-06-19,MLB,ML,"Los Angeles Angels @ Athletics",away,PREMIUM,0,0,1,LOSS,63.98,2
2026-06-19,MLB,ML,"Milwaukee Brewers @ Atlanta Braves",home,WEAK,0,0,1,WIN,58.9,2
2026-06-19,MLB,ML,"Minnesota Twins @ Arizona Diamondbacks",home,PREMIUM,4,1,0,WIN,67.16,2
2026-06-19,MLB,ML,"San Diego Padres @ Texas Rangers",home,LEAN,0,0,1,WIN,58.13,1
2026-06-19,MLB,ML,"San Francisco Giants @ Miami Marlins",home,ELITE,0,0,1,WIN,65.13,1
2026-06-19,MLB,ML,"St. Louis Cardinals @ Kansas City Royals",home,FADE,0,0,1,WIN,64.98,2
2026-06-19,MLB,ML,"Toronto Blue Jays @ Chicago Cubs",home,FADE,0,0,1,WIN,65.74,1
2026-06-19,MLB,ML,"Washington Nationals @ Tampa Bay Rays",away,FADE,0,0,1,LOSS,63.62,2
2026-06-19,SOC,ML,"Australia @ United States",draw,FADE,0,0,1,LOSS,58.06,4
2026-06-19,SOC,ML,"Haiti @ Brazil",away,LEAN,0,0,1,LOSS,64.16,3
2026-06-19,SOC,ML,"Morocco @ Scotland",away,FADE,0,0,1,WIN,75.93,11
2026-06-19,SOC,ML,"Paraguay @ Türkiye",home,PREMIUM,0,0,1,LOSS,59.61,5
2026-06-20,MLB,ML,"Baltimore Orioles @ Los Angeles Dodgers",home,FADE,0,0,1,LOSS,71.72,4
2026-06-20,MLB,ML,"Cincinnati Reds @ New York Yankees",home,PREMIUM,4,1,0,LOSS,48.1,3
2026-06-20,MLB,ML,"Cleveland Guardians @ Houston Astros",home,FADE,0,0,1,LOSS,57.97,1
2026-06-20,MLB,ML,"Chicago White Sox @ Detroit Tigers",away,PREMIUM,0,0,1,LOSS,62.65,4
2026-06-20,MLB,ML,"Los Angeles Angels @ Athletics",away,FADE,0,0,1,WIN,52.43,1
2026-06-20,MLB,ML,"Minnesota Twins @ Arizona Diamondbacks",away,LEAN,0,0,1,WIN,70.33,4
2026-06-20,MLB,ML,"New York Mets @ Philadelphia Phillies",home,LOCK,4,1,0,WIN,78.44,4
2026-06-20,MLB,ML,"Pittsburgh Pirates @ Colorado Rockies",away,FADE,0,0,1,LOSS,68,1
2026-06-20,MLB,ML,"San Diego Padres @ Texas Rangers",home,FADE,0,0,1,LOSS,68.44,2
2026-06-20,MLB,ML,"San Francisco Giants @ Miami Marlins",home,ELITE,3,1,0,WIN,52.43,1
2026-06-20,MLB,ML,"Toronto Blue Jays @ Chicago Cubs",home,FADE,0,0,1,LOSS,69.6,2
2026-06-20,SOC,ML,"Côte d'Ivoire @ Germany",away,WEAK,0,0,1,LOSS,64.88,3
2026-06-20,SOC,ML,"Curaçao @ Ecuador",away,WEAK,0,0,1,LOSS,77.97,8
2026-06-21,MLB,ML,"Baltimore Orioles @ Los Angeles Dodgers",home,LOCK,3,1,0,LOSS,64.62,3
2026-06-21,MLB,ML,"Boston Red Sox @ Seattle Mariners",home,FADE,0,0,1,WIN,73.98,3
2026-06-21,MLB,ML,"Cincinnati Reds @ New York Yankees",home,LOCK,0,0,1,LOSS,75.72,4
2026-06-21,MLB,ML,"Cleveland Guardians @ Houston Astros",away,ELITE,0,0,1,LOSS,71.62,1
2026-06-21,MLB,ML,"Chicago White Sox @ Detroit Tigers",away,FADE,0,0,1,LOSS,69.81,1
2026-06-21,MLB,ML,"Milwaukee Brewers @ Atlanta Braves",away,WEAK,0,0,1,WIN,58.42,1
2026-06-21,MLB,ML,"New York Mets @ Philadelphia Phillies",home,PREMIUM,3,1,0,WIN,70.72,4
2026-06-21,MLB,ML,"Pittsburgh Pirates @ Colorado Rockies",home,LEAN,0,0,1,LOSS,69.05,3
2026-06-21,MLB,ML,"San Francisco Giants @ Miami Marlins",home,LEAN,0,0,1,WIN,58.42,1
2026-06-21,MLB,ML,"Washington Nationals @ Tampa Bay Rays",home,FADE,0,0,1,WIN,51.81,1
2026-06-21,SOC,ML,"Cabo Verde @ Uruguay",home,FADE,0,0,1,LOSS,73.4,6
2026-06-21,SOC,ML,"IR Iran @ Belgium",away,PREMIUM,0,0,1,LOSS,76.35,5
2026-06-21,SOC,ML,"Japan @ Tunisia",home,FADE,0,0,1,LOSS,63.68,2
2026-06-21,SOC,ML,"Saudi Arabia @ Spain",draw,LEAN,0,0,1,LOSS,57.38,3
2026-06-22,MLB,ML,"Arizona Diamondbacks @ St. Louis Cardinals",home,PREMIUM,0,0,1,WIN,52.24,1
2026-06-22,MLB,ML,"Atlanta Braves @ San Diego Padres",home,FADE,0,0,1,WIN,74.09,2
2026-06-22,MLB,ML,"Baltimore Orioles @ Los Angeles Angels",away,FADE,0,0,1,WIN,68.57,1
2026-06-22,MLB,ML,"Cleveland Guardians @ Chicago White Sox",away,FADE,0,0,1,LOSS,71.38,1
2026-06-22,MLB,ML,"Houston Astros @ Toronto Blue Jays",home,ELITE,3,1,0,WIN,68.57,1
2026-06-22,MLB,ML,"Kansas City Royals @ Tampa Bay Rays",home,LEAN,0,0,1,LOSS,51.04,2
2026-06-22,MLB,ML,"Los Angeles Dodgers @ Minnesota Twins",home,ELITE,0,0,1,LOSS,70.13,1
2026-06-22,MLB,ML,"Milwaukee Brewers @ Cincinnati Reds",home,ELITE,0,0,1,LOSS,70.13,1
2026-06-22,MLB,ML,"Philadelphia Phillies @ Washington Nationals",away,ELITE,0,0,1,LOSS,68.33,2
2026-06-22,SOC,ML,"Algeria @ Jordan",away,FADE,0,0,1,WIN,61.21,1
2026-06-22,SOC,ML,"Austria @ Argentina",draw,PREMIUM,0,0,1,LOSS,56.56,1
2026-06-22,SOC,ML,"Iraq @ France",home,WEAK,0,0,1,WIN,73.66,9
2026-06-22,SOC,ML,"Senegal @ Norway",home,PREMIUM,0,0,1,WIN,83.13,12
2026-06-23,MLB,ML,"Arizona Diamondbacks @ St. Louis Cardinals",home,LEAN,0,0,1,LOSS,54.92,2
2026-06-23,MLB,ML,"Atlanta Braves @ San Diego Padres",away,PREMIUM,3,1,0,LOSS,74.47,6
2026-06-23,MLB,ML,"Baltimore Orioles @ Los Angeles Angels",away,PREMIUM,3,1,0,LOSS,69.65,4
2026-06-23,MLB,ML,"Boston Red Sox @ Colorado Rockies",away,LEAN,0,0,1,WIN,60.92,2
2026-06-23,MLB,ML,"Chicago Cubs @ New York Mets",away,FADE,0,0,1,WIN,70.46,1
2026-06-23,MLB,ML,"Cleveland Guardians @ Chicago White Sox",away,FADE,0,0,1,LOSS,70.07,1
2026-06-23,MLB,ML,"Houston Astros @ Toronto Blue Jays",home,WEAK,0,0,1,LOSS,69.9,4
2026-06-23,MLB,ML,"Kansas City Royals @ Tampa Bay Rays",home,FADE,0,0,1,LOSS,64.41,2
2026-06-23,MLB,ML,"Los Angeles Dodgers @ Minnesota Twins",away,PREMIUM,0,0,1,WIN,63.18,3
2026-06-23,MLB,ML,"New York Yankees @ Detroit Tigers",home,ELITE,0,0,1,LOSS,68.96,2
2026-06-23,MLB,ML,"Athletics @ San Francisco Giants",away,LOCK,0,0,1,LOSS,64.41,2
2026-06-23,MLB,ML,"Philadelphia Phillies @ Washington Nationals",home,FADE,0,0,1,LOSS,70.63,3
2026-06-23,MLB,ML,"Seattle Mariners @ Pittsburgh Pirates",home,FADE,0,0,1,LOSS,70.42,2
2026-06-23,MLB,ML,"Texas Rangers @ Miami Marlins",home,PREMIUM,0,0,1,WIN,49.51,3
2026-06-23,SOC,ML,"Ghana @ England",home,WEAK,0,0,1,LOSS,73.01,8
2026-06-23,SOC,ML,"Uzbekistan @ Portugal",away,PREMIUM,0,0,1,LOSS,69.18,5
2026-06-24,MLB,ML,"Atlanta Braves @ San Diego Padres",away,PREMIUM,3,1,0,LOSS,73.79,8
2026-06-24,MLB,ML,"Baltimore Orioles @ Los Angeles Angels",away,LEAN,0,0,1,LOSS,64.03,4
2026-06-24,MLB,ML,"Boston Red Sox @ Colorado Rockies",home,PREMIUM,4,1,0,WIN,65.07,2
2026-06-24,MLB,ML,"Chicago Cubs @ New York Mets",away,PREMIUM,0,0,1,WIN,73.47,5
2026-06-24,MLB,ML,"Houston Astros @ Toronto Blue Jays",home,PREMIUM,0,0,1,LOSS,69.68,3
2026-06-24,MLB,ML,"Kansas City Royals @ Tampa Bay Rays",away,LEAN,0,0,1,LOSS,58.71,1
2026-06-24,MLB,ML,"New York Yankees @ Detroit Tigers",away,PREMIUM,0,0,1,WIN,69.56,2
2026-06-24,MLB,ML,"Athletics @ San Francisco Giants",home,WEAK,0,0,1,WIN,75.1,4
2026-06-24,MLB,ML,"Philadelphia Phillies @ Washington Nationals",home,PREMIUM,0,0,1,LOSS,58.31,2
2026-06-24,SOC,ML,"Canada @ Switzerland",home,LOCK,0,0,1,WIN,82.42,7
2026-06-24,SOC,ML,"Haiti @ Morocco",home,PREMIUM,4,1,0,WIN,72.5,8
2026-06-24,SOC,ML,"Mexico @ Czechia",away,PREMIUM,0,0,1,WIN,76.44,7
2026-06-24,SOC,ML,"Qatar @ Bosnia-Herzegovina",home,WEAK,0,0,1,WIN,72.97,4
2026-06-25,MLB,ML,"Houston Astros @ Detroit Tigers",away,FADE,0,0,1,WIN,69.99,3
2026-06-25,MLB,ML,"Kansas City Royals @ Tampa Bay Rays",away,FADE,0,0,1,LOSS,58.23,1
2026-06-25,MLB,ML,"New York Yankees @ Boston Red Sox",away,WEAK,0,0,1,LOSS,68.71,5
2026-06-25,MLB,ML,"Athletics @ San Francisco Giants",home,PREMIUM,0,0,1,LOSS,61.87,3
2026-06-25,MLB,ML,"Texas Rangers @ Toronto Blue Jays",home,FADE,0,0,1,LOSS,68.71,2
2026-06-25,SOC,ML,"Australia @ Paraguay",home,PREMIUM,0,0,1,LOSS,60.21,3
2026-06-25,SOC,ML,"Côte d'Ivoire @ Curaçao",away,WEAK,0,0,1,WIN,69.02,5
2026-06-25,SOC,ML,"Germany @ Ecuador",away,LOCK,1,1,0,LOSS,86.75,21
2026-06-25,SOC,ML,"Netherlands @ Tunisia",away,ELITE,4,1,0,WIN,71.47,9
2026-06-25,SOC,ML,"Sweden @ Japan",home,FADE,0,0,1,LOSS,76.5,14
2026-06-25,SOC,ML,"United States @ Türkiye",away,WEAK,4,1,0,LOSS,83.73,10
2026-06-26,MLB,ML,"Atlanta Braves @ San Francisco Giants",away,PREMIUM,4,1,0,WIN,53.83,2
2026-06-26,MLB,ML,"Chicago Cubs @ Milwaukee Brewers",home,FADE,0,0,1,WIN,67.15,1
2026-06-26,MLB,ML,"Colorado Rockies @ Minnesota Twins",home,FADE,0,0,1,WIN,69.23,1
2026-06-26,MLB,ML,"Houston Astros @ Detroit Tigers",away,ELITE,0,0,1,LOSS,64.3,2
2026-06-26,MLB,ML,"Kansas City Royals @ Chicago White Sox",home,FADE,0,0,1,WIN,71.15,1
2026-06-26,MLB,ML,"Los Angeles Dodgers @ San Diego Padres",away,FADE,0,0,1,LOSS,67.75,2
2026-06-26,MLB,ML,"New York Yankees @ Boston Red Sox",home,LOCK,0,0,1,WIN,72.62,1
2026-06-26,MLB,ML,"Athletics @ Los Angeles Angels",home,FADE,0,0,1,LOSS,100,1
2026-06-26,MLB,ML,"Philadelphia Phillies @ New York Mets",away,WEAK,0,0,1,WIN,50,1
2026-06-26,MLB,ML,"Texas Rangers @ Toronto Blue Jays",away,LOCK,0,0,1,WIN,70.5,2
2026-06-26,MLB,ML,"Washington Nationals @ Baltimore Orioles",away,LEAN,0,0,1,LOSS,61.37,2
2026-06-26,SOC,ML,"Belgium @ New Zealand",away,ELITE,4,1,0,WIN,68.19,3
2026-06-26,SOC,ML,"Spain @ Uruguay",away,LEAN,6,1,0,WIN,75.56,15
2026-06-26,SOC,ML,"France @ Norway",away,WEAK,4,1,0,WIN,70.98,12
2026-06-26,SOC,ML,"IR Iran @ Egypt",home,LEAN,1.5,1,0,LOSS,82.56,4
2026-06-26,SOC,ML,"Iraq @ Senegal",home,WEAK,0,0,1,WIN,68.19,3
2026-06-26,SOC,ML,"Saudi Arabia @ Cabo Verde",home,WEAK,1.5,1,0,LOSS,68.27,8
2026-06-27,MLB,ML,"Arizona Diamondbacks @ Tampa Bay Rays",away,ELITE,0,0,1,LOSS,70.37,1
2026-06-27,MLB,ML,"Atlanta Braves @ San Francisco Giants",away,LOCK,0,0,1,LOSS,65.98,3
2026-06-27,MLB,ML,"Chicago Cubs @ Milwaukee Brewers",home,WEAK,3,1,0,LOSS,57.79,2
2026-06-27,MLB,ML,"Cincinnati Reds @ Pittsburgh Pirates",away,WEAK,4,1,0,WIN,58.79,2
2026-06-27,MLB,ML,"Colorado Rockies @ Minnesota Twins",home,PREMIUM,0,0,1,LOSS,85.03,2
2026-06-27,MLB,ML,"Houston Astros @ Detroit Tigers",away,FADE,0,0,1,WIN,61.18,3
2026-06-27,MLB,ML,"Kansas City Royals @ Chicago White Sox",away,ELITE,1,1,0,LOSS,85.03,4
2026-06-27,MLB,ML,"Miami Marlins @ St. Louis Cardinals",home,PREMIUM,0,0,1,LOSS,100,1
2026-06-27,MLB,ML,"New York Yankees @ Boston Red Sox",home,FADE,0,0,1,WIN,71.5,3
2026-06-27,MLB,ML,"Athletics @ Los Angeles Angels",away,LOCK,4,1,0,LOSS,56.97,1
2026-06-27,MLB,ML,"Philadelphia Phillies @ New York Mets",home,LOCK,4,1,0,WIN,85.03,5
2026-06-27,MLB,ML,"Seattle Mariners @ Cleveland Guardians",away,PREMIUM,0,0,1,LOSS,100,1
2026-06-27,MLB,ML,"Texas Rangers @ Toronto Blue Jays",home,PREMIUM,4,1,0,LOSS,67.88,3
2026-06-27,SOC,ML,"Argentina @ Jordan",away,ELITE,4,1,0,WIN,69.6,3
2026-06-27,SOC,ML,"Austria @ Algeria",draw,WEAK,0,0,1,WIN,58.21,3
2026-06-27,SOC,ML,"England @ Panama",away,ELITE,5,1,0,WIN,63.94,5
2026-06-27,SOC,ML,"Ghana @ Croatia",home,WEAK,3,1,0,WIN,70.6,11
2026-06-27,SOC,ML,"Uzbekistan @ DR Congo",home,LEAN,5,1,0,WIN,68.73,4
2026-06-28,MLB,ML,"Atlanta Braves @ San Francisco Giants",away,PREMIUM,0,0,1,LOSS,68.77,5
2026-06-28,MLB,ML,"Colorado Rockies @ Minnesota Twins",away,FADE,0,0,1,LOSS,68.32,2
2026-06-28,MLB,ML,"Houston Astros @ Detroit Tigers",home,WEAK,0,0,1,LOSS,69.42,3
2026-06-28,MLB,ML,"Los Angeles Dodgers @ San Diego Padres",home,PREMIUM,0,0,1,LOSS,66.52,1
2026-06-28,MLB,ML,"Miami Marlins @ St. Louis Cardinals",away,LEAN,0,0,1,LOSS,50.55,1
2026-06-28,MLB,ML,"New York Yankees @ Boston Red Sox",away,PREMIUM,0,0,1,LOSS,65.43,5
2026-06-28,MLB,ML,"Athletics @ Los Angeles Angels",away,PREMIUM,5,1,0,LOSS,66.1,4
2026-06-28,MLB,ML,"Philadelphia Phillies @ New York Mets",away,PREMIUM,0,0,1,WIN,61.19,2
2026-06-28,MLB,ML,"Seattle Mariners @ Cleveland Guardians",away,LEAN,0,0,1,LOSS,55.27,2
2026-06-28,MLB,ML,"Texas Rangers @ Toronto Blue Jays",away,LOCK,4,1,0,WIN,66.97,3
2026-06-28,SOC,ML,"Canada @ South Africa",away,ELITE,1,1,0,WIN,79.1,20
2026-06-29,MLB,ML,"Cincinnati Reds @ Milwaukee Brewers",home,WEAK,0,0,1,WIN,65.82,6
2026-06-29,MLB,ML,"Los Angeles Angels @ Seattle Mariners",away,LEAN,0,0,1,LOSS,53.57,1
2026-06-29,MLB,ML,"Los Angeles Dodgers @ Athletics",away,WEAK,0,0,1,WIN,48.13,1
2026-06-29,MLB,ML,"Miami Marlins @ Colorado Rockies",home,WEAK,0,0,1,LOSS,63.78,1
2026-06-29,MLB,ML,"Minnesota Twins @ Houston Astros",away,FADE,0,0,1,WIN,67.56,4
2026-06-29,MLB,ML,"Pittsburgh Pirates @ Philadelphia Phillies",away,LOCK,0,0,1,WIN,75.19,7
2026-06-29,MLB,ML,"San Diego Padres @ Chicago Cubs",home,WEAK,0,0,1,WIN,67.56,2
2026-06-29,MLB,ML,"San Francisco Giants @ Arizona Diamondbacks",home,WEAK,4,1,0,WIN,56.5,2
2026-06-29,MLB,ML,"Washington Nationals @ Boston Red Sox",away,PREMIUM,0,0,1,LOSS,57.72,2
2026-06-29,SOC,ML,"Japan @ Brazil",home,WEAK,4,1,0,WIN,69.37,16
2026-06-29,SOC,ML,"Paraguay @ Germany",home,LEAN,5,1,0,LOSS,73.06,8
2026-06-30,MLB,ML,"Chicago White Sox @ Baltimore Orioles",away,PREMIUM,4,1,0,WIN,60.05,3
2026-06-30,MLB,ML,"Detroit Tigers @ New York Yankees",home,WEAK,0,0,1,LOSS,72.81,4
2026-06-30,MLB,ML,"Los Angeles Angels @ Seattle Mariners",away,PREMIUM,1.5,1,0,LOSS,72.39,6
2026-06-30,MLB,ML,"Los Angeles Dodgers @ Athletics",away,LEAN,0,0,1,WIN,52.29,2
2026-06-30,MLB,ML,"Miami Marlins @ Colorado Rockies",away,LEAN,4,1,0,WIN,83.93,6
2026-06-30,MLB,ML,"Minnesota Twins @ Houston Astros",away,LOCK,3,1,0,LOSS,40.27,2
2026-06-30,MLB,ML,"Pittsburgh Pirates @ Philadelphia Phillies",home,LEAN,0,0,1,WIN,69.46,3
2026-06-30,MLB,ML,"San Diego Padres @ Chicago Cubs",away,ELITE,0,0,1,LOSS,64.23,1
2026-06-30,MLB,ML,"San Francisco Giants @ Arizona Diamondbacks",away,PREMIUM,0,0,1,LOSS,58.29,2
2026-06-30,MLB,ML,"St. Louis Cardinals @ Atlanta Braves",home,PREMIUM,0,0,1,LOSS,89.06,3
2026-06-30,MLB,ML,"Tampa Bay Rays @ Kansas City Royals",away,WEAK,3,1,0,WIN,88.77,6
2026-06-30,MLB,ML,"Texas Rangers @ Cleveland Guardians",home,PREMIUM,4,1,0,LOSS,65.87,2
2026-06-30,MLB,ML,"Washington Nationals @ Boston Red Sox",away,PREMIUM,2.5,1,0,WIN,88.77,9
2026-06-30,SOC,ML,"Ecuador @ Mexico",home,LEAN,2.5,1,0,WIN,67.15,5
2026-06-30,SOC,ML,"Norway @ Côte d'Ivoire",away,WEAK,4,1,0,WIN,87.34,13
2026-06-30,SOC,ML,"Sweden @ France",home,ELITE,1,1,0,WIN,70.04,11
2026-07-01,MLB,ML,"Cincinnati Reds @ Milwaukee Brewers",home,PREMIUM,6,1,0,WIN,88.68,8
2026-07-01,MLB,ML,"Chicago White Sox @ Baltimore Orioles",away,LOCK,0,0,1,LOSS,69.03,5
2026-07-01,MLB,ML,"Detroit Tigers @ New York Yankees",home,ELITE,5,1,0,LOSS,72.74,5
2026-07-01,MLB,ML,"Los Angeles Dodgers @ Athletics",home,FADE,0,0,1,WIN,70.49,1
2026-07-01,MLB,ML,"Miami Marlins @ Colorado Rockies",away,FADE,0,0,1,LOSS,85.25,6
2026-07-01,MLB,ML,"Minnesota Twins @ Houston Astros",away,LOCK,4,1,0,WIN,69.09,6
2026-07-01,MLB,ML,"Pittsburgh Pirates @ Philadelphia Phillies",away,WEAK,2.5,1,0,LOSS,73.93,6
2026-07-01,MLB,ML,"San Francisco Giants @ Arizona Diamondbacks",home,FADE,0,0,1,LOSS,68.55,3
2026-07-01,MLB,ML,"St. Louis Cardinals @ Atlanta Braves",home,ELITE,0,0,1,WIN,88.89,7
2026-07-01,MLB,ML,"Tampa Bay Rays @ Kansas City Royals",away,FADE,0,0,1,WIN,85.25,4
2026-07-01,MLB,ML,"Texas Rangers @ Cleveland Guardians",away,WEAK,2.5,1,0,LOSS,69.03,7
2026-07-01,MLB,ML,"Washington Nationals @ Boston Red Sox",away,PREMIUM,0,0,1,WIN,85.25,5
2026-07-01,SOC,ML,"Bosnia and Herzegovina @ United States",home,FADE,0,0,1,WIN,66.44,6
2026-07-01,SOC,ML,"DR Congo @ England",home,FADE,0,0,1,WIN,48.41,4
2026-07-01,SOC,ML,"Senegal @ Belgium",draw,LEAN,1,1,0,WIN,68.52,4
2026-07-02,MLB,ML,"Cincinnati Reds @ Milwaukee Brewers",home,WEAK,3,1,0,LOSS,83.93,7
2026-07-02,MLB,ML,"Detroit Tigers @ Texas Rangers",away,LEAN,1,1,0,LOSS,67.93,2
2026-07-02,MLB,ML,"Los Angeles Angels @ Seattle Mariners",home,FADE,0,0,1,WIN,54.41,1
2026-07-02,MLB,ML,"Miami Marlins @ Colorado Rockies",away,ELITE,4,1,0,LOSS,73.11,9
2026-07-02,MLB,ML,"Pittsburgh Pirates @ Philadelphia Phillies",away,ELITE,2.5,1,0,WIN,71.76,3
2026-07-02,MLB,ML,"San Diego Padres @ Los Angeles Dodgers",home,FADE,0,0,1,WIN,54.41,1
2026-07-02,MLB,ML,"St. Louis Cardinals @ Atlanta Braves",home,LOCK,0,0,1,LOSS,64.21,4
2026-07-02,MLB,ML,"Tampa Bay Rays @ Kansas City Royals",away,LOCK,5,1,0,WIN,66.98,5
2026-07-02,SOC,ML,"Algeria @ Switzerland",home,WEAK,2.5,1,0,WIN,75.03,6
2026-07-03,MLB,ML,"Milwaukee Brewers @ Arizona Diamondbacks",away,ELITE,1,1,0,WIN,68.99,3
2026-07-03,MLB,ML,"Minnesota Twins @ New York Yankees",home,LEAN,0,0,1,WIN,59.68,2
2026-07-03,MLB,ML,"New York Mets @ Atlanta Braves",away,FADE,0,0,1,LOSS,65.78,3
2026-07-03,MLB,ML,"Pittsburgh Pirates @ Washington Nationals",home,PREMIUM,5,1,0,WIN,63.96,4
2026-07-03,MLB,ML,"St. Louis Cardinals @ Chicago Cubs",away,FADE,0,0,1,WIN,60.58,2
2026-07-03,MLB,ML,"Tampa Bay Rays @ Houston Astros",away,PREMIUM,5,1,0,WIN,70.04,6
2026-07-03,MLB,ML,"Toronto Blue Jays @ Seattle Mariners",home,LOCK,0,0,1,LOSS,68.99,2
2026-07-03,SOC,ML,"Cabo Verde @ Argentina",home,ELITE,1,1,0,LOSS,84.64,10
2026-07-03,SOC,ML,"Egypt @ Australia",away,WEAK,2.5,1,0,LOSS,66.92,9
2026-07-03,SOC,ML,"Ghana @ Colombia",home,ELITE,6,1,0,WIN,66.41,7
2026-07-04,MLB,ML,"Baltimore Orioles @ Cincinnati Reds",away,PREMIUM,2.5,1,0,WIN,83.86,6
2026-07-04,MLB,ML,"Boston Red Sox @ Los Angeles Angels",away,FADE,0,0,1,WIN,69.4,4
2026-07-04,MLB,ML,"Chicago White Sox @ Cleveland Guardians",away,FADE,0,0,1,WIN,68.73,1
2026-07-04,MLB,ML,"Miami Marlins @ Athletics",away,WEAK,4,1,0,WIN,71.4,5
2026-07-04,MLB,ML,"Milwaukee Brewers @ Arizona Diamondbacks",away,ELITE,5,1,0,LOSS,69.4,6
2026-07-04,MLB,ML,"New York Mets @ Atlanta Braves",home,ELITE,0,0,1,WIN,96.3,1
2026-07-04,MLB,ML,"Philadelphia Phillies @ Kansas City Royals",home,FADE,0,0,1,LOSS,72.73,1
2026-07-04,MLB,ML,"San Francisco Giants @ Colorado Rockies",home,FADE,0,0,1,LOSS,63.41,3
2026-07-04,MLB,ML,"Tampa Bay Rays @ Houston Astros",away,FADE,0,0,1,LOSS,69.4,6
2026-07-04,SOC,ML,"France @ Paraguay",away,ELITE,6,1,0,WIN,63.02,6
2026-07-04,SOC,ML,"Morocco @ Canada",away,WEAK,3,1,0,WIN,75.32,29
2026-07-05,MLB,ML,"Boston Red Sox @ Los Angeles Angels",away,LOCK,1,1,0,WIN,69.37,5
2026-07-05,MLB,ML,"Chicago White Sox @ Cleveland Guardians",away,FADE,0,0,1,WIN,69.54,1
2026-07-05,MLB,ML,"Minnesota Twins @ New York Yankees",home,PREMIUM,4,1,0,LOSS,67.84,3
2026-07-05,MLB,ML,"New York Mets @ Atlanta Braves",home,LEAN,5,1,0,LOSS,83.65,8
2026-07-05,MLB,ML,"San Diego Padres @ Los Angeles Dodgers",away,LOCK,0,0,1,WIN,56.25,1
2026-07-05,MLB,ML,"San Francisco Giants @ Colorado Rockies",away,PREMIUM,0,0,1,LOSS,64.18,2
2026-07-05,MLB,ML,"St. Louis Cardinals @ Chicago Cubs",home,PREMIUM,4,1,0,WIN,69.29,4
2026-07-05,MLB,ML,"Tampa Bay Rays @ Houston Astros",away,PREMIUM,2.5,1,0,LOSS,82.96,3
2026-07-05,SOC,ML,"England @ Mexico",away,WEAK,1.5,1,0,WIN,69.37,12
2026-07-05,SOC,ML,"Norway @ Brazil",home,LEAN,1,1,0,LOSS,64.39,12
2026-07-06,MLB,ML,"Arizona Diamondbacks @ San Diego Padres",away,LOCK,2.5,1,0,WIN,67.17,3
2026-07-06,MLB,ML,"Colorado Rockies @ Los Angeles Dodgers",home,FADE,0,0,1,WIN,67.93,1
2026-07-06,MLB,ML,"Houston Astros @ Washington Nationals",away,LOCK,2.5,1,0,LOSS,62.99,3
2026-07-06,MLB,ML,"Milwaukee Brewers @ St. Louis Cardinals",away,WEAK,4,1,0,WIN,68.9,6
2026-07-06,MLB,ML,"New York Mets @ Atlanta Braves",away,WEAK,0,0,1,WIN,68.9,4
2026-07-06,MLB,ML,"Philadelphia Phillies @ Kansas City Royals",away,WEAK,3,1,0,LOSS,87.13,11
2026-07-06,SOC,ML,"Belgium @ United States",home,WEAK,1.5,1,0,LOSS,70.64,20
2026-07-06,SOC,ML,"Spain @ Portugal",away,WEAK,3,1,0,WIN,76.6,16
2026-07-07,MLB,ML,"Arizona Diamondbacks @ San Diego Padres",away,FADE,0,0,1,LOSS,69.29,4
2026-07-07,MLB,ML,"Atlanta Braves @ Pittsburgh Pirates",away,PREMIUM,2.5,1,0,LOSS,58.94,2
2026-07-07,MLB,ML,"Chicago Cubs @ Baltimore Orioles",away,FADE,0,0,1,WIN,87.35,5
2026-07-07,MLB,ML,"Cleveland Guardians @ Minnesota Twins",away,LEAN,0,0,1,LOSS,63.94,2
2026-07-07,MLB,ML,"Colorado Rockies @ Los Angeles Dodgers",home,LOCK,4,1,0,LOSS,74.39,8
2026-07-07,MLB,ML,"Houston Astros @ Washington Nationals",away,WEAK,0,0,1,WIN,62.42,3
2026-07-07,MLB,ML,"Kansas City Royals @ New York Mets",home,LEAN,0,0,1,LOSS,59.09,1
2026-07-07,MLB,ML,"Los Angeles Angels @ Texas Rangers",home,FADE,0,0,1,WIN,69.29,3
2026-07-07,MLB,ML,"Milwaukee Brewers @ St. Louis Cardinals",away,PREMIUM,0,0,1,WIN,74.39,4
2026-07-07,MLB,ML,"New York Yankees @ Tampa Bay Rays",home,FADE,0,0,1,WIN,60.09,2
2026-07-07,MLB,ML,"Athletics @ Detroit Tigers",home,FADE,0,0,1,WIN,59.09,1
2026-07-07,MLB,ML,"Philadelphia Phillies @ Cincinnati Reds",away,PREMIUM,4,1,0,WIN,63.39,3
2026-07-07,MLB,ML,"Seattle Mariners @ Miami Marlins",away,LEAN,2.5,1,0,LOSS,73.13,6
2026-07-07,SOC,ML,"Colombia @ Switzerland",away,FADE,0,0,1,LOSS,75.71,16
2026-07-07,SOC,ML,"Egypt @ Argentina",home,WEAK,4,1,0,WIN,79.25,8
2026-07-08,MLB,ML,"Arizona Diamondbacks @ San Diego Padres",home,LOCK,0,0,1,WIN,67.83,4
2026-07-08,MLB,ML,"Atlanta Braves @ Pittsburgh Pirates",home,PREMIUM,0,0,1,LOSS,81.25,1
2026-07-08,MLB,ML,"Boston Red Sox @ Chicago White Sox",away,FADE,0,0,1,WIN,65.67,4
2026-07-08,MLB,ML,"Cleveland Guardians @ Minnesota Twins",away,LOCK,2.5,1,0,LOSS,53.76,2
2026-07-08,MLB,ML,"Colorado Rockies @ Los Angeles Dodgers",home,LOCK,5,1,0,WIN,73.47,7
2026-07-08,MLB,ML,"Houston Astros @ Washington Nationals",away,ELITE,0,0,1,LOSS,53.33,1
2026-07-08,MLB,ML,"Kansas City Royals @ New York Mets",away,FADE,0,0,1,LOSS,64.72,3
2026-07-08,MLB,ML,"Milwaukee Brewers @ St. Louis Cardinals",home,FADE,0,0,1,WIN,85.97,4
2026-07-08,MLB,ML,"New York Yankees @ Tampa Bay Rays",away,LEAN,0,0,1,LOSS,51.25,2
2026-07-08,MLB,ML,"Athletics @ Detroit Tigers",away,FADE,0,0,1,LOSS,80.21,4
2026-07-08,MLB,ML,"Toronto Blue Jays @ San Francisco Giants",home,LEAN,2.5,1,0,LOSS,68.62,3
2026-07-09,MLB,ML,"Arizona Diamondbacks @ San Diego Padres",away,ELITE,2.5,1,0,WIN,74.79,3
2026-07-09,MLB,ML,"Boston Red Sox @ Chicago White Sox",away,FADE,0,0,1,WIN,61.57,3
2026-07-09,MLB,ML,"Cleveland Guardians @ Minnesota Twins",away,FADE,0,0,1,WIN,58.64,3
2026-07-09,MLB,ML,"Colorado Rockies @ San Francisco Giants",home,ELITE,1,1,0,WIN,59.52,1
2026-07-09,MLB,ML,"Milwaukee Brewers @ St. Louis Cardinals",away,FADE,0,0,1,WIN,84.04,9
2026-07-09,MLB,ML,"New York Yankees @ Tampa Bay Rays",away,LEAN,0,0,1,WIN,57.58,1
2026-07-09,MLB,ML,"Athletics @ Detroit Tigers",home,FADE,0,0,1,WIN,55.16,2
2026-07-09,MLB,ML,"Philadelphia Phillies @ Cincinnati Reds",away,WEAK,0,0,1,WIN,77.22,3
2026-07-09,SOC,ML,"Morocco @ France",home,ELITE,6,1,0,WIN,68.07,15
2026-07-10,MLB,ML,"Arizona Diamondbacks @ Los Angeles Dodgers",away,WEAK,0,0,1,WIN,58.26,2
2026-07-10,MLB,ML,"Boston Red Sox @ New York Mets",away,FADE,0,0,1,WIN,70.26,1
2026-07-10,MLB,ML,"Chicago Cubs @ Cincinnati Reds",away,FADE,0,0,1,LOSS,70.26,1
2026-07-10,MLB,ML,"Cleveland Guardians @ Miami Marlins",away,ELITE,2.5,1,0,WIN,83.5,3
2026-07-10,MLB,ML,"Milwaukee Brewers @ Pittsburgh Pirates",away,WEAK,0,0,1,LOSS,59.09,1
2026-07-10,MLB,ML,"New York Yankees @ Washington Nationals",away,FADE,0,0,1,WIN,61.67,3
2026-07-10,MLB,ML,"Athletics @ Chicago White Sox",home,LEAN,5,1,0,WIN,66.76,4
2026-07-10,MLB,ML,"Philadelphia Phillies @ Detroit Tigers",home,ELITE,6,1,0,WIN,71.21,2
2026-07-10,MLB,ML,"Seattle Mariners @ Tampa Bay Rays",away,LEAN,2.5,1,0,LOSS,69.63,6
2026-07-10,MLB,ML,"Toronto Blue Jays @ San Diego Padres",away,FADE,0,0,1,WIN,68.45,2
2026-07-11,MLB,ML,"Arizona Diamondbacks @ Los Angeles Dodgers",home,FADE,0,0,1,LOSS,82.8,5
2026-07-11,MLB,ML,"Boston Red Sox @ New York Mets",home,LEAN,4,1,0,LOSS,67.09,3
2026-07-11,MLB,ML,"Cleveland Guardians @ Miami Marlins",home,FADE,0,0,1,LOSS,54.82,2
2026-07-11,MLB,ML,"Colorado Rockies @ San Francisco Giants",away,FADE,0,0,1,LOSS,57.72,2
2026-07-11,MLB,ML,"Houston Astros @ Texas Rangers",home,PREMIUM,3,1,0,LOSS,76.86,3
2026-07-11,MLB,ML,"Milwaukee Brewers @ Pittsburgh Pirates",away,FADE,0,0,1,LOSS,60.86,5
2026-07-11,MLB,ML,"New York Yankees @ Washington Nationals",home,LOCK,4,1,0,LOSS,82.8,4
2026-07-11,MLB,ML,"Athletics @ Chicago White Sox",home,LEAN,0,0,1,WIN,56.88,2
2026-07-11,MLB,ML,"Philadelphia Phillies @ Detroit Tigers",away,FADE,0,0,1,WIN,63.63,2
2026-07-11,MLB,ML,"Toronto Blue Jays @ San Diego Padres",away,FADE,0,0,1,LOSS,70.71,4
2026-07-11,SOC,ML,"Switzerland @ Argentina",home,ELITE,4,1,0,LOSS,51.66,5
2026-07-12,MLB,ML,"Arizona Diamondbacks @ Los Angeles Dodgers",home,LOCK,0,0,1,LOSS,65.19,4
2026-07-12,MLB,ML,"Atlanta Braves @ St. Louis Cardinals",home,ELITE,3,1,0,LOSS,66.67,1
2026-07-12,MLB,ML,"Cleveland Guardians @ Miami Marlins",away,FADE,0,0,1,WIN,64.16,1
2026-07-12,MLB,ML,"Colorado Rockies @ San Francisco Giants",home,ELITE,3,1,0,WIN,61.59,2
2026-07-12,MLB,ML,"Milwaukee Brewers @ Pittsburgh Pirates",away,PREMIUM,2.5,1,0,LOSS,68.06,3
2026-07-12,MLB,ML,"New York Yankees @ Washington Nationals",home,FADE,0,0,1,LOSS,63.68,4
2026-07-12,MLB,ML,"Philadelphia Phillies @ Detroit Tigers",home,LEAN,0,0,1,LOSS,75.04,4
2026-07-12,MLB,ML,"Seattle Mariners @ Tampa Bay Rays",home,FADE,0,0,1,LOSS,64.16,1
2026-07-12,WNBA,ML,"New York Liberty @ Toronto Tempo",away,PREMIUM,0,0,1,LOSS,65.47,3
2026-07-13,WNBA,ML,"Los Angeles Sparks @ Atlanta Dream",away,FADE,0,0,1,LOSS,64.95,3
2026-06-01,MLB,SPREAD,"Colorado Rockies @ Los Angeles Angels",away,FADE,0,0,1,WIN,75,1
2026-06-01,MLB,SPREAD,"Kansas City Royals @ Cincinnati Reds",home,FADE,0,0,1,LOSS,57.59,2
2026-06-01,MLB,SPREAD,"San Francisco Giants @ Milwaukee Brewers",away,FADE,0,0,1,LOSS,62.35,4
2026-06-02,MLB,SPREAD,"Cleveland Guardians @ New York Yankees",home,FADE,0,0,1,LOSS,67.77,2
2026-06-02,MLB,SPREAD,"Detroit Tigers @ Tampa Bay Rays",away,FADE,0,0,1,WIN,73.14,1
2026-06-02,MLB,SPREAD,"San Francisco Giants @ Milwaukee Brewers",home,FADE,0,0,1,WIN,58.13,2
2026-06-03,MLB,SPREAD,"Detroit Tigers @ Tampa Bay Rays",away,FADE,0,0,1,WIN,75.58,3
2026-06-03,MLB,SPREAD,"Los Angeles Dodgers @ Arizona Diamondbacks",away,LOCK,1,1,0,WIN,59.86,2
2026-06-03,NBA,SPREAD,"Knicks @ Spurs",away,WEAK,0.25,1,0,WIN,78.51,14
2026-06-04,MLB,SPREAD,"Kansas City Royals @ Minnesota Twins",home,FADE,0,0,1,LOSS,63.86,2
2026-06-04,MLB,SPREAD,"Los Angeles Dodgers @ Arizona Diamondbacks",away,ELITE,5,1,0,LOSS,62.95,2
2026-06-04,MLB,SPREAD,"San Diego Padres @ Philadelphia Phillies",away,FADE,0,0,1,LOSS,60.76,3
2026-06-04,MLB,SPREAD,"San Francisco Giants @ Milwaukee Brewers",away,FADE,0,0,1,WIN,62.5,1
2026-06-04,MLB,SPREAD,"Toronto Blue Jays @ Atlanta Braves",away,FADE,0,0,1,WIN,65.43,4
2026-06-05,MLB,SPREAD,"Tampa Bay Rays @ Miami Marlins",away,LEAN,0.5,1,0,WIN,68.75,1
2026-06-05,NBA,SPREAD,"Knicks @ Spurs",home,WEAK,0.25,1,0,LOSS,93.75,9
2026-06-06,MLB,SPREAD,"Los Angeles Angels @ Los Angeles Dodgers",away,FADE,0,0,1,LOSS,53.62,2
2026-06-06,MLB,SPREAD,"Pittsburgh Pirates @ Atlanta Braves",away,FADE,0,0,1,LOSS,63.69,1
2026-06-07,MLB,SPREAD,"Los Angeles Angels @ Los Angeles Dodgers",home,FADE,0,0,1,LOSS,61.87,2
2026-06-07,MLB,SPREAD,"Pittsburgh Pirates @ Atlanta Braves",away,PREMIUM,3,1,0,WIN,59.45,2
2026-06-08,MLB,SPREAD,"Boston Red Sox @ Tampa Bay Rays",home,FADE,0,0,1,WIN,49.3,1
2026-06-08,MLB,SPREAD,"Milwaukee Brewers @ Athletics",away,FADE,0,0,1,LOSS,61.95,2
2026-06-08,MLB,SPREAD,"Philadelphia Phillies @ Toronto Blue Jays",away,FADE,0,0,1,WIN,61.95,2
2026-06-08,NBA,SPREAD,"Spurs @ Knicks",away,ELITE,5,1,0,WIN,79.56,8
2026-06-09,MLB,SPREAD,"Boston Red Sox @ Tampa Bay Rays",home,FADE,0,0,1,LOSS,50,1
2026-06-09,MLB,SPREAD,"Chicago Cubs @ Colorado Rockies",home,PREMIUM,3,1,0,WIN,63.24,1
2026-06-09,MLB,SPREAD,"Houston Astros @ Los Angeles Angels",away,FADE,0,0,1,LOSS,56.85,1
2026-06-09,MLB,SPREAD,"Los Angeles Dodgers @ Pittsburgh Pirates",away,FADE,0,0,1,WIN,64.71,1
2026-06-09,NHL,SPREAD,"Hurricanes @ Golden Knights",away,PREMIUM,1,1,0,WIN,66.14,1
2026-06-10,MLB,SPREAD,"Boston Red Sox @ Tampa Bay Rays",home,FADE,0,0,1,WIN,51.81,1
2026-06-10,MLB,SPREAD,"Los Angeles Dodgers @ Pittsburgh Pirates",home,FADE,0,0,1,WIN,52.22,2
2026-06-10,MLB,SPREAD,"St. Louis Cardinals @ New York Mets",away,FADE,0,0,1,WIN,51.81,1
2026-06-10,MLB,SPREAD,"Washington Nationals @ San Francisco Giants",home,FADE,0,0,1,LOSS,54.44,1
2026-06-10,NBA,SPREAD,"Spurs @ Knicks",home,FADE,0,0,1,LOSS,70.75,5
2026-06-11,MLB,SPREAD,"Atlanta Braves @ Chicago White Sox",away,PREMIUM,2.5,1,0,PUSH,70.46,5
2026-06-11,MLB,SPREAD,"St. Louis Cardinals @ New York Mets",away,FADE,0,0,1,WIN,51.72,1
2026-06-12,MLB,SPREAD,"Atlanta Braves @ New York Mets",away,FADE,0,0,1,LOSS,62.9,3
2026-06-12,MLB,SPREAD,"Houston Astros @ Kansas City Royals",away,FADE,0,0,1,WIN,75.65,1
2026-06-12,MLB,SPREAD,"Los Angeles Dodgers @ Chicago White Sox",away,LOCK,1,1,0,LOSS,63.27,1
2026-06-12,MLB,SPREAD,"Philadelphia Phillies @ Milwaukee Brewers",home,LEAN,0.5,1,0,WIN,60.66,4
2026-06-12,MLB,SPREAD,"St. Louis Cardinals @ Minnesota Twins",away,FADE,0,0,1,WIN,52.13,1
2026-06-12,MLB,SPREAD,"Tampa Bay Rays @ Los Angeles Angels",away,LOCK,1,1,0,LOSS,63.27,1
2026-06-12,MLB,SPREAD,"Texas Rangers @ Boston Red Sox",away,FADE,0,0,1,LOSS,52.13,1
2026-06-13,MLB,SPREAD,"Arizona Diamondbacks @ Cincinnati Reds",away,LOCK,1,1,0,LOSS,62.39,1
2026-06-13,MLB,SPREAD,"Atlanta Braves @ New York Mets",home,FADE,0,0,1,LOSS,66.3,1
2026-06-13,MLB,SPREAD,"Detroit Tigers @ Cleveland Guardians",home,LOCK,1,1,0,WIN,62.39,1
2026-06-13,MLB,SPREAD,"Los Angeles Dodgers @ Chicago White Sox",away,LOCK,1,1,0,WIN,61,2
2026-06-13,MLB,SPREAD,"St. Louis Cardinals @ Minnesota Twins",away,FADE,0,0,1,WIN,54,1
2026-06-13,MLB,SPREAD,"Tampa Bay Rays @ Los Angeles Angels",away,LOCK,1,1,0,LOSS,62.39,1
2026-06-13,MLB,SPREAD,"Texas Rangers @ Boston Red Sox",away,FADE,0,0,1,LOSS,54,1
2026-06-13,NBA,SPREAD,"Knicks @ Spurs",home,FADE,0,0,1,LOSS,75.13,8
2026-06-14,MLB,SPREAD,"Atlanta Braves @ New York Mets",away,FADE,0,0,1,LOSS,62.78,2
2026-06-14,MLB,SPREAD,"Chicago Cubs @ San Francisco Giants",away,ELITE,5,1,0,LOSS,68.78,1
2026-06-14,MLB,SPREAD,"Los Angeles Dodgers @ Chicago White Sox",away,PREMIUM,3,1,0,LOSS,62.77,2
2026-06-14,MLB,SPREAD,"Miami Marlins @ Pittsburgh Pirates",away,LOCK,1,1,0,WIN,66.11,2
2026-06-14,MLB,SPREAD,"New York Yankees @ Toronto Blue Jays",away,FADE,0,0,1,WIN,56.76,1
2026-06-14,MLB,SPREAD,"Texas Rangers @ Boston Red Sox",home,FADE,0,0,1,LOSS,61.62,2
2026-06-15,MLB,SPREAD,"Colorado Rockies @ Chicago Cubs",away,PREMIUM,3,1,0,WIN,56.72,1
2026-06-15,MLB,SPREAD,"Kansas City Royals @ Washington Nationals",home,LOCK,0,0,1,WIN,69.72,3
2026-06-15,MLB,SPREAD,"Miami Marlins @ Philadelphia Phillies",away,WEAK,0,0,1,LOSS,63.55,2
2026-06-15,MLB,SPREAD,"San Diego Padres @ St. Louis Cardinals",away,ELITE,0,0,1,LOSS,54.81,1
2026-06-16,MLB,SPREAD,"Cleveland Guardians @ Milwaukee Brewers",away,PREMIUM,0,0,1,WIN,55.56,1
2026-06-16,MLB,SPREAD,"Chicago White Sox @ New York Yankees",home,LOCK,0,0,1,WIN,55.66,1
2026-06-16,MLB,SPREAD,"Detroit Tigers @ Houston Astros",away,FADE,0,0,1,LOSS,70.25,1
2026-06-16,MLB,SPREAD,"Pittsburgh Pirates @ Athletics",away,FADE,0,0,1,WIN,65.26,1
2026-06-16,MLB,SPREAD,"San Diego Padres @ St. Louis Cardinals",away,LOCK,0,0,1,WIN,55.66,1
2026-06-16,MLB,SPREAD,"Toronto Blue Jays @ Boston Red Sox",away,LOCK,0,0,1,WIN,55.66,1
2026-06-17,MLB,SPREAD,"Chicago White Sox @ New York Yankees",home,FADE,0,0,1,WIN,64.23,2
2026-06-17,MLB,SPREAD,"New York Mets @ Cincinnati Reds",home,PREMIUM,0,0,1,LOSS,53.75,1
2026-06-17,MLB,SPREAD,"San Diego Padres @ St. Louis Cardinals",away,ELITE,0,0,1,WIN,55.96,1
2026-06-17,MLB,SPREAD,"San Francisco Giants @ Atlanta Braves",home,FADE,0,0,1,LOSS,71.52,4
2026-06-17,MLB,SPREAD,"Tampa Bay Rays @ Los Angeles Dodgers",home,WEAK,0,0,1,LOSS,55.12,3
2026-06-17,MLB,SPREAD,"Toronto Blue Jays @ Boston Red Sox",home,LOCK,0,0,1,LOSS,63.13,1
2026-06-18,MLB,SPREAD,"Chicago White Sox @ New York Yankees",home,FADE,0,0,1,LOSS,73.22,4
2026-06-18,MLB,SPREAD,"St. Louis Cardinals @ Kansas City Royals",away,PREMIUM,0,0,1,LOSS,53.2,2
2026-06-18,MLB,SPREAD,"Toronto Blue Jays @ Boston Red Sox",away,FADE,0,0,1,WIN,55.36,1
2026-06-19,MLB,SPREAD,"Boston Red Sox @ Seattle Mariners",away,ELITE,0,0,1,WIN,55.17,1
2026-06-19,MLB,SPREAD,"Cincinnati Reds @ New York Yankees",home,PREMIUM,4,1,0,WIN,55.84,4
2026-06-19,MLB,SPREAD,"Chicago White Sox @ Detroit Tigers",away,LOCK,3,1,0,WIN,53.11,1
2026-06-19,MLB,SPREAD,"Milwaukee Brewers @ Atlanta Braves",away,PREMIUM,0,0,1,LOSS,53.11,1
2026-06-19,MLB,SPREAD,"Minnesota Twins @ Arizona Diamondbacks",home,PREMIUM,0,0,1,WIN,53.11,1
2026-06-19,MLB,SPREAD,"San Diego Padres @ Texas Rangers",home,WEAK,0,0,1,LOSS,64.02,1
2026-06-19,MLB,SPREAD,"St. Louis Cardinals @ Kansas City Royals",away,ELITE,0,0,1,WIN,53.9,2
2026-06-19,MLB,SPREAD,"Washington Nationals @ Tampa Bay Rays",home,WEAK,0,0,1,LOSS,64.02,1
2026-06-20,MLB,SPREAD,"Baltimore Orioles @ Los Angeles Dodgers",away,FADE,0,0,1,WIN,56.37,1
2026-06-20,MLB,SPREAD,"Boston Red Sox @ Seattle Mariners",away,ELITE,0,0,1,WIN,55.46,1
2026-06-20,MLB,SPREAD,"Cincinnati Reds @ New York Yankees",home,LEAN,0,0,1,LOSS,55.91,3
2026-06-21,MLB,SPREAD,"Boston Red Sox @ Seattle Mariners",away,ELITE,0,0,1,LOSS,56.56,1
2026-06-21,MLB,SPREAD,"Milwaukee Brewers @ Atlanta Braves",home,WEAK,0,0,1,LOSS,63.56,3
2026-06-21,MLB,SPREAD,"New York Mets @ Philadelphia Phillies",home,FADE,0,0,1,WIN,60.35,4
2026-06-21,MLB,SPREAD,"St. Louis Cardinals @ Kansas City Royals",away,ELITE,0,0,1,WIN,56.56,1
2026-06-22,MLB,SPREAD,"Arizona Diamondbacks @ St. Louis Cardinals",away,ELITE,0,0,1,WIN,56.56,1
2026-06-22,MLB,SPREAD,"Atlanta Braves @ San Diego Padres",away,FADE,0,0,1,LOSS,70.96,4
2026-06-22,MLB,SPREAD,"Boston Red Sox @ Colorado Rockies",away,ELITE,0,0,1,WIN,56.56,1
2026-06-22,MLB,SPREAD,"Kansas City Royals @ Tampa Bay Rays",away,FADE,0,0,1,WIN,71.38,1
2026-06-22,MLB,SPREAD,"Milwaukee Brewers @ Cincinnati Reds",home,PREMIUM,0,0,1,WIN,66.93,2
2026-06-22,MLB,SPREAD,"New York Yankees @ Detroit Tigers",away,PREMIUM,0,0,1,LOSS,54.4,2
2026-06-23,MLB,SPREAD,"Arizona Diamondbacks @ St. Louis Cardinals",away,ELITE,0,0,1,WIN,56.45,1
2026-06-23,MLB,SPREAD,"Baltimore Orioles @ Los Angeles Angels",away,LEAN,0,0,1,LOSS,51.47,1
2026-06-23,MLB,SPREAD,"Boston Red Sox @ Colorado Rockies",home,LOCK,0,0,1,LOSS,52.41,1
2026-06-23,MLB,SPREAD,"Milwaukee Brewers @ Cincinnati Reds",away,ELITE,0,0,1,WIN,52.41,1
2026-06-23,MLB,SPREAD,"New York Yankees @ Detroit Tigers",away,ELITE,0,0,1,LOSS,53.96,2
2026-06-23,MLB,SPREAD,"Philadelphia Phillies @ Washington Nationals",away,WEAK,0,0,1,WIN,58.58,3
2026-06-23,MLB,SPREAD,"Texas Rangers @ Miami Marlins",home,LEAN,0,0,1,WIN,51.47,1
2026-06-24,MLB,SPREAD,"Arizona Diamondbacks @ St. Louis Cardinals",away,ELITE,0,0,1,WIN,56.35,1
2026-06-24,MLB,SPREAD,"Atlanta Braves @ San Diego Padres",away,LOCK,0,0,1,LOSS,60.86,3
2026-06-24,MLB,SPREAD,"Boston Red Sox @ Colorado Rockies",away,ELITE,0,0,1,LOSS,53.52,2
2026-06-24,MLB,SPREAD,"Los Angeles Dodgers @ Minnesota Twins",home,LOCK,0,0,1,WIN,50.68,1
2026-06-24,MLB,SPREAD,"New York Yankees @ Detroit Tigers",away,FADE,0,0,1,WIN,62.85,2
2026-06-24,MLB,SPREAD,"Athletics @ San Francisco Giants",away,LOCK,0,0,1,LOSS,51.2,2
2026-06-25,MLB,SPREAD,"Houston Astros @ Detroit Tigers",away,FADE,0,0,1,WIN,65.49,1
2026-06-25,MLB,SPREAD,"New York Yankees @ Boston Red Sox",away,ELITE,4,1,0,LOSS,61.97,3
2026-06-25,MLB,SPREAD,"Athletics @ San Francisco Giants",away,FADE,0,0,1,WIN,50.21,1
2026-06-25,MLB,SPREAD,"Philadelphia Phillies @ Washington Nationals",away,PREMIUM,0,0,1,WIN,59.85,3
2026-06-26,MLB,SPREAD,"Chicago Cubs @ Milwaukee Brewers",home,WEAK,0,0,1,WIN,58.58,2
2026-06-26,MLB,SPREAD,"Los Angeles Dodgers @ San Diego Padres",home,WEAK,0,0,1,WIN,77.09,1
2026-06-26,MLB,SPREAD,"Miami Marlins @ St. Louis Cardinals",away,PREMIUM,0,0,1,WIN,60.08,2
2026-06-26,MLB,SPREAD,"Philadelphia Phillies @ New York Mets",away,PREMIUM,2.5,1,0,LOSS,59.15,3
2026-06-27,MLB,SPREAD,"Chicago Cubs @ Milwaukee Brewers",away,FADE,0,0,1,WIN,63.37,2
2026-06-27,MLB,SPREAD,"Miami Marlins @ St. Louis Cardinals",away,PREMIUM,4,1,0,WIN,59.33,2
2026-06-27,MLB,SPREAD,"Philadelphia Phillies @ New York Mets",home,PREMIUM,0,0,1,WIN,65.62,2
2026-06-27,MLB,SPREAD,"Texas Rangers @ Toronto Blue Jays",home,PREMIUM,0,0,1,LOSS,49.2,1
2026-06-28,MLB,SPREAD,"Atlanta Braves @ San Francisco Giants",home,LEAN,0,0,1,WIN,50.55,1
2026-06-28,MLB,SPREAD,"Cincinnati Reds @ Pittsburgh Pirates",away,PREMIUM,0,0,1,LOSS,66.52,1
2026-06-28,MLB,SPREAD,"Houston Astros @ Detroit Tigers",home,PREMIUM,0,0,1,LOSS,66.52,1
2026-06-28,MLB,SPREAD,"Los Angeles Dodgers @ San Diego Padres",home,LEAN,3,1,0,LOSS,50.55,1
2026-06-28,MLB,SPREAD,"Miami Marlins @ St. Louis Cardinals",away,LOCK,4,1,0,WIN,58.67,2
2026-06-28,MLB,SPREAD,"Philadelphia Phillies @ New York Mets",away,PREMIUM,0,0,1,LOSS,66.52,1
2026-06-28,MLB,SPREAD,"Washington Nationals @ Baltimore Orioles",away,LEAN,0,0,1,WIN,50.55,1
2026-06-29,MLB,SPREAD,"Cincinnati Reds @ Milwaukee Brewers",home,WEAK,0,0,1,WIN,63.78,1
2026-06-29,MLB,SPREAD,"Detroit Tigers @ New York Yankees",away,WEAK,0,0,1,WIN,63.14,2
2026-06-29,MLB,SPREAD,"Los Angeles Angels @ Seattle Mariners",away,LEAN,0,0,1,LOSS,53.57,1
2026-06-29,MLB,SPREAD,"New York Mets @ Toronto Blue Jays",home,WEAK,0,0,1,LOSS,63.14,2
2026-06-30,MLB,SPREAD,"Cincinnati Reds @ Milwaukee Brewers",home,LEAN,0,0,1,WIN,50.54,1
2026-06-30,MLB,SPREAD,"Chicago White Sox @ Baltimore Orioles",home,WEAK,0,0,1,LOSS,68.1,2
2026-06-30,MLB,SPREAD,"Los Angeles Dodgers @ Athletics",away,LEAN,0,0,1,WIN,50.54,1
2026-06-30,MLB,SPREAD,"Pittsburgh Pirates @ Philadelphia Phillies",away,WEAK,0,0,1,LOSS,66.17,4
2026-06-30,MLB,SPREAD,"San Diego Padres @ Chicago Cubs",home,LOCK,0,0,1,WIN,64.49,1
2026-06-30,MLB,SPREAD,"St. Louis Cardinals @ Atlanta Braves",away,PREMIUM,4,1,0,WIN,66.17,4
2026-06-30,MLB,SPREAD,"Tampa Bay Rays @ Kansas City Royals",home,WEAK,0,0,1,LOSS,54.55,1
2026-07-01,MLB,SPREAD,"Cincinnati Reds @ Milwaukee Brewers",home,FADE,0,0,1,WIN,51.06,1
2026-07-01,MLB,SPREAD,"Los Angeles Dodgers @ Athletics",away,WEAK,3,1,0,LOSS,51.06,1
2026-07-01,MLB,SPREAD,"Miami Marlins @ Colorado Rockies",home,LEAN,0,0,1,WIN,100,1
2026-07-01,MLB,SPREAD,"Pittsburgh Pirates @ Philadelphia Phillies",away,ELITE,5,1,0,LOSS,67.89,2
2026-07-01,MLB,SPREAD,"St. Louis Cardinals @ Atlanta Braves",away,FADE,0,0,1,LOSS,66.65,3
2026-07-01,MLB,SPREAD,"Tampa Bay Rays @ Kansas City Royals",home,LEAN,0,0,1,LOSS,49.1,1
2026-07-02,MLB,SPREAD,"Cincinnati Reds @ Milwaukee Brewers",away,LOCK,4,1,0,WIN,68.45,2
2026-07-02,MLB,SPREAD,"Chicago White Sox @ Cleveland Guardians",away,PREMIUM,0,0,1,LOSS,71.11,1
2026-07-02,MLB,SPREAD,"Los Angeles Angels @ Seattle Mariners",home,LOCK,0,0,1,LOSS,71.11,1
2026-07-02,MLB,SPREAD,"Miami Marlins @ Colorado Rockies",away,LOCK,0,0,1,LOSS,63.56,5
2026-07-02,MLB,SPREAD,"San Diego Padres @ Los Angeles Dodgers",away,LOCK,0,0,1,LOSS,56,1
2026-07-02,MLB,SPREAD,"St. Louis Cardinals @ Atlanta Braves",home,WEAK,0,0,1,LOSS,69.56,4
2026-07-03,MLB,SPREAD,"Boston Red Sox @ Los Angeles Angels",away,FADE,0,0,1,WIN,71.82,1
2026-07-03,MLB,SPREAD,"Milwaukee Brewers @ Arizona Diamondbacks",away,ELITE,0,0,1,WIN,50.34,1
2026-07-03,MLB,SPREAD,"Minnesota Twins @ New York Yankees",away,WEAK,3,1,0,LOSS,61.75,2
2026-07-03,MLB,SPREAD,"New York Mets @ Atlanta Braves",home,FADE,0,0,1,WIN,62.98,2
2026-07-03,MLB,SPREAD,"St. Louis Cardinals @ Chicago Cubs",away,LEAN,0,0,1,WIN,55.4,1
2026-07-04,MLB,SPREAD,"Baltimore Orioles @ Cincinnati Reds",away,ELITE,4,1,0,WIN,68.05,3
2026-07-04,MLB,SPREAD,"Boston Red Sox @ Los Angeles Angels",away,LOCK,0,0,1,WIN,61.1,2
2026-07-04,MLB,SPREAD,"New York Mets @ Atlanta Braves",away,PREMIUM,4,1,0,LOSS,68.05,5
2026-07-04,MLB,SPREAD,"St. Louis Cardinals @ Chicago Cubs",away,LOCK,0,0,1,WIN,60.71,2
2026-07-05,MLB,SPREAD,"San Diego Padres @ Los Angeles Dodgers",away,ELITE,6,1,0,WIN,73.37,6
2026-07-05,MLB,SPREAD,"St. Louis Cardinals @ Chicago Cubs",away,ELITE,0,0,1,LOSS,60.76,2
2026-07-06,MLB,SPREAD,"Milwaukee Brewers @ St. Louis Cardinals",away,ELITE,0,0,1,LOSS,54.93,1
2026-07-06,MLB,SPREAD,"New York Mets @ Atlanta Braves",home,LOCK,0,0,1,LOSS,62.25,2
2026-07-06,MLB,SPREAD,"Philadelphia Phillies @ Kansas City Royals",away,FADE,0,0,1,LOSS,52.1,1
2026-07-07,MLB,SPREAD,"Atlanta Braves @ Pittsburgh Pirates",away,LEAN,3,1,0,LOSS,68.2,4
2026-07-07,MLB,SPREAD,"Cleveland Guardians @ Minnesota Twins",away,FADE,0,0,1,LOSS,67.62,1
2026-07-07,MLB,SPREAD,"Colorado Rockies @ Los Angeles Dodgers",away,LOCK,2.5,1,0,WIN,78.74,6
2026-07-07,MLB,SPREAD,"Milwaukee Brewers @ St. Louis Cardinals",away,FADE,0,0,1,WIN,67.44,3
2026-07-07,MLB,SPREAD,"Philadelphia Phillies @ Cincinnati Reds",away,LOCK,0,0,1,WIN,65.49,1
2026-07-08,MLB,SPREAD,"Atlanta Braves @ Pittsburgh Pirates",away,LEAN,1.5,1,0,WIN,67.01,4
2026-07-08,MLB,SPREAD,"Colorado Rockies @ Los Angeles Dodgers",away,LOCK,2.5,1,0,WIN,79.23,5
2026-07-08,MLB,SPREAD,"Milwaukee Brewers @ St. Louis Cardinals",away,ELITE,0,0,1,LOSS,59.55,3
2026-07-08,MLB,SPREAD,"Athletics @ Detroit Tigers",home,WEAK,2.5,1,0,WIN,65.63,2
2026-07-09,MLB,SPREAD,"Atlanta Braves @ Pittsburgh Pirates",away,LEAN,2.5,1,0,WIN,66.14,3
2026-07-09,MLB,SPREAD,"Milwaukee Brewers @ St. Louis Cardinals",away,PREMIUM,0,0,1,WIN,68.9,3
2026-07-09,MLB,SPREAD,"Philadelphia Phillies @ Cincinnati Reds",away,LEAN,4,1,0,LOSS,60.99,2
2026-07-10,MLB,SPREAD,"Arizona Diamondbacks @ Los Angeles Dodgers",away,FADE,0,0,1,WIN,83.5,4
2026-07-10,MLB,SPREAD,"Atlanta Braves @ St. Louis Cardinals",home,PREMIUM,4,1,0,WIN,59.09,1
2026-07-10,MLB,SPREAD,"Cleveland Guardians @ Miami Marlins",home,ELITE,0,0,1,LOSS,73.53,1
2026-07-10,MLB,SPREAD,"Athletics @ Chicago White Sox",away,PREMIUM,5,1,0,LOSS,66.31,2
2026-07-10,MLB,SPREAD,"Seattle Mariners @ Tampa Bay Rays",home,LOCK,0,0,1,WIN,64.83,1
2026-07-11,MLB,SPREAD,"Atlanta Braves @ St. Louis Cardinals",away,LEAN,0,0,1,LOSS,66.28,3
2026-07-12,MLB,SPREAD,"Arizona Diamondbacks @ Los Angeles Dodgers",home,PREMIUM,0,0,1,LOSS,64.58,3
2026-07-12,MLB,SPREAD,"Atlanta Braves @ St. Louis Cardinals",home,LEAN,1,1,0,LOSS,66.67,1
2026-07-12,MLB,SPREAD,"Athletics @ Chicago White Sox",home,FADE,0,0,1,WIN,65.48,2
2026-07-12,MLB,SPREAD,"Seattle Mariners @ Tampa Bay Rays",home,PREMIUM,0,0,1,LOSS,66.67,1
2026-07-12,WNBA,SPREAD,"Chicago Sky @ Dallas Wings",away,PREMIUM,0,0,1,WIN,63.71,1
2026-07-12,WNBA,SPREAD,"New York Liberty @ Toronto Tempo",away,PREMIUM,0,0,1,LOSS,63.71,1
2026-07-13,WNBA,SPREAD,"Los Angeles Sparks @ Atlanta Dream",away,FADE,0,0,1,PUSH,64.95,2
2026-06-01,MLB,TOTAL,"Detroit Tigers @ Tampa Bay Rays",over,FADE,0,0,1,WIN,57.61,1
2026-06-01,MLB,TOTAL,"Kansas City Royals @ Cincinnati Reds",under,LOCK,1,1,0,LOSS,71.71,6
2026-06-01,MLB,TOTAL,"San Francisco Giants @ Milwaukee Brewers",under,ELITE,5,1,0,LOSS,62.51,2
2026-06-01,MLB,TOTAL,"Texas Rangers @ St. Louis Cardinals",under,PREMIUM,3,1,0,WIN,73.62,4
2026-06-02,MLB,TOTAL,"Cleveland Guardians @ New York Yankees",under,LOCK,1,1,0,LOSS,69.19,2
2026-06-02,MLB,TOTAL,"Colorado Rockies @ Los Angeles Angels",under,FADE,0,0,1,LOSS,71.43,1
2026-06-02,MLB,TOTAL,"Miami Marlins @ Washington Nationals",under,FADE,0,0,1,LOSS,77.48,3
2026-06-02,MLB,TOTAL,"New York Mets @ Seattle Mariners",over,PREMIUM,3,1,0,WIN,60,1
2026-06-02,MLB,TOTAL,"Athletics @ Chicago Cubs",over,PREMIUM,3,1,0,LOSS,60,1
2026-06-02,NHL,TOTAL,"Golden Knights @ Hurricanes",over,ELITE,5,1,0,WIN,74.18,5
2026-06-03,MLB,TOTAL,"Detroit Tigers @ Tampa Bay Rays",under,FADE,0,0,1,LOSS,74.16,4
2026-06-03,MLB,TOTAL,"Kansas City Royals @ Cincinnati Reds",over,PREMIUM,3,1,0,LOSS,75,1
2026-06-03,MLB,TOTAL,"Miami Marlins @ Washington Nationals",over,ELITE,5,1,0,LOSS,74.16,4
2026-06-03,MLB,TOTAL,"San Diego Padres @ Philadelphia Phillies",over,WEAK,0.25,1,0,LOSS,61.71,3
2026-06-03,MLB,TOTAL,"San Francisco Giants @ Milwaukee Brewers",under,PREMIUM,2.5,1,0,WIN,72.03,1
2026-06-03,MLB,TOTAL,"Texas Rangers @ St. Louis Cardinals",under,ELITE,5,1,0,WIN,67.91,2
2026-06-03,MLB,TOTAL,"Toronto Blue Jays @ Atlanta Braves",under,PREMIUM,2.5,1,0,LOSS,72.03,1
2026-06-03,NBA,TOTAL,"Knicks @ Spurs",over,FADE,0,0,1,LOSS,88.93,8
2026-06-04,MLB,TOTAL,"Cleveland Guardians @ New York Yankees",over,LOCK,1,1,0,LOSS,66.5,3
2026-06-04,MLB,TOTAL,"San Diego Padres @ Philadelphia Phillies",over,FADE,0,0,1,WIN,69.57,5
2026-06-04,MLB,TOTAL,"San Francisco Giants @ Milwaukee Brewers",over,PREMIUM,3,1,0,WIN,64.97,2
2026-06-04,MLB,TOTAL,"Toronto Blue Jays @ Atlanta Braves",under,ELITE,5,1,0,LOSS,72.53,3
2026-06-05,MLB,TOTAL,"Baltimore Orioles @ Toronto Blue Jays",over,PREMIUM,3,1,0,WIN,61.02,2
2026-06-05,MLB,TOTAL,"Boston Red Sox @ New York Yankees",over,LOCK,1,1,0,PUSH,73.25,1
2026-06-05,MLB,TOTAL,"Cincinnati Reds @ St. Louis Cardinals",over,LEAN,0.5,1,0,WIN,73.04,3
2026-06-05,MLB,TOTAL,"Cleveland Guardians @ Texas Rangers",under,FADE,0,0,1,WIN,71.11,1
2026-06-05,MLB,TOTAL,"Pittsburgh Pirates @ Atlanta Braves",over,ELITE,2.5,1,0,WIN,71.43,1
2026-06-05,MLB,TOTAL,"San Francisco Giants @ Chicago Cubs",over,ELITE,5,1,0,WIN,75.93,3
2026-06-05,NBA,TOTAL,"Knicks @ Spurs",over,FADE,0,0,1,LOSS,69.29,3
2026-06-06,MLB,TOTAL,"Baltimore Orioles @ Toronto Blue Jays",over,WEAK,0.25,1,0,WIN,72.79,6
2026-06-06,MLB,TOTAL,"Boston Red Sox @ New York Yankees",under,PREMIUM,3,1,0,WIN,59.68,1
2026-06-06,MLB,TOTAL,"Cincinnati Reds @ St. Louis Cardinals",over,PREMIUM,3,1,0,WIN,73.17,4
2026-06-06,MLB,TOTAL,"Cleveland Guardians @ Texas Rangers",over,LOCK,1,1,0,LOSS,69.81,5
2026-06-06,MLB,TOTAL,"Chicago White Sox @ Philadelphia Phillies",over,ELITE,5,1,0,LOSS,67.79,1
2026-06-06,MLB,TOTAL,"Los Angeles Angels @ Los Angeles Dodgers",under,ELITE,2.5,1,0,LOSS,72,1
2026-06-06,MLB,TOTAL,"Milwaukee Brewers @ Colorado Rockies",over,FADE,0,0,1,LOSS,58.46,2
2026-06-06,MLB,TOTAL,"New York Mets @ San Diego Padres",under,PREMIUM,3,1,0,WIN,64.62,2
2026-06-06,MLB,TOTAL,"Athletics @ Houston Astros",under,LOCK,1,1,0,LOSS,61.25,1
2026-06-06,MLB,TOTAL,"Pittsburgh Pirates @ Atlanta Braves",under,FADE,0,0,1,LOSS,76.74,1
2026-06-06,MLB,TOTAL,"Seattle Mariners @ Detroit Tigers",under,FADE,0,0,1,WIN,70.22,3
2026-06-07,MLB,TOTAL,"Baltimore Orioles @ Toronto Blue Jays",over,FADE,0,0,1,WIN,65.39,2
2026-06-07,MLB,TOTAL,"Boston Red Sox @ New York Yankees",over,LEAN,0.5,1,0,LOSS,67.74,1
2026-06-07,MLB,TOTAL,"Cincinnati Reds @ St. Louis Cardinals",over,PREMIUM,3,1,0,LOSS,75.74,3
2026-06-07,MLB,TOTAL,"Chicago White Sox @ Philadelphia Phillies",under,PREMIUM,3,1,0,LOSS,58.95,3
2026-06-07,MLB,TOTAL,"Kansas City Royals @ Minnesota Twins",over,WEAK,0.25,1,0,WIN,63.19,5
2026-06-07,MLB,TOTAL,"Los Angeles Angels @ Los Angeles Dodgers",under,LEAN,0.5,1,0,LOSS,75.31,2
2026-06-07,MLB,TOTAL,"Milwaukee Brewers @ Colorado Rockies",over,LOCK,1,1,0,WIN,68.99,5
2026-06-07,MLB,TOTAL,"Athletics @ Houston Astros",over,ELITE,5,1,0,LOSS,60.53,2
2026-06-07,MLB,TOTAL,"Seattle Mariners @ Detroit Tigers",over,FADE,0,0,1,WIN,63.11,3
2026-06-07,MLB,TOTAL,"San Francisco Giants @ Chicago Cubs",over,PREMIUM,3,1,0,LOSS,66.65,4
2026-06-07,MLB,TOTAL,"Tampa Bay Rays @ Miami Marlins",under,ELITE,5,1,0,WIN,64.19,4
2026-06-07,MLB,TOTAL,"Washington Nationals @ Arizona Diamondbacks",under,LEAN,0.5,1,0,WIN,77.08,1
2026-06-08,MLB,TOTAL,"Boston Red Sox @ Tampa Bay Rays",over,FADE,0,0,1,LOSS,76.37,5
2026-06-08,MLB,TOTAL,"Cincinnati Reds @ San Diego Padres",under,PREMIUM,3,1,0,LOSS,62.68,2
2026-06-08,MLB,TOTAL,"Houston Astros @ Los Angeles Angels",over,PREMIUM,3,1,0,PUSH,70.87,3
2026-06-08,MLB,TOTAL,"New York Yankees @ Cleveland Guardians",over,PREMIUM,2.5,1,0,WIN,71.17,4
2026-06-08,MLB,TOTAL,"Philadelphia Phillies @ Toronto Blue Jays",over,FADE,0,0,1,LOSS,58.33,2
2026-06-08,MLB,TOTAL,"Washington Nationals @ San Francisco Giants",under,ELITE,2.5,1,0,WIN,63.64,1
2026-06-08,NBA,TOTAL,"Spurs @ Knicks",under,LOCK,1,1,0,LOSS,73.33,6
2026-06-09,MLB,TOTAL,"Arizona Diamondbacks @ Miami Marlins",over,ELITE,5,1,0,WIN,75.61,1
2026-06-09,MLB,TOTAL,"Boston Red Sox @ Tampa Bay Rays",over,LOCK,1,1,0,LOSS,69.93,4
2026-06-09,MLB,TOTAL,"Chicago Cubs @ Colorado Rockies",under,LEAN,0.5,1,0,WIN,75.61,1
2026-06-09,MLB,TOTAL,"Milwaukee Brewers @ Athletics",under,FADE,0,0,1,WIN,60.78,3
2026-06-09,MLB,TOTAL,"Minnesota Twins @ Detroit Tigers",over,PREMIUM,3,1,0,WIN,66.6,3
2026-06-09,MLB,TOTAL,"Philadelphia Phillies @ Toronto Blue Jays",under,ELITE,5,1,0,WIN,63.64,1
2026-06-09,NHL,TOTAL,"Hurricanes @ Golden Knights",under,ELITE,5,1,0,LOSS,67.75,4
2026-06-10,MLB,TOTAL,"Arizona Diamondbacks @ Miami Marlins",over,PREMIUM,3,1,0,LOSS,71.62,6
2026-06-10,MLB,TOTAL,"Boston Red Sox @ Tampa Bay Rays",over,LOCK,1,1,0,WIN,68.15,3
2026-06-10,MLB,TOTAL,"Chicago Cubs @ Colorado Rockies",under,ELITE,5,1,0,WIN,74.88,5
2026-06-10,MLB,TOTAL,"Cincinnati Reds @ San Diego Padres",under,FADE,0,0,1,LOSS,66.3,1
2026-06-10,MLB,TOTAL,"Houston Astros @ Los Angeles Angels",over,ELITE,5,1,0,LOSS,56.71,2
2026-06-10,MLB,TOTAL,"Los Angeles Dodgers @ Pittsburgh Pirates",over,ELITE,5,1,0,WIN,65.72,3
2026-06-10,MLB,TOTAL,"New York Yankees @ Cleveland Guardians",over,PREMIUM,3,1,0,WIN,73.26,3
2026-06-10,MLB,TOTAL,"St. Louis Cardinals @ New York Mets",over,PREMIUM,3,1,0,WIN,76,1
2026-06-10,MLB,TOTAL,"Texas Rangers @ Kansas City Royals",under,PREMIUM,3,1,0,LOSS,67.4,2
2026-06-10,MLB,TOTAL,"Washington Nationals @ San Francisco Giants",under,ELITE,5,1,0,LOSS,73.65,7
2026-06-10,NBA,TOTAL,"Spurs @ Knicks",under,WEAK,0.25,1,0,WIN,78.75,11
2026-06-11,MLB,TOTAL,"Arizona Diamondbacks @ Miami Marlins",over,FADE,0,0,1,LOSS,65.19,5
2026-06-11,MLB,TOTAL,"Chicago Cubs @ Colorado Rockies",over,FADE,0,0,1,WIN,73.62,4
2026-06-11,MLB,TOTAL,"Los Angeles Dodgers @ Pittsburgh Pirates",under,FADE,0,0,1,LOSS,74.46,2
2026-06-11,MLB,TOTAL,"Texas Rangers @ Kansas City Royals",under,WEAK,0.25,1,0,WIN,74.46,5
2026-06-11,NHL,TOTAL,"Golden Knights @ Hurricanes",under,LEAN,0.5,1,0,PUSH,69.05,6
2026-06-12,MLB,TOTAL,"Chicago Cubs @ San Francisco Giants",over,LOCK,1,1,0,LOSS,73.14,1
2026-06-12,MLB,TOTAL,"San Diego Padres @ Baltimore Orioles",under,FADE,0,0,1,LOSS,75.49,2
2026-06-12,MLB,TOTAL,"Seattle Mariners @ Washington Nationals",over,PREMIUM,3,1,0,WIN,77.66,6
2026-06-12,MLB,TOTAL,"St. Louis Cardinals @ Minnesota Twins",over,PREMIUM,3,1,0,WIN,49.78,2
2026-06-13,MLB,TOTAL,"Atlanta Braves @ New York Mets",under,ELITE,5,1,0,WIN,68.05,2
2026-06-13,MLB,TOTAL,"Chicago Cubs @ San Francisco Giants",under,PREMIUM,3,1,0,WIN,70.05,3
2026-06-13,MLB,TOTAL,"Colorado Rockies @ Athletics",over,FADE,0,0,1,LOSS,59.62,1
2026-06-13,MLB,TOTAL,"New York Yankees @ Toronto Blue Jays",under,LOCK,1,1,0,WIN,72.88,1
2026-06-13,MLB,TOTAL,"Philadelphia Phillies @ Milwaukee Brewers",over,LEAN,0.5,1,0,WIN,62.39,1
2026-06-13,MLB,TOTAL,"St. Louis Cardinals @ Minnesota Twins",under,FADE,0,0,1,LOSS,79.44,1
2026-06-13,MLB,TOTAL,"Texas Rangers @ Boston Red Sox",under,ELITE,5,1,0,LOSS,69.23,1
2026-06-13,NBA,TOTAL,"Knicks @ Spurs",over,FADE,0,0,1,LOSS,78.33,5
2026-06-14,MLB,TOTAL,"Colorado Rockies @ Athletics",under,PREMIUM,3,1,0,LOSS,66.11,3
2026-06-14,MLB,TOTAL,"Miami Marlins @ Pittsburgh Pirates",under,FADE,0,0,1,WIN,65.81,2
2026-06-14,MLB,TOTAL,"San Diego Padres @ Baltimore Orioles",under,FADE,0,0,1,WIN,66.49,1
2026-06-14,MLB,TOTAL,"Texas Rangers @ Boston Red Sox",under,FADE,0,0,1,LOSS,56.76,1
2026-06-14,NHL,TOTAL,"Hurricanes @ Golden Knights",under,ELITE,5,1,0,WIN,80,1
2026-06-15,MLB,TOTAL,"Colorado Rockies @ Chicago Cubs",over,LOCK,0,0,1,LOSS,72.88,1
2026-06-15,MLB,TOTAL,"Kansas City Royals @ Washington Nationals",over,PREMIUM,0,0,1,WIN,70.95,2
2026-06-15,MLB,TOTAL,"Miami Marlins @ Philadelphia Phillies",over,PREMIUM,0,0,1,LOSS,64.8,3
2026-06-15,MLB,TOTAL,"Minnesota Twins @ Texas Rangers",over,LOCK,0,0,1,LOSS,72.88,1
2026-06-15,MLB,TOTAL,"Pittsburgh Pirates @ Athletics",under,LOCK,0,0,1,LOSS,68.85,2
2026-06-15,MLB,TOTAL,"Tampa Bay Rays @ Los Angeles Dodgers",over,LOCK,0,0,1,LOSS,76.62,3
2026-06-16,MLB,TOTAL,"Cleveland Guardians @ Milwaukee Brewers",under,ELITE,0,0,1,WIN,53.57,1
2026-06-16,MLB,TOTAL,"Colorado Rockies @ Chicago Cubs",over,PREMIUM,3,1,0,LOSS,64.97,3
2026-06-16,MLB,TOTAL,"Detroit Tigers @ Houston Astros",over,PREMIUM,0,0,1,LOSS,60,3
2026-06-16,MLB,TOTAL,"Kansas City Royals @ Washington Nationals",over,PREMIUM,0,0,1,WIN,76.43,5
2026-06-16,MLB,TOTAL,"Los Angeles Angels @ Arizona Diamondbacks",over,FADE,0,0,1,LOSS,63.04,3
2026-06-16,MLB,TOTAL,"New York Mets @ Cincinnati Reds",over,ELITE,3,1,0,LOSS,64.97,4
2026-06-16,MLB,TOTAL,"Tampa Bay Rays @ Los Angeles Dodgers",over,LOCK,0,0,1,LOSS,77.04,6
2026-06-17,MLB,TOTAL,"Baltimore Orioles @ Seattle Mariners",over,ELITE,3,1,0,WIN,47.88,2
2026-06-17,MLB,TOTAL,"Colorado Rockies @ Chicago Cubs",over,FADE,0,0,1,WIN,73.18,4
2026-06-17,MLB,TOTAL,"Detroit Tigers @ Houston Astros",over,FADE,0,0,1,LOSS,59.38,2
2026-06-17,MLB,TOTAL,"Kansas City Royals @ Washington Nationals",over,FADE,0,0,1,LOSS,65.1,3
2026-06-17,MLB,TOTAL,"Los Angeles Angels @ Arizona Diamondbacks",under,ELITE,3,1,0,WIN,53.75,1
2026-06-17,MLB,TOTAL,"New York Mets @ Cincinnati Reds",over,FADE,0,0,1,WIN,56.49,1
2026-06-17,MLB,TOTAL,"San Diego Padres @ St. Louis Cardinals",over,ELITE,3,1,0,LOSS,76.46,4
2026-06-17,MLB,TOTAL,"San Francisco Giants @ Atlanta Braves",over,FADE,0,0,1,PUSH,77.99,4
2026-06-17,MLB,TOTAL,"Tampa Bay Rays @ Los Angeles Dodgers",under,FADE,0,0,1,LOSS,69.83,3
2026-06-18,MLB,TOTAL,"Baltimore Orioles @ Seattle Mariners",over,FADE,0,0,1,LOSS,51.96,2
2026-06-18,MLB,TOTAL,"Los Angeles Angels @ Athletics",over,FADE,0,0,1,LOSS,72.95,1
2026-06-18,MLB,TOTAL,"New York Mets @ Philadelphia Phillies",over,PREMIUM,3,1,0,WIN,64.73,3
2026-06-18,MLB,TOTAL,"Toronto Blue Jays @ Boston Red Sox",under,PREMIUM,3,1,0,WIN,76.96,6
2026-06-19,MLB,TOTAL,"Baltimore Orioles @ Los Angeles Dodgers",over,PREMIUM,0,0,1,WIN,59.42,2
2026-06-19,MLB,TOTAL,"Boston Red Sox @ Seattle Mariners",over,LEAN,0,0,1,WIN,73,1
2026-06-19,MLB,TOTAL,"Cincinnati Reds @ New York Yankees",over,PREMIUM,0,0,1,LOSS,68.33,3
2026-06-19,MLB,TOTAL,"Pittsburgh Pirates @ Colorado Rockies",over,ELITE,3,1,0,LOSS,53.11,1
2026-06-19,MLB,TOTAL,"Toronto Blue Jays @ Chicago Cubs",under,PREMIUM,3,1,0,LOSS,64.18,3
2026-06-20,MLB,TOTAL,"Chicago White Sox @ Detroit Tigers",under,WEAK,0,0,1,WIN,52.43,1
2026-06-20,MLB,TOTAL,"Milwaukee Brewers @ Atlanta Braves",under,PREMIUM,2,1,0,WIN,70.3,3
2026-06-20,MLB,TOTAL,"Minnesota Twins @ Arizona Diamondbacks",under,LOCK,0,0,1,LOSS,43.4,1
2026-06-20,MLB,TOTAL,"San Francisco Giants @ Miami Marlins",over,LEAN,0,0,1,WIN,56.37,1
2026-06-20,MLB,TOTAL,"Toronto Blue Jays @ Chicago Cubs",under,LEAN,0,0,1,LOSS,56.37,1
2026-06-21,MLB,TOTAL,"Boston Red Sox @ Seattle Mariners",under,PREMIUM,2.5,1,0,WIN,74.48,6
2026-06-21,MLB,TOTAL,"Cincinnati Reds @ New York Yankees",over,LOCK,0,0,1,LOSS,60.94,1
2026-06-21,MLB,TOTAL,"Cleveland Guardians @ Houston Astros",over,WEAK,0,0,1,LOSS,52.26,1
2026-06-21,MLB,TOTAL,"Chicago White Sox @ Detroit Tigers",under,PREMIUM,3,1,0,LOSS,69.02,3
2026-06-21,MLB,TOTAL,"Los Angeles Angels @ Athletics",over,PREMIUM,0,0,1,WIN,52.26,1
2026-06-21,MLB,TOTAL,"Minnesota Twins @ Arizona Diamondbacks",over,PREMIUM,0,0,1,LOSS,68.95,4
2026-06-21,MLB,TOTAL,"San Francisco Giants @ Miami Marlins",over,PREMIUM,0,0,1,LOSS,60.94,1
2026-06-21,MLB,TOTAL,"St. Louis Cardinals @ Kansas City Royals",under,WEAK,0,0,1,LOSS,70.57,4
2026-06-21,MLB,TOTAL,"Washington Nationals @ Tampa Bay Rays",under,FADE,0,0,1,WIN,71.15,1
2026-06-22,MLB,TOTAL,"Baltimore Orioles @ Los Angeles Angels",over,PREMIUM,3,1,0,LOSS,52.24,1
2026-06-22,MLB,TOTAL,"Boston Red Sox @ Colorado Rockies",under,ELITE,0,0,1,WIN,70.21,1
2026-06-22,MLB,TOTAL,"Chicago Cubs @ New York Mets",over,PREMIUM,3,1,0,WIN,61.81,2
2026-06-22,MLB,TOTAL,"Houston Astros @ Toronto Blue Jays",under,ELITE,3,1,0,WIN,66.5,4
2026-06-22,MLB,TOTAL,"Los Angeles Dodgers @ Minnesota Twins",over,FADE,0,0,1,LOSS,67.95,3
2026-06-22,MLB,TOTAL,"New York Yankees @ Detroit Tigers",under,LOCK,4,1,0,WIN,70.06,3
2026-06-23,MLB,TOTAL,"Arizona Diamondbacks @ St. Louis Cardinals",under,ELITE,0,0,1,WIN,70.89,1
2026-06-23,MLB,TOTAL,"Chicago Cubs @ New York Mets",under,ELITE,0,0,1,LOSS,52.41,1
2026-06-23,MLB,TOTAL,"Houston Astros @ Toronto Blue Jays",under,FADE,0,0,1,LOSS,76.73,5
2026-06-23,MLB,TOTAL,"Kansas City Royals @ Tampa Bay Rays",under,FADE,0,0,1,LOSS,61.43,2
2026-06-23,MLB,TOTAL,"Los Angeles Dodgers @ Minnesota Twins",under,FADE,0,0,1,LOSS,72.79,2
2026-06-23,MLB,TOTAL,"Milwaukee Brewers @ Cincinnati Reds",over,LOCK,2.5,1,0,LOSS,51.47,1
2026-06-23,MLB,TOTAL,"Athletics @ San Francisco Giants",over,FADE,0,0,1,LOSS,43.86,1
2026-06-23,MLB,TOTAL,"Seattle Mariners @ Pittsburgh Pirates",under,WEAK,0,0,1,WIN,70.59,1
2026-06-23,MLB,TOTAL,"Texas Rangers @ Miami Marlins",under,PREMIUM,0,0,1,LOSS,70.59,1
2026-06-24,MLB,TOTAL,"Arizona Diamondbacks @ St. Louis Cardinals",over,LOCK,0,0,1,WIN,50.68,1
2026-06-24,MLB,TOTAL,"Atlanta Braves @ San Diego Padres",under,LOCK,0,0,1,WIN,73.27,1
2026-06-24,MLB,TOTAL,"Baltimore Orioles @ Los Angeles Angels",over,WEAK,0,0,1,WIN,51.72,1
2026-06-24,MLB,TOTAL,"Boston Red Sox @ Colorado Rockies",over,PREMIUM,4,1,0,WIN,73.47,4
2026-06-24,MLB,TOTAL,"Chicago Cubs @ New York Mets",under,ELITE,0,0,1,LOSS,60.54,3
2026-06-24,MLB,TOTAL,"Houston Astros @ Toronto Blue Jays",under,WEAK,0,0,1,WIN,73.27,1
2026-06-24,MLB,TOTAL,"Milwaukee Brewers @ Cincinnati Reds",under,PREMIUM,0,0,1,LOSS,74.13,2
2026-06-24,MLB,TOTAL,"New York Yankees @ Detroit Tigers",under,ELITE,0,0,1,WIN,71.31,2
2026-06-24,MLB,TOTAL,"Athletics @ San Francisco Giants",under,LOCK,0,0,1,WIN,71.31,2
2026-06-24,MLB,TOTAL,"Philadelphia Phillies @ Washington Nationals",over,PREMIUM,3,1,0,LOSS,50.68,1
2026-06-24,MLB,TOTAL,"Seattle Mariners @ Pittsburgh Pirates",under,LEAN,4,1,0,LOSS,74.34,6
2026-06-24,MLB,TOTAL,"Texas Rangers @ Miami Marlins",under,FADE,0,0,1,WIN,69.68,2
2026-06-25,MLB,TOTAL,"Chicago Cubs @ New York Mets",under,PREMIUM,0,0,1,WIN,33.33,1
2026-06-25,MLB,TOTAL,"Houston Astros @ Detroit Tigers",under,PREMIUM,4,1,0,WIN,59.85,2
2026-06-25,MLB,TOTAL,"New York Yankees @ Boston Red Sox",under,PREMIUM,0,0,1,LOSS,51.15,1
2026-06-25,MLB,TOTAL,"Philadelphia Phillies @ Washington Nationals",over,FADE,0,0,1,WIN,50.21,1
2026-06-26,MLB,TOTAL,"Atlanta Braves @ San Francisco Giants",over,LOCK,0,0,1,LOSS,56.16,1
2026-06-26,MLB,TOTAL,"Chicago Cubs @ Milwaukee Brewers",under,ELITE,4,1,0,LOSS,68.3,1
2026-06-26,MLB,TOTAL,"Cincinnati Reds @ Pittsburgh Pirates",over,LEAN,0,0,1,WIN,50,1
2026-06-26,MLB,TOTAL,"New York Yankees @ Boston Red Sox",under,FADE,0,0,1,WIN,56.44,1
2026-06-26,MLB,TOTAL,"Athletics @ Los Angeles Angels",under,FADE,0,0,1,LOSS,69.23,1
2026-06-26,MLB,TOTAL,"Seattle Mariners @ Cleveland Guardians",under,PREMIUM,0,0,1,WIN,59.72,2
2026-06-26,MLB,TOTAL,"Texas Rangers @ Toronto Blue Jays",under,PREMIUM,0,0,1,LOSS,85.88,2
2026-06-27,MLB,TOTAL,"Arizona Diamondbacks @ Tampa Bay Rays",over,LOCK,0,0,1,LOSS,69.33,3
2026-06-27,MLB,TOTAL,"Cincinnati Reds @ Pittsburgh Pirates",under,FADE,0,0,1,LOSS,70.93,3
2026-06-27,MLB,TOTAL,"Houston Astros @ Detroit Tigers",under,WEAK,4,1,0,LOSS,71.39,3
2026-06-27,MLB,TOTAL,"Los Angeles Dodgers @ San Diego Padres",over,PREMIUM,0,0,1,WIN,49.69,2
2026-06-27,MLB,TOTAL,"New York Yankees @ Boston Red Sox",under,FADE,0,0,1,WIN,54.55,1
2026-06-27,MLB,TOTAL,"Athletics @ Los Angeles Angels",over,FADE,0,0,1,LOSS,66.95,3
2026-06-27,MLB,TOTAL,"Philadelphia Phillies @ New York Mets",over,WEAK,0,0,1,LOSS,65.97,2
2026-06-28,MLB,TOTAL,"Atlanta Braves @ San Francisco Giants",under,LEAN,1,1,0,WIN,71.69,3
2026-06-28,MLB,TOTAL,"Chicago Cubs @ Milwaukee Brewers",under,LOCK,4,1,0,WIN,56.41,2
2026-06-28,MLB,TOTAL,"Cincinnati Reds @ Pittsburgh Pirates",under,PREMIUM,4,1,0,LOSS,67.68,3
2026-06-28,MLB,TOTAL,"Houston Astros @ Detroit Tigers",under,PREMIUM,0,0,1,LOSS,48.47,1
2026-06-28,MLB,TOTAL,"Los Angeles Dodgers @ San Diego Padres",under,PREMIUM,0,0,1,WIN,72.32,1
2026-06-28,MLB,TOTAL,"New York Yankees @ Boston Red Sox",under,PREMIUM,4,1,0,LOSS,65.81,3
2026-06-28,MLB,TOTAL,"Athletics @ Los Angeles Angels",over,FADE,0,0,1,LOSS,73.84,6
2026-06-28,MLB,TOTAL,"Philadelphia Phillies @ New York Mets",over,LEAN,0,0,1,WIN,70.96,3
2026-06-28,MLB,TOTAL,"Texas Rangers @ Toronto Blue Jays",over,LEAN,0,0,1,LOSS,50.55,1
2026-06-29,MLB,TOTAL,"Cincinnati Reds @ Milwaukee Brewers",over,LEAN,0,0,1,LOSS,72.25,1
2026-06-29,MLB,TOTAL,"Chicago White Sox @ Baltimore Orioles",under,WEAK,0,0,1,LOSS,72.25,1
2026-06-29,MLB,TOTAL,"Detroit Tigers @ New York Yankees",under,WEAK,0,0,1,LOSS,65.22,3
2026-06-29,MLB,TOTAL,"Miami Marlins @ Colorado Rockies",over,LEAN,3,1,0,WIN,68.01,4
2026-06-29,MLB,TOTAL,"San Diego Padres @ Chicago Cubs",under,WEAK,4,1,0,WIN,72.41,4
2026-06-29,MLB,TOTAL,"San Francisco Giants @ Arizona Diamondbacks",over,PREMIUM,0,0,1,PUSH,72.25,1
2026-06-29,MLB,TOTAL,"Texas Rangers @ Cleveland Guardians",under,WEAK,0,0,1,LOSS,68.17,3
2026-06-30,MLB,TOTAL,"Chicago White Sox @ Baltimore Orioles",over,LOCK,4,1,0,WIN,85.14,5
2026-06-30,MLB,TOTAL,"Detroit Tigers @ New York Yankees",under,PREMIUM,5,1,0,LOSS,69.06,8
2026-06-30,MLB,TOTAL,"Los Angeles Angels @ Seattle Mariners",under,LEAN,0,0,1,LOSS,72.96,1
2026-06-30,MLB,TOTAL,"Miami Marlins @ Colorado Rockies",under,FADE,0,0,1,LOSS,89.06,3
2026-06-30,MLB,TOTAL,"Pittsburgh Pirates @ Philadelphia Phillies",under,PREMIUM,1,1,0,WIN,66.17,3
2026-06-30,MLB,TOTAL,"San Diego Padres @ Chicago Cubs",over,LOCK,5,1,0,WIN,70.41,5
2026-06-30,MLB,TOTAL,"St. Louis Cardinals @ Atlanta Braves",over,LEAN,5,1,0,LOSS,64.14,3
2026-06-30,MLB,TOTAL,"Texas Rangers @ Cleveland Guardians",under,LOCK,2.5,1,0,WIN,70.92,5
2026-06-30,MLB,TOTAL,"Washington Nationals @ Boston Red Sox",under,LOCK,4,1,0,PUSH,60.61,2
2026-07-01,MLB,TOTAL,"Cincinnati Reds @ Milwaukee Brewers",under,ELITE,2.5,1,0,WIN,67.89,3
2026-07-01,MLB,TOTAL,"Los Angeles Dodgers @ Athletics",under,PREMIUM,1,1,0,WIN,67.89,2
2026-07-01,MLB,TOTAL,"Miami Marlins @ Colorado Rockies",under,LOCK,0,0,1,WIN,64.42,2
2026-07-01,MLB,TOTAL,"Minnesota Twins @ Houston Astros",under,ELITE,0,0,1,LOSS,70.49,1
2026-07-01,MLB,TOTAL,"San Diego Padres @ Chicago Cubs",under,ELITE,4,1,0,LOSS,74.13,5
2026-07-01,MLB,TOTAL,"St. Louis Cardinals @ Atlanta Braves",under,PREMIUM,0,0,1,WIN,61.07,2
2026-07-01,MLB,TOTAL,"Washington Nationals @ Boston Red Sox",under,PREMIUM,4,1,0,LOSS,62.92,3
2026-07-02,MLB,TOTAL,"Cincinnati Reds @ Milwaukee Brewers",under,PREMIUM,4,1,0,LOSS,85.93,5
2026-07-02,MLB,TOTAL,"Chicago White Sox @ Cleveland Guardians",under,ELITE,0,0,1,LOSS,60.38,2
2026-07-02,MLB,TOTAL,"Detroit Tigers @ Texas Rangers",under,ELITE,6,1,0,LOSS,69.1,5
2026-07-02,MLB,TOTAL,"Los Angeles Angels @ Seattle Mariners",under,WEAK,2.5,1,0,WIN,58.81,3
2026-07-02,MLB,TOTAL,"Miami Marlins @ Colorado Rockies",over,WEAK,0,0,1,WIN,68.45,5
2026-07-02,MLB,TOTAL,"Pittsburgh Pirates @ Philadelphia Phillies",over,ELITE,4,1,0,LOSS,70.63,6
2026-07-02,MLB,TOTAL,"San Diego Padres @ Los Angeles Dodgers",over,FADE,0,0,1,WIN,71.11,1
2026-07-02,MLB,TOTAL,"St. Louis Cardinals @ Atlanta Braves",under,LOCK,0,0,1,LOSS,71.11,1
2026-07-02,MLB,TOTAL,"Tampa Bay Rays @ Kansas City Royals",over,PREMIUM,0,0,1,LOSS,61.32,2
2026-07-03,MLB,TOTAL,"Baltimore Orioles @ Cincinnati Reds",under,LOCK,5,1,0,WIN,67.16,2
2026-07-03,MLB,TOTAL,"Boston Red Sox @ Los Angeles Angels",under,PREMIUM,0,0,1,WIN,61.76,1
2026-07-03,MLB,TOTAL,"Chicago White Sox @ Cleveland Guardians",under,PREMIUM,5,1,0,WIN,73.87,5
2026-07-03,MLB,TOTAL,"Milwaukee Brewers @ Arizona Diamondbacks",over,LEAN,4,1,0,WIN,68.99,2
2026-07-03,MLB,TOTAL,"Pittsburgh Pirates @ Washington Nationals",over,WEAK,0,0,1,WIN,68.99,4
2026-07-03,MLB,TOTAL,"San Francisco Giants @ Colorado Rockies",under,PREMIUM,5,1,0,LOSS,51.68,1
2026-07-03,MLB,TOTAL,"St. Louis Cardinals @ Chicago Cubs",under,FADE,0,0,1,LOSS,71.82,1
2026-07-03,MLB,TOTAL,"Tampa Bay Rays @ Houston Astros",under,PREMIUM,4,1,0,WIN,83.99,3
2026-07-03,MLB,TOTAL,"Toronto Blue Jays @ Seattle Mariners",under,FADE,0,0,1,WIN,65.45,1
2026-07-04,MLB,TOTAL,"Baltimore Orioles @ Cincinnati Reds",over,WEAK,0,0,1,WIN,55.56,1
2026-07-04,MLB,TOTAL,"Chicago White Sox @ Cleveland Guardians",under,LEAN,0,0,1,WIN,78.15,3
2026-07-04,MLB,TOTAL,"Detroit Tigers @ Texas Rangers",under,LEAN,5,1,0,WIN,63.57,3
2026-07-04,MLB,TOTAL,"Miami Marlins @ Athletics",over,FADE,0,0,1,LOSS,60.85,2
2026-07-04,MLB,TOTAL,"Milwaukee Brewers @ Arizona Diamondbacks",under,LOCK,0,0,1,WIN,55.56,1
2026-07-04,MLB,TOTAL,"Minnesota Twins @ New York Yankees",over,ELITE,4,1,0,WIN,68.05,3
2026-07-04,MLB,TOTAL,"Pittsburgh Pirates @ Washington Nationals",under,PREMIUM,4,1,0,WIN,68.05,3
2026-07-04,MLB,TOTAL,"San Francisco Giants @ Colorado Rockies",over,PREMIUM,5,1,0,LOSS,87.1,6
2026-07-04,MLB,TOTAL,"St. Louis Cardinals @ Chicago Cubs",over,WEAK,3,1,0,LOSS,61.1,2
2026-07-04,MLB,TOTAL,"Tampa Bay Rays @ Houston Astros",under,LOCK,0,0,1,LOSS,87.1,5
2026-07-04,MLB,TOTAL,"Toronto Blue Jays @ Seattle Mariners",under,WEAK,0,0,1,LOSS,71.43,1
2026-07-05,MLB,TOTAL,"Chicago White Sox @ Cleveland Guardians",under,FADE,0,0,1,LOSS,96.88,1
2026-07-05,MLB,TOTAL,"Detroit Tigers @ Texas Rangers",over,LOCK,0,0,1,WIN,56.25,1
2026-07-05,MLB,TOTAL,"Miami Marlins @ Athletics",under,FADE,0,0,1,LOSS,69.05,1
2026-07-05,MLB,TOTAL,"Milwaukee Brewers @ Arizona Diamondbacks",over,PREMIUM,1,1,0,LOSS,67.59,3
2026-07-05,MLB,TOTAL,"Minnesota Twins @ New York Yankees",under,ELITE,3,1,0,WIN,46.92,2
2026-07-05,MLB,TOTAL,"Philadelphia Phillies @ Kansas City Royals",over,PREMIUM,4,1,0,LOSS,67.59,3
2026-07-05,MLB,TOTAL,"San Diego Padres @ Los Angeles Dodgers",under,WEAK,0,0,1,WIN,87.28,6
2026-07-05,MLB,TOTAL,"San Francisco Giants @ Colorado Rockies",over,PREMIUM,2.5,1,0,PUSH,76.7,10
2026-07-05,MLB,TOTAL,"St. Louis Cardinals @ Chicago Cubs",over,LOCK,0,0,1,WIN,67.59,3
2026-07-05,MLB,TOTAL,"Tampa Bay Rays @ Houston Astros",under,PREMIUM,4,1,0,WIN,82.96,2
2026-07-06,MLB,TOTAL,"Arizona Diamondbacks @ San Diego Padres",over,WEAK,0,0,1,LOSS,72.49,2
2026-07-06,MLB,TOTAL,"Houston Astros @ Washington Nationals",over,WEAK,0,0,1,WIN,60.02,2
2026-07-06,MLB,TOTAL,"New York Mets @ Atlanta Braves",over,ELITE,4,1,0,WIN,67.17,3
2026-07-06,MLB,TOTAL,"Toronto Blue Jays @ San Francisco Giants",under,WEAK,0,0,1,LOSS,60,1
2026-07-07,MLB,TOTAL,"Atlanta Braves @ Pittsburgh Pirates",over,ELITE,0,0,1,WIN,80,1
2026-07-07,MLB,TOTAL,"Colorado Rockies @ Los Angeles Dodgers",under,PREMIUM,0,0,1,WIN,62.59,4
2026-07-07,MLB,TOTAL,"Houston Astros @ Washington Nationals",under,LEAN,1,1,0,WIN,67.26,2
2026-07-07,MLB,TOTAL,"Kansas City Royals @ New York Mets",over,PREMIUM,0,0,1,WIN,80,1
2026-07-07,MLB,TOTAL,"Los Angeles Angels @ Texas Rangers",under,PREMIUM,3,1,0,LOSS,63.39,2
2026-07-07,MLB,TOTAL,"Milwaukee Brewers @ St. Louis Cardinals",over,LOCK,4,1,0,LOSS,73.33,2
2026-07-07,MLB,TOTAL,"New York Yankees @ Tampa Bay Rays",under,PREMIUM,0,0,1,LOSS,65.75,1
2026-07-07,MLB,TOTAL,"Philadelphia Phillies @ Cincinnati Reds",under,PREMIUM,0,0,1,WIN,80,1
2026-07-07,MLB,TOTAL,"Seattle Mariners @ Miami Marlins",under,PREMIUM,0,0,1,LOSS,65.75,1
2026-07-08,MLB,TOTAL,"Arizona Diamondbacks @ San Diego Padres",over,LOCK,0,0,1,WIN,68.84,2
2026-07-08,MLB,TOTAL,"Chicago Cubs @ Baltimore Orioles",over,WEAK,4,1,0,WIN,73.96,5
2026-07-08,MLB,TOTAL,"Colorado Rockies @ Los Angeles Dodgers",under,LOCK,4,1,0,WIN,58.71,4
2026-07-08,MLB,TOTAL,"Kansas City Royals @ New York Mets",over,ELITE,0,0,1,LOSS,94.74,1
2026-07-08,MLB,TOTAL,"Milwaukee Brewers @ St. Louis Cardinals",under,PREMIUM,0,0,1,WIN,64.72,4
2026-07-08,MLB,TOTAL,"New York Yankees @ Tampa Bay Rays",over,FADE,0,0,1,LOSS,65.58,3
2026-07-09,MLB,TOTAL,"Arizona Diamondbacks @ San Diego Padres",over,LOCK,0,0,1,LOSS,72.41,1
2026-07-09,MLB,TOTAL,"Atlanta Braves @ Pittsburgh Pirates",over,FADE,0,0,1,WIN,62.63,3
2026-07-09,MLB,TOTAL,"Chicago Cubs @ Baltimore Orioles",over,LOCK,4,1,0,LOSS,61.01,2
2026-07-09,MLB,TOTAL,"Colorado Rockies @ San Francisco Giants",under,PREMIUM,0,0,1,LOSS,90.91,1
2026-07-09,MLB,TOTAL,"Milwaukee Brewers @ St. Louis Cardinals",over,LEAN,5,1,0,WIN,63.12,2
2026-07-09,MLB,TOTAL,"Athletics @ Detroit Tigers",over,FADE,0,0,1,LOSS,60.99,2
2026-07-10,MLB,TOTAL,"Arizona Diamondbacks @ Los Angeles Dodgers",under,WEAK,0,0,1,LOSS,89.58,1
2026-07-10,MLB,TOTAL,"Cleveland Guardians @ Miami Marlins",under,ELITE,4,1,0,WIN,73.53,1
2026-07-10,MLB,TOTAL,"Colorado Rockies @ San Francisco Giants",over,ELITE,0,0,1,LOSS,62.36,2
2026-07-10,MLB,TOTAL,"Houston Astros @ Texas Rangers",over,ELITE,0,0,1,WIN,73.53,1
2026-07-10,MLB,TOTAL,"Kansas City Royals @ Baltimore Orioles",under,FADE,0,0,1,WIN,55.15,2
2026-07-10,MLB,TOTAL,"Los Angeles Angels @ Minnesota Twins",over,LOCK,0,0,1,LOSS,58.01,2
2026-07-10,MLB,TOTAL,"Milwaukee Brewers @ Pittsburgh Pirates",over,FADE,0,0,1,WIN,65.49,1
2026-07-10,MLB,TOTAL,"New York Yankees @ Washington Nationals",over,LOCK,5,1,0,LOSS,66.86,3
2026-07-10,MLB,TOTAL,"Seattle Mariners @ Tampa Bay Rays",under,ELITE,0,0,1,LOSS,73.53,1
2026-07-11,MLB,TOTAL,"Milwaukee Brewers @ Pittsburgh Pirates",over,LEAN,3,1,0,LOSS,57.72,2
2026-07-11,MLB,TOTAL,"Philadelphia Phillies @ Detroit Tigers",over,LOCK,0,0,1,LOSS,64.19,3
2026-07-11,MLB,TOTAL,"Seattle Mariners @ Tampa Bay Rays",over,PREMIUM,0,0,1,LOSS,88.68,1
2026-07-11,WNBA,TOTAL,"PortlandFire @ Atlanta Dream",over,LOCK,0,0,1,WIN,65.05,1
2026-07-12,MLB,TOTAL,"Atlanta Braves @ St. Louis Cardinals",under,FADE,0,0,1,WIN,72.01,2
2026-07-12,MLB,TOTAL,"Boston Red Sox @ New York Mets",under,FADE,0,0,1,WIN,64.16,1
2026-07-12,MLB,TOTAL,"Colorado Rockies @ San Francisco Giants",under,ELITE,0,0,1,WIN,66.67,1
2026-07-12,MLB,TOTAL,"Houston Astros @ Texas Rangers",over,LEAN,0,0,1,WIN,54.33,2
2026-07-12,MLB,TOTAL,"Los Angeles Angels @ Minnesota Twins",over,FADE,0,0,1,LOSS,46.15,1
2026-07-12,MLB,TOTAL,"Milwaukee Brewers @ Pittsburgh Pirates",over,PREMIUM,0,0,1,WIN,66.67,1
2026-07-12,MLB,TOTAL,"Philadelphia Phillies @ Detroit Tigers",under,FADE,0,0,1,WIN,72.01,1
2026-07-12,MLB,TOTAL,"Seattle Mariners @ Tampa Bay Rays",under,PREMIUM,4,1,0,LOSS,72.01,5
2026-07-12,MLB,TOTAL,"Toronto Blue Jays @ San Diego Padres",over,LOCK,0,0,1,WIN,56.52,1
2026-07-12,WNBA,TOTAL,"Chicago Sky @ Dallas Wings",under,PREMIUM,0,0,1,LOSS,63.71,1
2026-07-12,WNBA,TOTAL,"New York Liberty @ Toronto Tempo",over,PREMIUM,0,0,1,WIN,63.71,1