i,date,sport,mkt,matchup,side,path,hcTier,agsTier,odds,units,outcome,profit,meanPct,top2Pct,meanClv,nHighPct,nElite,pctEdge,opposed,S1,S5,S8,S8b,S9,forWallets
1,2026-06-01,MLB,ml,2026-06-01_MLB_cws_min,Minnesota Twins,UNTIERED,,PREMIUM,-144,3,WIN,2.08,62.1,63.7,1.91,2,2,,N,KEEP,CUT,KEEP,KEEP,CUT,"4c64aa:59%,70135d:67%,a0d6d2:61%"
2,2026-06-01,MLB,ml,2026-06-01_MLB_det_tbr,Detroit Tigers,UNTIERED,,LOCK,135,1,WIN,1.35,61.4,63.3,2.98,2,4,-9.8,Y,KEEP,CUT,KEEP,KEEP,CUT,"8c1eae:60%,491f30:60%,4c64aa:59%,70135d:67%"
3,2026-06-01,MLB,ml,2026-06-01_MLB_kcr_cin,Kansas City Royals,UNTIERED,,PREMIUM,109,2.5,WIN,2.73,62.4,63.7,3.08,2,3,-6.5,Y,KEEP,CUT,KEEP,KEEP,CUT,"8c1eae:60%,491f30:60%,eeabaf:67%"
4,2026-06-01,MLB,ml,2026-06-01_MLB_mia_wsh,Washington Nationals,UNTIERED,,LEAN,-138,0.5,LOSS,-0.5,58.9,58.9,2.26,0,1,-1.6,Y,CUT,CUT,CUT,CUT,CUT,4c64aa:59%
5,2026-06-01,MLB,total,2026-06-01_MLB_kcr_cin_total,Under 9.5,UNTIERED,,LOCK,-116,1,LOSS,-1,69.8,71.4,4.41,3,3,,Y,KEEP,KEEP,KEEP,KEEP,KEEP,"7923c4:72%,70135d:67%,9a69c2:71%"
6,2026-06-01,MLB,total,2026-06-01_MLB_sfg_mil_total,Under 4.5,UNTIERED,,ELITE,-110,5,LOSS,-5,62.5,62.5,1.77,1,1,-6.1,Y,KEEP,CUT,CUT,KEEP,CUT,"eeabaf:67%,cd2f63:58%"
7,2026-06-01,MLB,total,2026-06-01_MLB_tex_stl_total,Under 5.5,UNTIERED,,PREMIUM,-110,3,WIN,2.73,68.1,73.6,2.84,3,3,,Y,KEEP,KEEP,KEEP,KEEP,KEEP,"b19a27:73%,eeabaf:67%,f9e3d0:74%,cd2f63:58%"
8,2026-06-02,MLB,ml,2026-06-02_MLB_cle_nyy,New York Yankees,UNTIERED,,WEAK,-219,0.25,LOSS,-0.25,65.6,68.9,4.48,2,3,-2.6,Y,KEEP,KEEP,KEEP,KEEP,CUT,"4c64aa:59%,70135d:67%,9a69c2:71%"
9,2026-06-02,MLB,ml,2026-06-02_MLB_det_tbr,Detroit Tigers,UNTIERED,,ELITE,125,2.5,WIN,3.13,59.5,59.5,6.55,1,2,-9.4,Y,CUT,CUT,KEEP,CUT,CUT,"913987:60%,4c64aa:59%"
10,2026-06-02,MLB,ml,2026-06-02_MLB_mia_wsh,Miami Marlins,UNTIERED,,LEAN,-102,0.5,WIN,0.49,62.8,62.8,2.65,1,2,,N,KEEP,CUT,KEEP,KEEP,CUT,"4c64aa:59%,70135d:67%"
11,2026-06-02,MLB,ml,2026-06-02_MLB_pit_hou,Houston Astros,UNTIERED,,LOCK,-112,1,LOSS,-1,58.9,58.9,2.26,0,1,,N,CUT,CUT,CUT,CUT,CUT,4c64aa:59%
12,2026-06-02,MLB,ml,2026-06-02_MLB_tex_stl,St. Louis Cardinals,UNTIERED,,LOCK,-106,1,LOSS,-1,58.9,58.9,2.26,0,1,,N,CUT,CUT,CUT,CUT,CUT,4c64aa:59%
13,2026-06-02,MLB,ml,2026-06-02_MLB_tor_atl,Toronto Blue Jays,UNTIERED,,ELITE,102,2.5,LOSS,-2.5,63.8,67,1.94,2,2,5,Y,KEEP,KEEP,KEEP,KEEP,KEEP,"bc3532:66%,eeabaf:68%,cd2f63:57%"
14,2026-06-02,MLB,total,2026-06-02_MLB_cle_nyy_total,Under 7.5,UNTIERED,,LOCK,-119,1,LOSS,-1,71.5,71.5,1.97,1,1,4.9,Y,KEEP,KEEP,CUT,KEEP,KEEP,7923c4:72%
15,2026-06-02,MLB,total,2026-06-02_MLB_nym_sea_total,Over 7.5,UNTIERED,,PREMIUM,-110,3,WIN,2.73,60,60,10.84,1,1,,N,KEEP,CUT,CUT,KEEP,CUT,913987:60%
16,2026-06-02,MLB,total,2026-06-02_MLB_oak_chc_total,Over 7.5,UNTIERED,,PREMIUM,-110,3,LOSS,-3,60,60,10.84,1,1,-18.1,Y,KEEP,CUT,CUT,KEEP,CUT,913987:60%
17,2026-06-02,NHL,total,2026-06-02_NHL_vgk_car_total,Over 5.5,UNTIERED,,ELITE,-115,5,WIN,4.35,65.3,65.3,4.4,1,1,,N,KEEP,KEEP,CUT,KEEP,KEEP,"4d2125:71%,dfa240:59%"
18,2026-06-03,MLB,ml,2026-06-03_MLB_bal_bos,Boston Red Sox,UNTIERED,,LEAN,-152,0.5,WIN,0.33,67.2,74,4.3,5,5,,N,KEEP,KEEP,KEEP,KEEP,KEEP,"a8c991:77%,4c64aa:61%,8c1eae:61%,70135d:67%,9a69c2:71%"
19,2026-06-03,MLB,ml,2026-06-03_MLB_cle_nyy,Cleveland Guardians,UNTIERED,,LOCK,116,1,WIN,1.16,60.5,60.5,2.66,1,1,-8.4,Y,KEEP,CUT,CUT,KEEP,CUT,4c64aa:61%
20,2026-06-03,MLB,ml,2026-06-03_MLB_det_tbr,Detroit Tigers,UNTIERED,,LOCK,125,1,WIN,1.25,66.3,66.3,2.29,2,2,-2.6,Y,KEEP,KEEP,KEEP,KEEP,CUT,"7923c4:72%,4c64aa:61%"
21,2026-06-03,MLB,ml,2026-06-03_MLB_lad_ari,Arizona Diamondbacks,UNTIERED,,PREMIUM,180,1.5,LOSS,-1.5,60.5,60.5,2.66,1,1,-12.8,Y,KEEP,CUT,CUT,KEEP,CUT,4c64aa:61%
22,2026-06-03,MLB,ml,2026-06-03_MLB_mia_wsh,Washington Nationals,UNTIERED,,LEAN,-108,0.5,LOSS,-0.5,62.4,65.8,4.62,2,3,,N,KEEP,KEEP,KEEP,KEEP,KEEP,"4c64aa:61%,63fc82:56%,9a69c2:71%"
23,2026-06-03,MLB,ml,2026-06-03_MLB_oak_chc,Athletics,UNTIERED,,LEAN,119,0.5,WIN,0.59,59,59,1.78,1,1,-9.1,Y,CUT,CUT,CUT,CUT,CUT,"4c64aa:61%,cd2f63:58%"
24,2026-06-03,MLB,ml,2026-06-03_MLB_pit_hou,Pittsburgh Pirates,UNTIERED,,PREMIUM,-146,3,LOSS,-3,60.5,60.5,2.66,1,1,-9.5,Y,KEEP,CUT,CUT,KEEP,CUT,4c64aa:61%
25,2026-06-03,MLB,ml,2026-06-03_MLB_sdp_phi,Philadelphia Phillies,UNTIERED,,ELITE,-215,5,WIN,2.33,60.5,60.5,2.66,1,1,-10.6,Y,KEEP,CUT,CUT,KEEP,CUT,4c64aa:61%
26,2026-06-03,MLB,ml,2026-06-03_MLB_tex_stl,St. Louis Cardinals,UNTIERED,,PREMIUM,-112,3,WIN,2.68,60.5,60.5,2.66,1,1,,N,KEEP,CUT,CUT,KEEP,CUT,4c64aa:61%
27,2026-06-03,MLB,ml,2026-06-03_MLB_tor_atl,Atlanta Braves,UNTIERED,,LEAN,-148,0.5,WIN,0.34,67.8,67.8,6.34,2,2,1.5,Y,KEEP,KEEP,KEEP,KEEP,KEEP,"913987:75%,4c64aa:61%"
28,2026-06-03,NBA,ml,2026-06-03_NBA_nyk_sas,Spurs,UNTIERED,,WEAK,-190,0.25,LOSS,-0.25,66.4,74,3.33,8,8,1.7,Y,KEEP,KEEP,KEEP,KEEP,KEEP,"2d2ca8:75%,2e8da5:73%,c2aeea:61%,b19a27:73%,52aeeb:72%,0eb6ef:59%,4a0563:57%,af1697:72%,bc3532:66%,c911a4:66%,cd2f63:58%"
29,2026-06-03,MLB,spread,2026-06-03_MLB_lad_ari_spread,Los Angeles Dodgers,UNTIERED,,LOCK,-120,1,WIN,0.83,62.2,62.2,3.21,1,1,-4.5,Y,KEEP,CUT,CUT,KEEP,CUT,1e8f33:62%
30,2026-06-03,NBA,spread,2026-06-03_NBA_nyk_sas_spread,Knicks,UNTIERED,,WEAK,-105,0.25,WIN,0.24,60.1,70.2,-0.48,6,4,-3.7,Y,KEEP,KEEP,KEEP,KEEP,CUT,"7923c4:72%,f2d227:38%,70135d:67%,7703d4:67%,a0d6d2:61%,a1684d:47%,c668b3:61%,eeabaf:68%"
31,2026-06-03,MLB,total,2026-06-03_MLB_kcr_cin_total,Over 7.5,UNTIERED,,PREMIUM,-102,3,LOSS,-3,70.8,70.8,6.53,2,2,-0.3,Y,KEEP,KEEP,KEEP,KEEP,CUT,"913987:75%,70135d:67%"
32,2026-06-03,MLB,total,2026-06-03_MLB_mia_wsh_total,Over 8.5,UNTIERED,,ELITE,-105,5,LOSS,-5,74.2,74.2,7.04,2,2,7.5,Y,KEEP,KEEP,KEEP,KEEP,KEEP,"913987:75%,b19a27:73%"
33,2026-06-03,MLB,total,2026-06-03_MLB_sdp_phi_total,Over 7.5,UNTIERED,,WEAK,-110,0.25,LOSS,-0.25,60.3,61.7,3.03,2,2,-11.7,Y,KEEP,CUT,KEEP,KEEP,CUT,"491f30:63%,8c1eae:61%,cd2f63:58%"
34,2026-06-03,MLB,total,2026-06-03_MLB_sfg_mil_total,Under 8.5,UNTIERED,,PREMIUM,101,2.5,WIN,2.52,72,72,1.92,1,1,5.4,Y,KEEP,KEEP,CUT,KEEP,KEEP,7923c4:72%
35,2026-06-03,MLB,total,2026-06-03_MLB_tex_stl_total,Under 8.5,UNTIERED,,ELITE,-110,5,WIN,4.55,62.5,62.5,3.3,1,1,-2.2,Y,KEEP,CUT,CUT,KEEP,CUT,491f30:63%
36,2026-06-03,MLB,total,2026-06-03_MLB_tor_atl_total,Under 8.5,UNTIERED,,PREMIUM,100,2.5,LOSS,-2.5,72,72,1.92,1,1,5.4,Y,KEEP,KEEP,CUT,KEEP,KEEP,7923c4:72%
37,2026-06-04,MLB,ml,2026-06-04_MLB_bal_bos,Baltimore Orioles,UNTIERED,,LEAN,104,0.5,WIN,0.52,64.1,64.1,2.45,2,2,6.4,Y,KEEP,CUT,KEEP,KEEP,CUT,"bc3532:66%,4c64aa:62%"
38,2026-06-04,MLB,ml,2026-06-04_MLB_kcr_min,Minnesota Twins,UNTIERED,,LOCK,102,1,LOSS,-1,62.2,62.2,3.02,1,1,,N,KEEP,CUT,CUT,KEEP,CUT,4c64aa:62%
39,2026-06-04,MLB,ml,2026-06-04_MLB_lad_ari,Arizona Diamondbacks,UNTIERED,,ELITE,118,2.5,WIN,2.95,67.2,67.2,5.56,2,2,-3.9,Y,KEEP,KEEP,KEEP,KEEP,CUT,"913987:72%,4c64aa:62%"
40,2026-06-04,MLB,ml,2026-06-04_MLB_oak_chc,Chicago Cubs,UNTIERED,,ELITE,-142,5,WIN,3.52,67.2,67.2,5.56,2,2,-3.9,Y,KEEP,KEEP,KEEP,KEEP,CUT,"913987:72%,4c64aa:62%"
41,2026-06-04,MLB,ml,2026-06-04_MLB_pit_hou,Pittsburgh Pirates,UNTIERED,,WEAK,-106,0.25,WIN,0.24,44.1,44.1,0.46,0,0,-18.1,Y,CUT,CUT,CUT,CUT,CUT,c9bba3:44%
42,2026-06-04,MLB,ml,2026-06-04_MLB_sdp_phi,Philadelphia Phillies,UNTIERED,,LOCK,-215,1,WIN,0.47,67.2,69.8,2.64,3,3,-3.9,Y,KEEP,KEEP,KEEP,KEEP,CUT,"4c64aa:62%,7923c4:73%,70135d:67%"
43,2026-06-04,MLB,ml,2026-06-04_MLB_sfg_mil,Milwaukee Brewers,UNTIERED,,LOCK,-188,1,LOSS,-1,62.2,62.2,3.02,1,1,-4.5,Y,KEEP,CUT,CUT,KEEP,CUT,4c64aa:62%
44,2026-06-04,MLB,ml,2026-06-04_MLB_tor_atl,Atlanta Braves,UNTIERED,,LEAN,-250,0.5,LOSS,-0.5,60.9,69.8,1.06,4,2,-10.6,Y,KEEP,KEEP,KEEP,KEEP,CUT,"7923c4:73%,70135d:67%,a0d6d2:60%,c668b3:60%,c9bba3:44%"
45,2026-06-04,NHL,ml,2026-06-04_NHL_vgk_car,Hurricanes,UNTIERED,,WEAK,-160,0.25,WIN,0.16,68.6,70.2,0.8,3,1,19.7,Y,KEEP,KEEP,CUT,KEEP,KEEP,"4d2125:74%,bc3532:66%,bc44b0:65%"
46,2026-06-04,MLB,spread,2026-06-04_MLB_lad_ari_spread,Los Angeles Dodgers,UNTIERED,,ELITE,-111,5,LOSS,-5,68.2,68.2,3.53,1,1,4.6,Y,KEEP,KEEP,CUT,KEEP,KEEP,1e8f33:68%
47,2026-06-04,MLB,total,2026-06-04_MLB_cle_nyy_total,Over 8.5,UNTIERED,,LOCK,-110,1,LOSS,-1,63.6,66.5,4.59,2,2,-2.4,Y,KEEP,KEEP,KEEP,KEEP,CUT,"913987:72%,8c1eae:61%,cd2f63:58%"
48,2026-06-04,MLB,total,2026-06-04_MLB_sfg_mil_total,Over 8.5,UNTIERED,,PREMIUM,-110,3,WIN,2.73,65,65,4.46,1,1,-1,Y,KEEP,KEEP,CUT,KEEP,CUT,"913987:72%,cd2f63:58%"
49,2026-06-04,MLB,total,2026-06-04_MLB_tor_atl_total,Under 7.5,UNTIERED,,ELITE,-118,5,LOSS,-5,72.2,72.2,8.1,1,1,5.6,Y,KEEP,KEEP,CUT,KEEP,KEEP,913987:72%
50,2026-06-05,MLB,ml,2026-06-05_MLB_bal_tor,Toronto Blue Jays,UNTIERED,,WEAK,-145,0.25,LOSS,-0.25,65.4,65.4,3.18,2,2,-0.2,Y,KEEP,KEEP,KEEP,KEEP,CUT,"4c64aa:62%,1e8f33:69%"
51,2026-06-05,MLB,ml,2026-06-05_MLB_bos_nyy,Boston Red Sox,UNTIERED,,LEAN,128,0.5,WIN,0.64,68.8,68.8,3.25,1,1,2.6,Y,KEEP,KEEP,CUT,KEEP,KEEP,1e8f33:69%
52,2026-06-05,MLB,ml,2026-06-05_MLB_cin_stl,St. Louis Cardinals,UNTIERED,,LEAN,-136,0.5,WIN,0.37,41.7,51.9,-6.7,1,1,-15.6,Y,CUT,CUT,CUT,CUT,CUT,"4c64aa:62%,f2d227:42%,d10319:21%"
53,2026-06-05,MLB,ml,2026-06-05_MLB_cle_tex,Cleveland Guardians,UNTIERED,,ELITE,-126,5,LOSS,-5,69,69,5.16,2,2,-2.2,Y,KEEP,KEEP,KEEP,KEEP,CUT,"913987:71%,70135d:66%"
54,2026-06-05,MLB,ml,2026-06-05_MLB_cws_phi,Philadelphia Phillies,UNTIERED,,ELITE,-184,5,WIN,2.72,66.7,69,4.47,3,3,,N,KEEP,KEEP,KEEP,KEEP,KEEP,"913987:71%,4c64aa:62%,70135d:66%"
55,2026-06-05,MLB,ml,2026-06-05_MLB_laa_lad,Los Angeles Dodgers,UNTIERED,,LOCK,-196,1,WIN,0.51,64.3,64.3,3.03,2,2,,N,KEEP,CUT,KEEP,KEEP,CUT,"4c64aa:62%,70135d:66%"
56,2026-06-05,MLB,ml,2026-06-05_MLB_oak_hou,Athletics,UNTIERED,,LOCK,-105,1,LOSS,-1,62.1,62.1,3.11,1,1,,N,KEEP,CUT,CUT,KEEP,CUT,4c64aa:62%
57,2026-06-05,MLB,ml,2026-06-05_MLB_pit_atl,Atlanta Braves,UNTIERED,,LOCK,-142,1,WIN,0.7,67.3,69.9,4.84,3,3,,N,KEEP,KEEP,KEEP,KEEP,KEEP,"1e8f33:69%,4c64aa:62%,9a69c2:71%"
58,2026-06-05,MLB,ml,2026-06-05_MLB_sfg_chc,Chicago Cubs,UNTIERED,,LOCK,-172,1,LOSS,-1,62.1,62.1,3.11,1,1,,N,KEEP,CUT,CUT,KEEP,CUT,4c64aa:62%
59,2026-06-05,MLB,ml,2026-06-05_MLB_tbr_mia,Tampa Bay Rays,UNTIERED,,PREMIUM,-138,3,WIN,2.17,68.8,68.8,3.25,1,1,0.7,Y,KEEP,KEEP,CUT,KEEP,KEEP,1e8f33:69%
60,2026-06-05,NBA,ml,2026-06-05_NBA_nyk_sas,Spurs,UNTIERED,,WEAK,-230,0.25,LOSS,-0.25,70.3,81.6,3.76,9,7,1.7,Y,KEEP,KEEP,KEEP,KEEP,KEEP,"af1697:72%,52aeeb:71%,bbd49f:88%,2e8da5:74%,70135d:66%,769c38:67%,bc3532:66%,bc44b0:65%,cd2f63:57%,f9e3d0:76%"
61,2026-06-05,MLB,spread,2026-06-05_MLB_tbr_mia_spread,Tampa Bay Rays,UNTIERED,,LEAN,126,0.5,WIN,0.63,68.8,68.8,3.25,1,1,,N,KEEP,KEEP,CUT,KEEP,KEEP,1e8f33:69%
62,2026-06-05,NBA,spread,2026-06-05_NBA_nyk_sas_spread,Spurs,UNTIERED,,WEAK,-105,0.25,LOSS,-0.25,67.3,69.7,0.26,3,1,5.4,Y,KEEP,KEEP,CUT,KEEP,KEEP,"10c684:63%,af1697:72%,eeabaf:67%"
63,2026-06-05,MLB,total,2026-06-05_MLB_bal_tor_total,Over 8.5,UNTIERED,,PREMIUM,-106,3,WIN,2.83,64.7,64.7,-7.39,1,0,-4.1,Y,KEEP,CUT,CUT,KEEP,CUT,e05213:65%
64,2026-06-05,MLB,total,2026-06-05_MLB_bos_nyy_total,Over 8,UNTIERED,,LOCK,-112,1,PUSH,0,73.2,73.2,1.78,1,1,6.8,Y,KEEP,KEEP,CUT,KEEP,KEEP,7923c4:73%
65,2026-06-05,MLB,total,2026-06-05_MLB_cin_stl_total,Over 9.5,UNTIERED,,LEAN,-113,0.5,WIN,0.44,70.3,73,3.03,4,4,,N,KEEP,KEEP,KEEP,KEEP,KEEP,"7923c4:73%,b19a27:73%,1e8f33:69%,70135d:66%"
66,2026-06-05,MLB,total,2026-06-05_MLB_pit_atl_total,Over 8.5,UNTIERED,,ELITE,100,2.5,WIN,2.5,71.4,71.4,7.35,1,1,2.6,Y,KEEP,KEEP,CUT,KEEP,KEEP,913987:71%
67,2026-06-05,MLB,total,2026-06-05_MLB_sfg_chc_total,Over 10.5,UNTIERED,,ELITE,-114,5,WIN,4.39,73.2,73.2,1.78,1,1,6.8,Y,KEEP,KEEP,CUT,KEEP,KEEP,7923c4:73%
68,2026-06-06,MLB,ml,2026-06-06_MLB_cin_stl,St. Louis Cardinals,UNTIERED,,PREMIUM,-126,3,WIN,2.38,60.5,60.5,2.6,1,1,-5.9,Y,KEEP,CUT,CUT,KEEP,CUT,4c64aa:61%
69,2026-06-06,MLB,ml,2026-06-06_MLB_cws_phi,Philadelphia Phillies,UNTIERED,,LEAN,-134,0.5,LOSS,-0.5,67.8,67.8,2.73,1,1,-0.4,Y,KEEP,KEEP,CUT,KEEP,CUT,eeabaf:68%
70,2026-06-06,MLB,ml,2026-06-06_MLB_laa_lad,Los Angeles Dodgers,UNTIERED,,PREMIUM,-350,3,WIN,0.86,63.5,63.5,2.78,2,2,-5.4,Y,KEEP,CUT,KEEP,KEEP,CUT,"4c64aa:61%,70135d:66%"
71,2026-06-06,MLB,ml,2026-06-06_MLB_oak_hou,Houston Astros,UNTIERED,,ELITE,-123,5,WIN,4.07,67.8,67.8,2.73,1,1,17.8,Y,KEEP,KEEP,CUT,KEEP,KEEP,eeabaf:68%
72,2026-06-06,MLB,ml,2026-06-06_MLB_sea_det,Detroit Tigers,UNTIERED,,ELITE,112,2.5,LOSS,-2.5,65.8,65.8,2.62,1,1,4.1,Y,KEEP,KEEP,CUT,KEEP,KEEP,"10c684:60%,913987:72%"
73,2026-06-06,MLB,ml,2026-06-06_MLB_wsh_ari,Arizona Diamondbacks,UNTIERED,,ELITE,-152,5,LOSS,-5,60.8,66.3,2.51,2,2,-7.4,Y,KEEP,KEEP,KEEP,KEEP,CUT,"913987:72%,4c64aa:61%,94600d:50%"
74,2026-06-06,MLB,total,2026-06-06_MLB_bal_tor_total,Over 8.5,UNTIERED,,WEAK,-109,0.25,WIN,0.23,72.8,72.8,4.16,2,2,9.7,Y,KEEP,KEEP,KEEP,KEEP,KEEP,"913987:72%,7923c4:74%"
75,2026-06-06,MLB,total,2026-06-06_MLB_bos_nyy_total,Under 8.5,UNTIERED,,PREMIUM,-110,3,WIN,2.73,59.7,59.7,-1.27,0,0,-8.2,Y,CUT,CUT,CUT,CUT,CUT,10c684:60%
76,2026-06-06,MLB,total,2026-06-06_MLB_cin_stl_total,Over 9.5,UNTIERED,,PREMIUM,-110,3,WIN,2.73,69.7,69.7,3.46,2,2,,N,KEEP,KEEP,KEEP,KEEP,KEEP,"b19a27:73%,1e8f33:67%"
77,2026-06-06,MLB,total,2026-06-06_MLB_cle_tex_total,Over 7.5,UNTIERED,,LOCK,-107,1,LOSS,-1,59.7,59.7,-1.27,0,0,-8.6,Y,CUT,CUT,CUT,CUT,CUT,10c684:60%
78,2026-06-06,MLB,total,2026-06-06_MLB_cws_phi_total,Over 9.5,UNTIERED,,ELITE,-110,5,LOSS,-5,67.8,67.8,2.73,1,1,,N,KEEP,KEEP,CUT,KEEP,KEEP,eeabaf:68%
79,2026-06-06,MLB,total,2026-06-06_MLB_laa_lad_total,Under 8.5,UNTIERED,,ELITE,102,2.5,LOSS,-2.5,72,72,6.51,1,1,5.5,Y,KEEP,KEEP,CUT,KEEP,KEEP,913987:72%
80,2026-06-06,MLB,total,2026-06-06_MLB_nym_sdp_total,Under 7.5,UNTIERED,,PREMIUM,-109,3,WIN,2.75,69.5,71,5.63,3,3,,N,KEEP,KEEP,KEEP,KEEP,KEEP,"913987:72%,70135d:66%,9a69c2:70%"
81,2026-06-06,MLB,total,2026-06-06_MLB_oak_hou_total,Under 9.5,UNTIERED,,LOCK,-110,1,LOSS,-1,61.3,61.3,9.25,1,1,,N,KEEP,CUT,CUT,KEEP,CUT,dfa240:61%
82,2026-06-07,MLB,ml,2026-06-07_MLB_bal_tor,Toronto Blue Jays,UNTIERED,,PREMIUM,-136,3,WIN,2.21,59,59,2.19,0,1,-11.6,Y,CUT,CUT,CUT,CUT,CUT,4c64aa:59%
83,2026-06-07,MLB,ml,2026-06-07_MLB_cin_stl,St. Louis Cardinals,UNTIERED,,ELITE,-143,5,WIN,3.5,65.6,65.6,2.45,1,1,,N,KEEP,KEEP,CUT,KEEP,KEEP,1e8f33:66%
84,2026-06-07,MLB,ml,2026-06-07_MLB_cle_tex,Texas Rangers,UNTIERED,,LOCK,-138,1,WIN,0.72,59,59,2.19,0,1,-11.6,Y,CUT,CUT,CUT,CUT,CUT,4c64aa:59%
85,2026-06-07,MLB,ml,2026-06-07_MLB_cws_phi,Philadelphia Phillies,UNTIERED,,PREMIUM,-170,3,WIN,1.76,65.3,68.5,4.16,2,3,,N,KEEP,KEEP,KEEP,KEEP,KEEP,"4c64aa:59%,70135d:66%,9a69c2:71%"
86,2026-06-07,MLB,ml,2026-06-07_MLB_kcr_min,Kansas City Royals,UNTIERED,,WEAK,-120,0.25,WIN,0.21,66.3,66.3,3.84,1,2,-1.3,Y,KEEP,KEEP,KEEP,KEEP,CUT,"913987:74%,4c64aa:59%"
87,2026-06-07,MLB,ml,2026-06-07_MLB_laa_lad,Los Angeles Dodgers,UNTIERED,,WEAK,-200,0.25,LOSS,-0.25,62.7,62.7,2.58,1,2,-14.4,Y,KEEP,CUT,KEEP,KEEP,CUT,"4c64aa:59%,70135d:66%"
88,2026-06-07,MLB,ml,2026-06-07_MLB_mil_col,Colorado Rockies,UNTIERED,,LEAN,154,0.5,LOSS,-0.5,60,63.4,0.47,1,2,,N,KEEP,CUT,KEEP,KEEP,CUT,"4c64aa:59%,10c684:53%,12ad50:68%"
89,2026-06-07,MLB,ml,2026-06-07_MLB_oak_hou,Houston Astros,UNTIERED,,LOCK,-105,1,LOSS,-1,59,59,2.19,0,1,-3.2,Y,CUT,CUT,CUT,CUT,CUT,4c64aa:59%
90,2026-06-07,MLB,ml,2026-06-07_MLB_sea_det,Detroit Tigers,UNTIERED,,LEAN,-112,0.5,WIN,0.45,55.6,55.6,2.68,0,1,-16.1,Y,CUT,CUT,CUT,CUT,CUT,491f30:56%
91,2026-06-07,MLB,ml,2026-06-07_MLB_sfg_chc,San Francisco Giants,UNTIERED,,WEAK,113,0.25,WIN,0.28,77.1,77.1,-0.03,1,0,11.7,Y,KEEP,KEEP,CUT,KEEP,KEEP,972768:77%
92,2026-06-07,MLB,ml,2026-06-07_MLB_tbr_mia,Miami Marlins,UNTIERED,,LOCK,-102,1,WIN,0.98,59,59,2.19,0,1,-7.5,Y,CUT,CUT,CUT,CUT,CUT,4c64aa:59%
93,2026-06-07,MLB,ml,2026-06-07_MLB_wsh_ari,Arizona Diamondbacks,UNTIERED,,LEAN,-132,0.5,WIN,0.38,66.3,66.3,3.84,1,2,-1.3,Y,KEEP,KEEP,KEEP,KEEP,CUT,"913987:74%,4c64aa:59%"
94,2026-06-07,MLB,spread,2026-06-07_MLB_pit_atl_spread,Pittsburgh Pirates,UNTIERED,,PREMIUM,-155,3,WIN,1.94,66,66,2.7,2,2,,Y,KEEP,KEEP,KEEP,KEEP,KEEP,"1e8f33:66%,70135d:66%"
95,2026-06-07,MLB,total,2026-06-07_MLB_bos_nyy_total,Over 8,UNTIERED,,LEAN,-111,0.5,LOSS,-0.5,69.3,70.7,2.07,3,3,15.9,Y,KEEP,KEEP,KEEP,KEEP,KEEP,"7923c4:74%,12ad50:68%,70135d:66%"
96,2026-06-07,MLB,total,2026-06-07_MLB_cin_stl_total,Over 9.5,UNTIERED,,PREMIUM,-110,3,LOSS,-3,69.1,69.1,3.28,2,2,,N,KEEP,KEEP,KEEP,KEEP,KEEP,"b19a27:73%,1e8f33:66%"
97,2026-06-07,MLB,total,2026-06-07_MLB_cws_phi_total,Under 9.5,UNTIERED,,PREMIUM,-110,3,LOSS,-3,56.4,56.4,1.69,0,1,,N,CUT,CUT,CUT,CUT,CUT,"491f30:56%,cd2f63:57%"
98,2026-06-07,MLB,total,2026-06-07_MLB_kcr_min_total,Over 8.5,UNTIERED,,WEAK,-115,0.25,WIN,0.22,63.6,63.6,-5.28,1,0,-6.4,Y,KEEP,CUT,CUT,KEEP,CUT,e05213:64%
99,2026-06-07,MLB,total,2026-06-07_MLB_laa_lad_total,Under 8.5,UNTIERED,,LEAN,-110,0.5,LOSS,-0.5,77.1,77.1,-0.03,1,0,,N,KEEP,KEEP,CUT,KEEP,KEEP,972768:77%
100,2026-06-07,MLB,total,2026-06-07_MLB_mil_col_total,Over 11.5,UNTIERED,,LOCK,-110,1,WIN,0.91,66.7,69,1.61,3,3,-6.3,Y,KEEP,KEEP,KEEP,KEEP,CUT,"dcafd2:62%,7923c4:74%,8ec926:64%"
101,2026-06-07,MLB,total,2026-06-07_MLB_oak_hou_total,Over 9.5,UNTIERED,,ELITE,-110,5,LOSS,-5,67.7,67.7,2.66,1,1,10.5,Y,KEEP,KEEP,CUT,KEEP,KEEP,eeabaf:68%
102,2026-06-07,MLB,total,2026-06-07_MLB_sfg_chc_total,Over 7.5,UNTIERED,,PREMIUM,-113,3,LOSS,-3,62.2,66.6,0.97,2,2,-4.3,Y,KEEP,KEEP,KEEP,KEEP,CUT,"10c684:53%,1e8f33:66%,eeabaf:68%"
103,2026-06-07,MLB,total,2026-06-07_MLB_tbr_mia_total,Under 8.5,UNTIERED,,ELITE,-103,5,WIN,4.85,64.6,64.6,2.26,1,2,-1.9,Y,KEEP,CUT,KEEP,KEEP,CUT,"7923c4:74%,491f30:56%"
104,2026-06-07,MLB,total,2026-06-07_MLB_wsh_ari_total,Under 8.5,UNTIERED,,LEAN,-110,0.5,WIN,0.45,77.1,77.1,-0.03,1,0,,N,KEEP,KEEP,CUT,KEEP,KEEP,972768:77%
105,2026-06-08,MLB,ml,2026-06-08_MLB_bos_tbr,Boston Red Sox,UNTIERED,,PREMIUM,-109,3,LOSS,-3,61.4,66.5,3.28,4,5,,N,KEEP,KEEP,KEEP,KEEP,KEEP,"4c64aa:59%,f2d227:49%,1e8f33:65%,c289a0:62%,5b1e50:67%,70135d:66%"
106,2026-06-08,MLB,ml,2026-06-08_MLB_cin_sdp,San Diego Padres,UNTIERED,,PREMIUM,-132,3,WIN,2.27,69.1,75.3,2.93,3,3,0.7,Y,KEEP,KEEP,KEEP,KEEP,KEEP,"913987:76%,4c64aa:59%,2f2a9e:75%,5b1e50:67%"
107,2026-06-08,MLB,ml,2026-06-08_MLB_hou_laa,Houston Astros,UNTIERED,,PREMIUM,-130,3,WIN,2.31,62.1,62.1,2.26,1,2,-4.4,Y,KEEP,CUT,KEEP,KEEP,CUT,"1e8f33:65%,4c64aa:59%"
108,2026-06-08,MLB,ml,2026-06-08_MLB_mil_oak,Milwaukee Brewers,UNTIERED,,PREMIUM,-150,3,WIN,2,66.4,70,1.08,2,2,2,Y,KEEP,KEEP,KEEP,KEEP,KEEP,"1e8f33:65%,4c64aa:59%,2f2a9e:75%"
109,2026-06-08,MLB,ml,2026-06-08_MLB_nyy_cle,Cleveland Guardians,UNTIERED,,LOCK,-124,1,LOSS,-1,65.4,72.8,3.37,3,3,-1.1,Y,KEEP,KEEP,KEEP,KEEP,CUT,"8c1eae:60%,2f2a9e:75%,491f30:56%,9a69c2:71%"
110,2026-06-08,MLB,ml,2026-06-08_MLB_wsh_sfg,Washington Nationals,UNTIERED,,PREMIUM,151,1.5,WIN,2.27,68.1,68.1,2.73,1,1,1.9,Y,KEEP,KEEP,CUT,KEEP,KEEP,eeabaf:68%
111,2026-06-08,NBA,ml,2026-06-08_NBA_sas_nyk,Knicks,UNTIERED,,WEAK,-124,0.25,LOSS,-0.25,58.2,73.3,1.7,5,4,-8.8,Y,CUT,KEEP,KEEP,CUT,CUT,"10c684:51%,6bd96a:65%,78e8f1:56%,2d2ca8:74%,6c78fd:27%,b839b3:50%,4a0563:56%,4edc5b:73%,769c38:67%,7f00bc:65%,cd2f63:57%"
112,2026-06-08,NBA,spread,2026-06-08_NBA_sas_nyk_spread,Spurs,UNTIERED,,ELITE,-115,5,WIN,4.35,65.7,65.7,6.28,1,1,,N,KEEP,KEEP,CUT,KEEP,KEEP,"de3f67:74%,cd2f63:57%"
113,2026-06-08,MLB,total,2026-06-08_MLB_cin_sdp_total,Under 7.5,UNTIERED,,PREMIUM,-101,3,LOSS,-3,68.1,68.1,2.73,1,1,1.6,Y,KEEP,KEEP,CUT,KEEP,KEEP,eeabaf:68%
114,2026-06-08,MLB,total,2026-06-08_MLB_hou_laa_total,Over 9.5,UNTIERED,,PREMIUM,-117,3,PUSH,0,68.7,70.9,3.28,4,4,-4.1,Y,KEEP,KEEP,KEEP,KEEP,CUT,"7923c4:74%,5b1e50:67%,70135d:66%,eeabaf:68%"
115,2026-06-08,MLB,total,2026-06-08_MLB_nyy_cle_total,Over 7.5,UNTIERED,,PREMIUM,102,2.5,WIN,2.55,68,68,5,2,2,-1.7,Y,KEEP,KEEP,KEEP,KEEP,CUT,"913987:76%,8c1eae:60%"
116,2026-06-08,MLB,total,2026-06-08_MLB_wsh_sfg_total,Under 8,UNTIERED,,ELITE,101,2.5,WIN,2.52,63.6,63.6,-5.28,1,0,-2.8,Y,KEEP,CUT,CUT,KEEP,CUT,e05213:64%
117,2026-06-08,NBA,total,2026-06-08_NBA_sas_nyk_total,Under 216,UNTIERED,,LOCK,-108,1,LOSS,-1,63.2,66.3,1.87,2,2,,N,KEEP,KEEP,KEEP,KEEP,KEEP,"70135d:66%,bc3532:66%,cd2f63:57%"
118,2026-06-09,MLB,ml,2026-06-09_MLB_ari_mia,Arizona Diamondbacks,UNTIERED,,WEAK,118,0.25,LOSS,-0.25,68.4,75.3,1.27,4,3,1.5,Y,KEEP,KEEP,KEEP,KEEP,KEEP,"913987:76%,10c684:52%,7923c4:73%,2f2a9e:75%,70135d:66%"
119,2026-06-09,MLB,ml,2026-06-09_MLB_atl_cws,Atlanta Braves,UNTIERED,,LEAN,-152,0.5,LOSS,-0.5,66.7,70.7,1.23,2,2,,N,KEEP,KEEP,KEEP,KEEP,KEEP,"4c64aa:59%,2f2a9e:75%,70135d:66%"
120,2026-06-09,MLB,ml,2026-06-09_MLB_bos_tbr,Boston Red Sox,UNTIERED,,LOCK,-116,1,LOSS,-1,59.7,65,2.88,2,3,,N,CUT,KEEP,KEEP,CUT,KEEP,"4c64aa:59%,f2d227:50%,c289a0:64%,70135d:66%"
121,2026-06-09,MLB,ml,2026-06-09_MLB_chc_col,Chicago Cubs,UNTIERED,,LOCK,-143,1,LOSS,-1,58.8,58.8,2.04,0,1,,N,CUT,CUT,CUT,CUT,CUT,4c64aa:59%
122,2026-06-09,MLB,ml,2026-06-09_MLB_cin_sdp,Cincinnati Reds,UNTIERED,,ELITE,-122,5,WIN,4.1,62.7,62.7,1.66,1,1,,N,KEEP,CUT,CUT,KEEP,CUT,"eeabaf:68%,cd2f63:57%"
123,2026-06-09,MLB,ml,2026-06-09_MLB_hou_laa,Houston Astros,UNTIERED,,WEAK,-120,0.25,LOSS,-0.25,58.8,58.8,2.04,0,1,-4.4,Y,CUT,CUT,CUT,CUT,CUT,4c64aa:59%
124,2026-06-09,MLB,ml,2026-06-09_MLB_lad_pit,Pittsburgh Pirates,UNTIERED,,LOCK,-118,1,LOSS,-1,58.8,58.8,2.04,0,1,-16.2,Y,CUT,CUT,CUT,CUT,CUT,4c64aa:59%
125,2026-06-09,MLB,ml,2026-06-09_MLB_mil_oak,Athletics,UNTIERED,,ELITE,-105,5,WIN,4.76,52.6,52.6,2.16,0,0,,N,CUT,CUT,CUT,CUT,CUT,491f30:53%
126,2026-06-09,MLB,ml,2026-06-09_MLB_min_det,Minnesota Twins,UNTIERED,,PREMIUM,113,2.5,LOSS,-2.5,58.8,58.8,2.04,0,1,-7.5,Y,CUT,CUT,CUT,CUT,CUT,4c64aa:59%
127,2026-06-09,MLB,ml,2026-06-09_MLB_nyy_cle,New York Yankees,UNTIERED,,LEAN,-116,0.5,WIN,0.43,63.5,66.8,1.39,2,2,,N,KEEP,KEEP,KEEP,KEEP,KEEP,"0f9d74:70%,1e8f33:63%,cd2f63:57%"
128,2026-06-09,MLB,ml,2026-06-09_MLB_phi_tor,Toronto Blue Jays,UNTIERED,,ELITE,100,2.5,WIN,2.5,52.6,52.6,2.16,0,0,-14.9,Y,CUT,CUT,CUT,CUT,CUT,491f30:53%
129,2026-06-09,MLB,ml,2026-06-09_MLB_sea_bal,Baltimore Orioles,UNTIERED,,LOCK,105,1,LOSS,-1,66.7,74.2,-0.5,2,1,0.4,Y,KEEP,KEEP,CUT,KEEP,KEEP,"7923c4:73%,10c684:52%,2f2a9e:75%"
130,2026-06-09,MLB,ml,2026-06-09_MLB_tex_kcr,Texas Rangers,UNTIERED,,LOCK,-124,1,LOSS,-1,58.8,58.8,2.04,0,1,-11.8,Y,CUT,CUT,CUT,CUT,CUT,4c64aa:59%
131,2026-06-09,MLB,spread,2026-06-09_MLB_chc_col_spread,Colorado Rockies,UNTIERED,,PREMIUM,-117,3,WIN,2.56,63.2,63.2,2.06,1,1,6.4,Y,KEEP,CUT,CUT,KEEP,CUT,1e8f33:63%
132,2026-06-09,NHL,spread,2026-06-09_NHL_car_vgk_spread,Hurricanes,UNTIERED,,PREMIUM,215,1,WIN,2.15,70.6,70.6,1.59,2,2,,N,KEEP,KEEP,KEEP,KEEP,KEEP,"4d2125:75%,bc3532:66%"
133,2026-06-09,MLB,total,2026-06-09_MLB_ari_mia_total,Over 7.5,UNTIERED,,ELITE,-115,5,WIN,4.35,75.6,75.6,4.91,1,1,9.3,Y,KEEP,KEEP,CUT,KEEP,KEEP,913987:76%
134,2026-06-09,MLB,total,2026-06-09_MLB_bos_tbr_total,Over 7.5,UNTIERED,,LOCK,-110,1,LOSS,-1,63.2,63.2,1.03,1,1,,N,KEEP,CUT,CUT,KEEP,CUT,a10ff5:63%
135,2026-06-09,MLB,total,2026-06-09_MLB_chc_col_total,Under 12.5,UNTIERED,,LEAN,-110,0.5,WIN,0.45,75.6,75.6,4.91,1,1,10.8,Y,KEEP,KEEP,CUT,KEEP,KEEP,913987:76%
136,2026-06-09,MLB,total,2026-06-09_MLB_min_det_total,Over 8.5,UNTIERED,,PREMIUM,-110,3,WIN,2.73,62.7,62.7,1.66,1,1,-6.3,Y,KEEP,CUT,CUT,KEEP,CUT,"eeabaf:68%,cd2f63:57%"
137,2026-06-09,MLB,total,2026-06-09_MLB_phi_tor_total,Under 7.5,UNTIERED,,ELITE,-110,5,WIN,4.55,63.6,63.6,-5.28,1,0,-8.5,Y,KEEP,CUT,CUT,KEEP,CUT,e05213:64%
138,2026-06-09,NHL,total,2026-06-09_NHL_car_vgk_total,Under 5.5,UNTIERED,,ELITE,-115,5,LOSS,-5,67.7,67.7,5.15,2,2,,N,KEEP,KEEP,KEEP,KEEP,KEEP,"4d2125:75%,dfa240:60%"
139,2026-06-10,MLB,ml,2026-06-10_MLB_atl_cws,Atlanta Braves,UNTIERED,,PREMIUM,-148,3,LOSS,-3,61,61,1.66,1,1,-5.6,Y,KEEP,CUT,CUT,KEEP,CUT,1e8f33:61%
140,2026-06-10,MLB,ml,2026-06-10_MLB_bos_tbr,Boston Red Sox,UNTIERED,,LOCK,136,1,LOSS,-1,64.9,73,0.9,5,4,-3.5,Y,KEEP,KEEP,KEEP,KEEP,CUT,"7923c4:73%,a8c991:71%,4c64aa:58%,f2d227:52%,c289a0:61%,12ad50:73%,2f2a9e:67%"
141,2026-06-10,MLB,ml,2026-06-10_MLB_chc_col,Chicago Cubs,UNTIERED,,LOCK,-172,1,LOSS,-1,56.4,56.4,0.12,0,1,,N,CUT,CUT,CUT,CUT,CUT,"10c684:54%,4c64aa:58%"
142,2026-06-10,MLB,ml,2026-06-10_MLB_cin_sdp,Cincinnati Reds,UNTIERED,,LEAN,136,0.5,LOSS,-0.5,73.1,73.1,1.8,1,1,9.5,Y,KEEP,KEEP,CUT,KEEP,KEEP,7923c4:73%
143,2026-06-10,MLB,ml,2026-06-10_MLB_hou_laa,Los Angeles Angels,UNTIERED,,WEAK,-117,0.25,WIN,0.21,65.6,65.6,3.33,1,2,4.3,Y,KEEP,KEEP,KEEP,KEEP,KEEP,"63fc82:55%,913987:76%"
144,2026-06-10,MLB,ml,2026-06-10_MLB_lad_pit,Pittsburgh Pirates,UNTIERED,,LOCK,166,1,WIN,1.66,73.1,73.1,1.8,1,1,5.2,Y,KEEP,KEEP,CUT,KEEP,KEEP,7923c4:73%
145,2026-06-10,MLB,ml,2026-06-10_MLB_mil_oak,Milwaukee Brewers,UNTIERED,,ELITE,-104,5,LOSS,-5,61,61,1.66,1,1,,N,KEEP,CUT,CUT,KEEP,CUT,1e8f33:61%
146,2026-06-10,MLB,ml,2026-06-10_MLB_min_det,Minnesota Twins,UNTIERED,,LOCK,146,1,WIN,1.46,58.3,58.3,1.75,0,1,-8.3,Y,CUT,CUT,CUT,CUT,CUT,4c64aa:58%
147,2026-06-10,MLB,ml,2026-06-10_MLB_sea_bal,Baltimore Orioles,UNTIERED,,PREMIUM,103,2.5,WIN,2.58,54.5,54.5,1.03,0,0,,N,CUT,CUT,CUT,CUT,CUT,"491f30:52%,cd2f63:57%"
148,2026-06-10,MLB,ml,2026-06-10_MLB_stl_nym,New York Mets,UNTIERED,,LOCK,-127,1,LOSS,-1,58.3,58.3,1.75,0,1,-12.7,Y,CUT,CUT,CUT,CUT,CUT,4c64aa:58%
149,2026-06-10,MLB,ml,2026-06-10_MLB_tex_kcr,Texas Rangers,UNTIERED,,LOCK,-120,1,WIN,0.83,58.3,58.3,1.75,0,1,,N,CUT,CUT,CUT,CUT,CUT,4c64aa:58%
150,2026-06-10,MLB,ml,2026-06-10_MLB_wsh_sfg,Washington Nationals,UNTIERED,,ELITE,-106,5,LOSS,-5,67.6,67.6,1.04,1,1,-0.3,Y,KEEP,KEEP,CUT,KEEP,CUT,"4c64aa:58%,972768:77%"
151,2026-06-10,NBA,ml,2026-06-10_NBA_sas_nyk,Spurs,UNTIERED,,WEAK,115,0.25,LOSS,-0.25,63.3,68.8,4.01,5,4,1.4,Y,KEEP,KEEP,KEEP,KEEP,KEEP,"2e8da5:71%,0eb6ef:60%,4a0563:56%,710c2e:61%,769c38:67%,bc3532:66%"
152,2026-06-10,MLB,total,2026-06-10_MLB_ari_mia_total,Over 8.5,UNTIERED,,PREMIUM,-110,3,LOSS,-3,63,63,1.18,2,1,-7.5,Y,KEEP,CUT,CUT,KEEP,CUT,"bc44b0:65%,1e8f33:61%"
153,2026-06-10,MLB,total,2026-06-10_MLB_bos_tbr_total,Over 7.5,UNTIERED,,LOCK,-110,1,WIN,0.91,62.1,62.1,0.97,1,0,,N,KEEP,CUT,CUT,KEEP,CUT,a10ff5:62%
154,2026-06-10,MLB,total,2026-06-10_MLB_chc_col_total,Under 12.5,UNTIERED,,ELITE,-110,5,WIN,4.55,52.4,52.4,1.68,0,0,,N,CUT,CUT,CUT,CUT,CUT,491f30:52%
155,2026-06-10,MLB,total,2026-06-10_MLB_hou_laa_total,Over 8.5,UNTIERED,,ELITE,-110,5,LOSS,-5,52.4,52.4,1.68,0,0,,N,CUT,CUT,CUT,CUT,CUT,491f30:52%
156,2026-06-10,MLB,total,2026-06-10_MLB_lad_pit_total,Over 7.5,UNTIERED,,ELITE,-110,5,WIN,4.55,52.4,52.4,1.68,0,0,-18.1,Y,CUT,CUT,CUT,CUT,CUT,491f30:52%
157,2026-06-10,MLB,total,2026-06-10_MLB_nyy_cle_total,Over 7.5,UNTIERED,,PREMIUM,-110,3,WIN,2.73,67.7,73.3,2.79,2,2,,N,KEEP,KEEP,KEEP,KEEP,KEEP,"913987:76%,cd2f63:57%,5b1e50:71%"
158,2026-06-10,MLB,total,2026-06-10_MLB_stl_nym_total,Over 8.5,UNTIERED,,PREMIUM,-101,3,WIN,2.97,74.5,74.5,3.17,2,2,8.1,Y,KEEP,KEEP,KEEP,KEEP,KEEP,"913987:76%,7923c4:73%"
159,2026-06-10,MLB,total,2026-06-10_MLB_tex_kcr_total,Under 9.5,UNTIERED,,PREMIUM,-110,3,LOSS,-3,61,61,1.66,1,1,,N,KEEP,CUT,CUT,KEEP,CUT,1e8f33:61%
160,2026-06-10,MLB,total,2026-06-10_MLB_wsh_sfg_total,Under 8.5,UNTIERED,,ELITE,-104,5,LOSS,-5,76.8,76.8,0.32,1,0,10.3,Y,KEEP,KEEP,CUT,KEEP,KEEP,972768:77%
161,2026-06-10,NBA,total,2026-06-10_NBA_sas_nyk_total,Under 216.5,UNTIERED,,WEAK,-104,0.25,WIN,0.24,59.1,68.6,-0.97,5,3,-18.1,Y,CUT,KEEP,KEEP,CUT,CUT,"2e8da5:71%,a1684d:48%,8366f5:38%,70135d:66%,710c2e:61%,bc3532:66%,bc44b0:65%"
162,2026-06-11,MLB,ml,2026-06-11_MLB_ari_mia,Arizona Diamondbacks,UNTIERED,,LOCK,112,1,LOSS,-1,75.6,78,3.82,3,3,10,Y,KEEP,KEEP,KEEP,KEEP,KEEP,"0f9d74:71%,ad88a3:82%,5b1e50:74%"
163,2026-06-11,MLB,ml,2026-06-11_MLB_atl_cws,Atlanta Braves,UNTIERED,,LEAN,-120,0.5,PUSH,0,66.3,68.6,2.83,4,3,,N,KEEP,KEEP,KEEP,KEEP,KEEP,"1e8f33:62%,2f2a9e:67%,70135d:66%,9a69c2:71%"
164,2026-06-11,MLB,ml,2026-06-11_MLB_chc_col,Colorado Rockies,UNTIERED,,ELITE,0,5,LOSS,-5,77.6,77.6,0.38,1,0,,N,KEEP,KEEP,CUT,KEEP,KEEP,972768:78%
165,2026-06-11,MLB,ml,2026-06-11_MLB_lad_pit,Los Angeles Dodgers,UNTIERED,,LEAN,-175,0.5,WIN,0.29,70,70,3.85,1,2,-0.6,Y,KEEP,KEEP,KEEP,KEEP,CUT,"4c64aa:58%,ad88a3:82%"
166,2026-06-11,MLB,ml,2026-06-11_MLB_sea_bal,Seattle Mariners,UNTIERED,,LEAN,-111,0.5,LOSS,-0.5,58.1,58.1,1.46,0,1,,N,CUT,CUT,CUT,CUT,CUT,4c64aa:58%
167,2026-06-11,MLB,ml,2026-06-11_MLB_stl_nym,New York Mets,UNTIERED,,ELITE,-131,5,WIN,3.82,48,48,-0.51,0,0,-24.5,Y,CUT,CUT,CUT,CUT,CUT,491f30:48%
168,2026-06-11,MLB,ml,2026-06-11_MLB_tex_kcr,Texas Rangers,UNTIERED,,LOCK,-101,1,WIN,0.99,63,66.2,2.68,2,2,-8.7,Y,KEEP,KEEP,KEEP,KEEP,CUT,"10c684:57%,1e8f33:62%,9a69c2:71%"
169,2026-06-11,MLB,spread,2026-06-11_MLB_atl_cws_spread,Atlanta Braves,UNTIERED,,PREMIUM,138,2.5,PUSH,0,60.3,66.5,0.58,2,1,,N,KEEP,KEEP,CUT,KEEP,KEEP,"2f2a9e:67%,491f30:48%,70135d:66%"
170,2026-06-11,MLB,total,2026-06-11_MLB_tex_kcr_total,Under 10.5,UNTIERED,,WEAK,-110,0.25,WIN,0.23,62.8,62.8,1.04,1,1,-4.7,Y,KEEP,CUT,CUT,KEEP,CUT,"10c684:57%,eeabaf:69%"
171,2026-06-11,NHL,total,2026-06-11_NHL_vgk_car_total,Under 6,UNTIERED,,LEAN,-103,0.5,PUSH,0,65.7,69,4.49,2,3,-1,Y,KEEP,KEEP,KEEP,KEEP,CUT,"4d2125:78%,c2aeea:60%,dfa240:59%"
172,2026-06-12,MLB,ml,2026-06-12_MLB_atl_nym,New York Mets,UNTIERED,,ELITE,-114,5,WIN,4.39,42.9,42.9,-1.5,0,0,-30.2,Y,CUT,CUT,CUT,CUT,CUT,491f30:43%
173,2026-06-12,MLB,ml,2026-06-12_MLB_chc_sfg,San Francisco Giants,UNTIERED,,PREMIUM,-110,3,LOSS,-3,50.5,50.5,-1.74,0,0,-25.2,Y,CUT,CUT,CUT,CUT,CUT,"491f30:43%,2f2a9e:58%"
174,2026-06-12,MLB,ml,2026-06-12_MLB_col_oak,Athletics,UNTIERED,,LEAN,-210,0.5,WIN,0.24,58.1,58.1,-0.33,0,1,,N,CUT,CUT,CUT,CUT,CUT,"4c64aa:58%,2f2a9e:58%"
175,2026-06-12,MLB,ml,2026-06-12_MLB_det_cle,Detroit Tigers,UNTIERED,,WEAK,105,0.25,LOSS,-0.25,65,68.4,3.86,2,3,,N,KEEP,KEEP,KEEP,KEEP,KEEP,"4c64aa:58%,70135d:66%,9a69c2:71%"
176,2026-06-12,MLB,ml,2026-06-12_MLB_hou_kcr,Houston Astros,UNTIERED,,LOCK,-110,1,WIN,0.91,60.7,60.7,-0.01,1,1,-5.6,Y,KEEP,CUT,CUT,KEEP,CUT,"1e8f33:63%,2f2a9e:58%"
177,2026-06-12,MLB,ml,2026-06-12_MLB_lad_cws,Chicago White Sox,UNTIERED,,ELITE,123,2.5,WIN,3.08,78,78,0.38,1,0,11.7,Y,KEEP,KEEP,CUT,KEEP,KEEP,972768:78%
178,2026-06-12,MLB,ml,2026-06-12_MLB_mia_pit,Pittsburgh Pirates,UNTIERED,,PREMIUM,-144,3,LOSS,-3,58.1,58.1,1.32,0,1,0.1,Y,CUT,CUT,CUT,CUT,CUT,4c64aa:58%
179,2026-06-12,MLB,ml,2026-06-12_MLB_sdp_bal,San Diego Padres,UNTIERED,,WEAK,112,0.25,LOSS,-0.25,55.8,55.8,0.82,1,1,-14.7,Y,CUT,CUT,CUT,CUT,CUT,"491f30:43%,eeabaf:69%"
180,2026-06-12,MLB,ml,2026-06-12_MLB_sea_wsh,Seattle Mariners,UNTIERED,,LOCK,-148,1,WIN,0.68,58.1,58.1,-0.33,0,1,,N,CUT,CUT,CUT,CUT,CUT,"4c64aa:58%,2f2a9e:58%"
181,2026-06-12,MLB,ml,2026-06-12_MLB_stl_min,Minnesota Twins,UNTIERED,,LEAN,-136,0.5,WIN,0.37,60.8,62.2,0.76,1,2,,N,KEEP,CUT,KEEP,KEEP,CUT,"4c64aa:58%,2f2a9e:58%,70135d:66%"
182,2026-06-12,MLB,spread,2026-06-12_MLB_lad_cws_spread,Los Angeles Dodgers,UNTIERED,,LOCK,112,1,LOSS,-1,64.8,64.8,2.44,2,2,18.8,Y,KEEP,CUT,KEEP,KEEP,CUT,"1e8f33:63%,70135d:66%"
183,2026-06-12,MLB,spread,2026-06-12_MLB_phi_mil_spread,Milwaukee Brewers,UNTIERED,,LEAN,-115,0.5,WIN,0.43,55.8,60.7,0.58,1,1,,N,CUT,CUT,CUT,CUT,CUT,"1e8f33:63%,b839b3:46%,2f2a9e:58%"
184,2026-06-12,MLB,spread,2026-06-12_MLB_tbr_laa_spread,Tampa Bay Rays,UNTIERED,,LOCK,-102,1,LOSS,-1,63.3,63.3,1.94,1,1,5.2,Y,KEEP,CUT,CUT,KEEP,CUT,1e8f33:63%
185,2026-06-12,MLB,total,2026-06-12_MLB_chc_sfg_total,Over 8.5,UNTIERED,,LOCK,-102,1,LOSS,-1,73.1,73.1,1.84,1,1,6.8,Y,KEEP,KEEP,CUT,KEEP,KEEP,7923c4:73%
186,2026-06-12,MLB,total,2026-06-12_MLB_sea_wsh_total,Over 9.5,UNTIERED,,PREMIUM,-110,3,WIN,2.73,73.1,73.1,1.84,1,1,16.4,Y,KEEP,KEEP,CUT,KEEP,KEEP,7923c4:73%
187,2026-06-12,MLB,total,2026-06-12_MLB_stl_min_total,Over 8.5,UNTIERED,,PREMIUM,-110,3,WIN,2.73,49.8,49.8,-0.56,0,0,,N,CUT,CUT,CUT,CUT,CUT,"491f30:43%,cd2f63:57%"
188,2026-06-13,MLB,ml,2026-06-13_MLB_ari_cin,Arizona Diamondbacks,UNTIERED,,ELITE,-144,5,LOSS,-5,53.5,60.2,-0.52,1,2,-15,Y,CUT,CUT,KEEP,CUT,CUT,"1e8f33:62%,4c64aa:58%,491f30:40%"
189,2026-06-13,MLB,ml,2026-06-13_MLB_atl_nym,Atlanta Braves,UNTIERED,,PREMIUM,-102,3,WIN,2.94,62.4,62.4,1.23,1,1,,N,KEEP,CUT,CUT,KEEP,CUT,1e8f33:62%
190,2026-06-13,MLB,ml,2026-06-13_MLB_chc_sfg,Chicago Cubs,UNTIERED,,WEAK,-118,0.25,WIN,0.21,58,58,1.2,0,1,-14.3,Y,CUT,CUT,CUT,CUT,CUT,4c64aa:58%
191,2026-06-13,MLB,ml,2026-06-13_MLB_col_oak,Colorado Rockies,UNTIERED,,PREMIUM,140,2.5,LOSS,-2.5,69.2,69.2,3.66,1,1,7.9,Y,KEEP,KEEP,CUT,KEEP,KEEP,eeabaf:69%
192,2026-06-13,MLB,ml,2026-06-13_MLB_det_cle,Cleveland Guardians,UNTIERED,,ELITE,134,2.5,WIN,3.35,40,40,-4,0,0,-26.9,Y,CUT,CUT,CUT,CUT,CUT,491f30:40%
193,2026-06-13,MLB,ml,2026-06-13_MLB_mia_pit,Miami Marlins,UNTIERED,,PREMIUM,102,2.5,LOSS,-2.5,62.4,62.4,1.23,1,1,-3.9,Y,KEEP,CUT,CUT,KEEP,CUT,1e8f33:62%
194,2026-06-13,MLB,ml,2026-06-13_MLB_phi_mil,Milwaukee Brewers,UNTIERED,,PREMIUM,-157,3,LOSS,-3,58.7,68,0.44,2,1,-14,Y,CUT,KEEP,CUT,CUT,CUT,"491f30:40%,bc44b0:69%,e70853:67%"
195,2026-06-13,MLB,ml,2026-06-13_MLB_sea_wsh,Washington Nationals,UNTIERED,,ELITE,-115,5,WIN,4.35,40,40,-4,0,0,-28.4,Y,CUT,CUT,CUT,CUT,CUT,491f30:40%
196,2026-06-13,MLB,ml,2026-06-13_MLB_tex_bos,Boston Red Sox,UNTIERED,,LOCK,-118,1,WIN,0.85,61,61,0.51,1,1,,N,KEEP,CUT,CUT,KEEP,CUT,"1e8f33:62%,2f2a9e:60%"
197,2026-06-13,NBA,ml,2026-06-13_NBA_nyk_sas,Spurs,UNTIERED,,WEAK,-192,0.25,LOSS,-0.25,65,75.7,1.68,9,6,4.5,Y,KEEP,KEEP,KEEP,KEEP,KEEP,"2e8da5:67%,a8c991:71%,43020b:71%,0f9d74:69%,4a0563:56%,70135d:66%,710c2e:64%,a0cff6:45%,bc44b0:69%,c911a4:65%,cd2f63:57%,f9e3d0:80%"
198,2026-06-13,MLB,spread,2026-06-13_MLB_ari_cin_spread,Arizona Diamondbacks,UNTIERED,,LOCK,123,1,LOSS,-1,62.4,62.4,1.23,1,1,,N,KEEP,CUT,CUT,KEEP,CUT,1e8f33:62%
199,2026-06-13,MLB,spread,2026-06-13_MLB_det_cle_spread,Cleveland Guardians,UNTIERED,,LOCK,-130,1,WIN,0.77,62.4,62.4,1.23,1,1,,N,KEEP,CUT,CUT,KEEP,CUT,1e8f33:62%
200,2026-06-13,MLB,spread,2026-06-13_MLB_lad_cws_spread,Los Angeles Dodgers,UNTIERED,,LOCK,-122,1,WIN,0.82,61,61,0.51,1,1,,N,KEEP,CUT,CUT,KEEP,CUT,"1e8f33:62%,2f2a9e:60%"
201,2026-06-13,MLB,spread,2026-06-13_MLB_tbr_laa_spread,Tampa Bay Rays,UNTIERED,,LOCK,-106,1,LOSS,-1,62.4,62.4,1.23,1,1,,N,KEEP,CUT,CUT,KEEP,CUT,1e8f33:62%
202,2026-06-13,MLB,total,2026-06-13_MLB_atl_nym_total,Under 8.5,UNTIERED,,ELITE,-110,5,WIN,4.55,69.2,69.2,3.66,1,1,-1.6,Y,KEEP,KEEP,CUT,KEEP,CUT,eeabaf:69%
203,2026-06-13,MLB,total,2026-06-13_MLB_chc_sfg_total,Under 8.5,UNTIERED,,PREMIUM,-110,3,WIN,2.73,62.4,62.4,1.23,1,1,,N,KEEP,CUT,CUT,KEEP,CUT,1e8f33:62%
204,2026-06-13,MLB,total,2026-06-13_MLB_nyy_tor_total,Under 7.5,UNTIERED,,LOCK,101,1,WIN,1.01,72.9,72.9,1.75,1,1,6.6,Y,KEEP,KEEP,CUT,KEEP,KEEP,7923c4:73%
205,2026-06-13,MLB,total,2026-06-13_MLB_phi_mil_total,Over 8.5,UNTIERED,,LEAN,-105,0.5,WIN,0.48,64.3,64.3,2.09,2,2,4.7,Y,KEEP,CUT,KEEP,KEEP,CUT,"1e8f33:62%,70135d:66%"
206,2026-06-13,MLB,total,2026-06-13_MLB_tex_bos_total,Under 7.5,UNTIERED,,ELITE,-110,5,LOSS,-5,69.2,69.2,3.66,1,1,2.4,Y,KEEP,KEEP,CUT,KEEP,KEEP,eeabaf:69%
207,2026-06-14,MLB,ml,2026-06-14_MLB_atl_nym,Atlanta Braves,UNTIERED,,LOCK,110,1,LOSS,-1,62.8,68.5,2.7,2,2,-11,Y,KEEP,KEEP,KEEP,KEEP,CUT,"2f2a9e:57%,1e8f33:57%,70135d:66%,9a69c2:71%"
208,2026-06-14,MLB,ml,2026-06-14_MLB_chc_sfg,San Francisco Giants,UNTIERED,,WEAK,-134,0.25,WIN,0.19,64.8,68.5,3.4,2,2,6.3,Y,KEEP,KEEP,KEEP,KEEP,KEEP,"1e8f33:57%,70135d:66%,9a69c2:71%"
209,2026-06-14,MLB,ml,2026-06-14_MLB_col_oak,Athletics,UNTIERED,,ELITE,-192,5,LOSS,-5,50,50,1.19,0,0,,N,CUT,CUT,CUT,CUT,CUT,c9bba3:50%
210,2026-06-14,MLB,ml,2026-06-14_MLB_hou_kcr,Houston Astros,UNTIERED,,PREMIUM,106,2.5,LOSS,-2.5,57.4,57.4,-0.08,0,0,,N,CUT,CUT,CUT,CUT,CUT,1e8f33:57%
211,2026-06-14,MLB,ml,2026-06-14_MLB_nyy_tor,New York Yankees,UNTIERED,,LOCK,-130,1,WIN,0.77,64,68.8,2.78,3,4,-9.8,Y,KEEP,KEEP,KEEP,KEEP,CUT,"4c64aa:59%,1e8f33:57%,70135d:66%,9a69c2:71%,bc3532:67%"
212,2026-06-14,MLB,ml,2026-06-14_MLB_stl_min,St. Louis Cardinals,UNTIERED,,PREMIUM,-101,3,LOSS,-3,57.4,57.4,-0.08,0,0,-12.1,Y,CUT,CUT,CUT,CUT,CUT,1e8f33:57%
213,2026-06-14,MLB,ml,2026-06-14_MLB_tbr_laa,Tampa Bay Rays,UNTIERED,,WEAK,-118,0.25,WIN,0.21,60.6,62.5,1.58,1,2,,N,KEEP,CUT,KEEP,KEEP,CUT,"4c64aa:59%,70135d:66%,2f2a9e:57%"
214,2026-06-14,NHL,ml,2026-06-14_NHL_car_vgk,Hurricanes,UNTIERED,,WEAK,-115,0.25,WIN,0.22,72.6,72.6,1.28,2,1,8.8,Y,KEEP,KEEP,CUT,KEEP,KEEP,"4d2125:80%,710c2e:65%"
215,2026-06-14,MLB,spread,2026-06-14_MLB_chc_sfg_spread,Chicago Cubs,UNTIERED,,ELITE,-180,5,LOSS,-5,68.8,68.8,3.75,1,1,-6.1,Y,KEEP,KEEP,CUT,KEEP,CUT,eeabaf:69%
216,2026-06-14,MLB,spread,2026-06-14_MLB_lad_cws_spread,Los Angeles Dodgers,UNTIERED,,PREMIUM,-116,3,LOSS,-3,62.8,62.8,2.18,1,1,,N,KEEP,CUT,CUT,KEEP,CUT,"2f2a9e:57%,eeabaf:69%"
217,2026-06-14,MLB,spread,2026-06-14_MLB_mia_pit_spread,Miami Marlins,UNTIERED,,LOCK,-161,1,WIN,0.62,61.9,61.9,1.44,1,1,5.2,Y,KEEP,CUT,CUT,KEEP,CUT,"1e8f33:57%,70135d:66%"
218,2026-06-14,MLB,total,2026-06-14_MLB_col_oak_total,Under 13.5,UNTIERED,,PREMIUM,-110,3,LOSS,-3,57.4,57.4,-0.08,0,0,,N,CUT,CUT,CUT,CUT,CUT,1e8f33:57%
219,2026-06-14,NHL,total,2026-06-14_NHL_car_vgk_total,Under 5.5,UNTIERED,,ELITE,-113,5,WIN,4.42,80,80,2.94,1,1,8.2,Y,KEEP,KEEP,CUT,KEEP,KEEP,4d2125:80%
220,2026-06-15,MLB,ml,2026-06-15_MLB_nym_cin,Cincinnati Reds,A,MINI,LEAN,-136,3,WIN,2.21,64.6,68.5,3.41,2,2,,N,KEEP,KEEP,KEEP,KEEP,KEEP,"1e8f33:57%,70135d:66%,9a69c2:71%"
221,2026-06-15,MLB,spread,2026-06-15_MLB_col_chc_spread,Colorado Rockies,A,MINI,PREMIUM,-105,3,WIN,2.86,56.7,56.7,-0.05,0,0,,N,CUT,CUT,CUT,CUT,CUT,1e8f33:57%
222,2026-06-16,MLB,ml,2026-06-16_MLB_det_hou,Houston Astros,A,TOP,PREMIUM,-168,4,WIN,2.38,61.1,72.4,1.96,3,4,-5.6,Y,KEEP,KEEP,KEEP,KEEP,CUT,"4c64aa:59%,1e8f33:56%,491f30:41%,5b1e50:74%,70135d:66%,9a69c2:71%"
223,2026-06-16,MLB,ml,2026-06-16_MLB_kcr_wsh,Washington Nationals,A,SUPER,PREMIUM,-134,6,WIN,4.48,62.6,70,1.99,2,2,-5.3,Y,KEEP,KEEP,KEEP,KEEP,CUT,"bc3532:67%,7923c4:73%,b839b3:48%"
224,2026-06-16,MLB,ml,2026-06-16_MLB_mia_phi,Philadelphia Phillies,A,TOP,LEAN,-175,4,WIN,2.29,63.1,70.2,2.46,1,2,-4.7,Y,KEEP,KEEP,KEEP,KEEP,CUT,"4c64aa:59%,1e8f33:56%,ad88a3:82%,cd2f63:57%"
225,2026-06-16,MLB,ml,2026-06-16_MLB_sfg_atl,Atlanta Braves,A,TOP,LEAN,-172,4,LOSS,-4,53.8,56.8,1.29,0,1,-19.6,Y,CUT,CUT,CUT,CUT,CUT,"2f2a9e:55%,4c64aa:59%,b839b3:48%"
226,2026-06-16,MLB,total,2026-06-16_MLB_col_chc_total,Over 9.5,A,MINI,PREMIUM,-110,3,LOSS,-3,56.1,56.1,0.31,0,0,,N,CUT,CUT,CUT,CUT,CUT,"1e8f33:56%,cd2f63:57%"
227,2026-06-16,MLB,total,2026-06-16_MLB_nym_cin_total,Over 9.5,A,MINI,ELITE,-110,3,LOSS,-3,55.2,56.1,-1.3,0,0,-19.8,Y,CUT,CUT,CUT,CUT,CUT,"e05213:54%,1e8f33:56%,cd2f63:57%"
228,2026-06-17,MLB,ml,2026-06-17_MLB_mia_phi,Miami Marlins,A,MINI,ELITE,100,2.5,WIN,2.5,53.8,53.8,0.57,0,0,,N,CUT,CUT,CUT,CUT,CUT,1e8f33:54%
229,2026-06-17,MLB,ml,2026-06-17_MLB_tor_bos,Boston Red Sox,A,MINI,ELITE,-123,3,LOSS,-3,53.8,53.8,0.57,0,0,-15,Y,CUT,CUT,CUT,CUT,CUT,1e8f33:54%
230,2026-06-17,MLB,total,2026-06-17_MLB_bal_sea_total,Over 7.5,A,MINI,ELITE,-110,3,WIN,2.73,53.8,53.8,0.57,0,0,,N,CUT,CUT,CUT,CUT,CUT,1e8f33:54%
231,2026-06-17,MLB,total,2026-06-17_MLB_laa_ari_total,Under 9.5,A,MINI,ELITE,-110,3,WIN,2.73,53.8,53.8,0.57,0,0,,N,CUT,CUT,CUT,CUT,CUT,1e8f33:54%
232,2026-06-17,MLB,total,2026-06-17_MLB_sdp_stl_total,Over 10.5,A,MINI,ELITE,-110,3,LOSS,-3,65.9,72.3,0.08,2,2,,N,KEEP,KEEP,KEEP,KEEP,KEEP,"bc35e3:79%,e05213:53%,8ec926:65%"
233,2026-06-18,MLB,ml,2026-06-18_MLB_cle_mil,Milwaukee Brewers,A,TOP,PREMIUM,-148,4,LOSS,-4,67.1,67.1,3.87,1,1,-1.9,Y,KEEP,KEEP,KEEP,KEEP,CUT,"4c64aa:58%,ad88a3:76%"
234,2026-06-18,MLB,ml,2026-06-18_MLB_nym_phi,New York Mets,A,TOP,PREMIUM,103,2.5,WIN,2.58,67.3,75.9,1.64,7,6,16.8,Y,KEEP,KEEP,KEEP,KEEP,KEEP,"7703d4:65%,bc44b0:71%,2f2a9e:51%,bc35e3:79%,0f9d74:69%,eeabaf:68%,972768:73%,cd2f63:57%,5b1e50:73%"
235,2026-06-18,MLB,total,2026-06-18_MLB_nym_phi_total,Over 9.5,A,MINI,PREMIUM,-110,3,WIN,2.73,54.7,54.7,0.39,0,0,-20.3,Y,CUT,CUT,CUT,CUT,CUT,"1e8f33:53%,cd2f63:57%"
236,2026-06-18,MLB,total,2026-06-18_MLB_tor_bos_total,Under 8.5,A,MINI,PREMIUM,-108,3,WIN,2.78,62.4,72.9,1,2,1,-3.5,Y,KEEP,KEEP,KEEP,KEEP,CUT,"1e8f33:53%,2f2a9e:51%,5b1e50:73%,972768:73%"
237,2026-06-19,MLB,ml,2026-06-19_MLB_min_ari,Arizona Diamondbacks,A,TOP,PREMIUM,-168,4,WIN,2.38,62.5,67.2,2.65,1,1,1.7,Y,KEEP,KEEP,KEEP,KEEP,KEEP,"4c64aa:58%,1e8f33:53%,ad88a3:76%"
238,2026-06-19,MLB,spread,2026-06-19_MLB_cin_nyy_spread,New York Yankees,A,TOP,PREMIUM,-130,4,WIN,3.08,51.2,54.1,-0.53,0,0,-18.4,Y,CUT,CUT,CUT,CUT,CUT,"1e8f33:53%,f2d227:55%,b839b3:45%"
239,2026-06-19,MLB,spread,2026-06-19_MLB_cws_det_spread,Chicago White Sox,A,MINI,LOCK,-118,3,WIN,2.54,64.1,69.6,2.06,2,2,0.1,Y,KEEP,KEEP,KEEP,KEEP,KEEP,"1e8f33:53%,5b1e50:73%,70135d:66%"
240,2026-06-19,MLB,total,2026-06-19_MLB_pit_col_total,Over 11.5,A,MINI,ELITE,-110,3,LOSS,-3,53.1,53.1,0.33,0,0,,N,CUT,CUT,CUT,CUT,CUT,1e8f33:53%
241,2026-06-19,MLB,total,2026-06-19_MLB_tor_chc_total,Under 7.5,A,MINI,PREMIUM,-110,3,LOSS,-3,60.5,64.2,0.83,1,1,-14.4,Y,KEEP,CUT,KEEP,KEEP,CUT,"bc44b0:72%,1e8f33:53%,cd2f63:57%"
242,2026-06-20,MLB,ml,2026-06-20_MLB_cin_nyy,New York Yankees,A,TOP,PREMIUM,-201,4,LOSS,-4,38.5,38.5,-0.62,0,0,-28.6,Y,CUT,CUT,CUT,CUT,CUT,"ab39ae:33%,b839b3:44%"
243,2026-06-20,MLB,ml,2026-06-20_MLB_nym_phi,Philadelphia Phillies,A,TOP,LOCK,-198,4,WIN,2.02,56.5,63,1.45,1,1,-1.8,Y,CUT,CUT,CUT,CUT,CUT,"eeabaf:68%,4c64aa:58%,b839b3:44%"
244,2026-06-20,MLB,ml,2026-06-20_MLB_sfg_mia,Miami Marlins,A,MINI,ELITE,-137,3,WIN,2.19,52.4,52.4,0,0,0,,N,CUT,CUT,CUT,CUT,CUT,1e8f33:52%
245,2026-06-20,MLB,total,2026-06-20_MLB_mil_atl_total,Under 7.5,B,RANK,PREMIUM,-110,2,WIN,1.82,60.3,60.3,2.79,1,1,-3.9,Y,KEEP,CUT,CUT,CUT,CUT,"2f2a9e:53%,eeabaf:68%"
246,2026-06-21,MLB,ml,2026-06-21_MLB_bal_lad,Los Angeles Dodgers,A,MINI,LOCK,-225,3,LOSS,-3,62,62,1.88,1,1,-9.7,Y,KEEP,CUT,KEEP,KEEP,CUT,"4c64aa:58%,70135d:65%"
247,2026-06-21,MLB,ml,2026-06-21_MLB_nym_phi,Philadelphia Phillies,A,MINI,PREMIUM,-186,3,WIN,1.61,69.8,80.8,6.39,3,3,-1.3,Y,KEEP,KEEP,KEEP,KEEP,CUT,"1e8f33:52%,5b1e50:73%,70135d:65%,b70f9a:89%"
248,2026-06-21,MLB,total,2026-06-21_MLB_bos_sea_total,Under 6.5,A,TOP,PREMIUM,101,2.5,WIN,2.52,70.6,74.5,3.9,4,4,11,Y,KEEP,KEEP,KEEP,KEEP,KEEP,"779ef0:65%,eeabaf:68%,7923c4:73%,cdb33b:76%"
249,2026-06-21,MLB,total,2026-06-21_MLB_cws_det_total,Under 8.5,A,MINI,PREMIUM,-105,3,LOSS,-3,58.8,58.8,0.44,1,1,0.1,Y,CUT,CUT,CUT,CUT,CUT,"1e8f33:52%,8ec926:65%"
250,2026-06-22,MLB,ml,2026-06-22_MLB_hou_tor,Toronto Blue Jays,A,MINI,ELITE,-131,3,WIN,2.29,68.6,68.6,3.34,1,1,,N,KEEP,KEEP,KEEP,KEEP,KEEP,eeabaf:69%
251,2026-06-22,MLB,total,2026-06-22_MLB_bal_laa_total,Over 8.5,A,MINI,PREMIUM,-102,3,LOSS,-3,58.9,58.9,1.24,1,1,-11.1,Y,CUT,CUT,CUT,CUT,CUT,"1e8f33:52%,70135d:65%"
252,2026-06-22,MLB,total,2026-06-22_MLB_chc_nym_total,Over 8.5,A,MINI,PREMIUM,-110,3,WIN,2.73,52.2,52.2,-0.35,0,0,,N,CUT,CUT,CUT,CUT,CUT,1e8f33:52%
253,2026-06-22,MLB,total,2026-06-22_MLB_hou_tor_total,Under 6.5,A,MINI,ELITE,-110,3,WIN,2.73,59.9,63.8,-0.76,1,1,,N,CUT,CUT,CUT,CUT,CUT,"e05213:55%,7923c4:73%,1e8f33:52%"
254,2026-06-22,MLB,total,2026-06-22_MLB_nyy_det_total,Under 8.5,A,TOP,LOCK,-104,4,WIN,3.85,65.7,65.7,1.36,2,1,0.3,Y,KEEP,KEEP,KEEP,KEEP,KEEP,"c668b3:60%,5b1e50:71%"
255,2026-06-23,MLB,ml,2026-06-23_MLB_atl_sdp,Atlanta Braves,A,MINI,PREMIUM,-110,3,LOSS,-3,66.8,74.5,2,5,5,,N,KEEP,KEEP,KEEP,KEEP,KEEP,"2f2a9e:52%,bc35e3:78%,0f9d74:70%,8ec926:66%,b51a56:63%,5b1e50:70%"
256,2026-06-23,MLB,ml,2026-06-23_MLB_bal_laa,Baltimore Orioles,A,MINI,PREMIUM,-142,3,LOSS,-3,58.1,61.4,1.47,1,1,6.2,Y,CUT,CUT,CUT,CUT,CUT,"2f2a9e:52%,1e8f33:51%,5b1e50:70%"
257,2026-06-23,MLB,total,2026-06-23_MLB_mil_cin_total,Over 9.5,A,MINI,LOCK,103,2.5,LOSS,-2.5,51.5,51.5,-0.38,0,0,,N,CUT,CUT,CUT,CUT,CUT,1e8f33:51%
258,2026-06-24,MLB,ml,2026-06-24_MLB_atl_sdp,Atlanta Braves,A,MINI,PREMIUM,-118,3,LOSS,-3,50.7,50.7,-0.4,0,0,-26.9,Y,CUT,CUT,CUT,CUT,CUT,1e8f33:51%
259,2026-06-24,MLB,ml,2026-06-24_MLB_bos_col,Colorado Rockies,B,RANK,PREMIUM,145,4,WIN,5.8,65.1,65.1,3.53,1,2,,N,KEEP,KEEP,KEEP,KEEP,KEEP,"4c64aa:59%,ad88a3:71%"
260,2026-06-24,SOC,ml,2026-06-24_SOC_hai_mar,Morocco,A,TOP,PREMIUM,-350,4,WIN,1.14,63.2,72.5,0.31,4,3,-6,Y,KEEP,KEEP,KEEP,KEEP,CUT,"c9bba3:50%,0f9d74:70%,946418:69%,7b4652:55%,12192c:75%,c911a4:60%"
261,2026-06-24,MLB,total,2026-06-24_MLB_bos_col_total,Over 10.5,B,RANK,PREMIUM,-110,4,WIN,3.64,65.9,73.5,2.1,3,3,-6.8,Y,KEEP,KEEP,KEEP,KEEP,CUT,"2f2a9e:52%,bc35e3:78%,8ec926:65%,5b1e50:69%"
262,2026-06-24,MLB,total,2026-06-24_MLB_phi_wsh_total,Over 9.5,A,MINI,PREMIUM,-110,3,LOSS,-3,50.7,50.7,-0.4,0,0,,N,CUT,CUT,CUT,CUT,CUT,1e8f33:51%
263,2026-06-24,MLB,total,2026-06-24_MLB_sea_pit_total,Under 7.5,B,RANK,LEAN,-109,4,LOSS,-4,63.6,70.9,2.79,3,2,,N,KEEP,KEEP,KEEP,KEEP,KEEP,"779ef0:66%,cdb33b:76%,1e8f33:51%,b51a56:62%"
264,2026-06-25,SOC,ml,2026-06-25_SOC_ger_ecu,Germany,A,CONFIRMED,LOCK,-155,1,LOSS,-1,61.3,83.7,1,7,7,-16.5,Y,KEEP,KEEP,KEEP,KEEP,CUT,"2d2ca8:76%,84b2f4:40%,43020b:79%,95eb4c:89%,fea6f5:25%,946418:64%,0f9d74:69%,2f2a9e:51%,5b1e50:69%,c2aeea:60%,c668b3:60%,c911a4:59%,cd2f63:56%"
265,2026-06-25,SOC,ml,2026-06-25_SOC_ned_tun,Netherlands,A,TOP,ELITE,-750,4,WIN,0.53,61.7,71.5,2.75,3,2,17.3,Y,KEEP,KEEP,KEEP,KEEP,KEEP,"11381f:74%,c9bba3:50%,2f2a9e:51%,0f9d74:69%,946418:64%"
266,2026-06-25,SOC,ml,2026-06-25_SOC_usa_tur,United States,B,RANK,WEAK,105,4,LOSS,-4,66.5,83.7,2,5,5,26.5,Y,KEEP,KEEP,KEEP,KEEP,KEEP,"bc44b0:69%,2f2a9e:51%,95eb4c:89%,43020b:79%,c2aeea:60%,5b1e50:69%,57be17:49%"
267,2026-06-25,MLB,spread,2026-06-25_MLB_nyy_bos_spread,New York Yankees,B,RANK,ELITE,114,4,LOSS,-4,59.9,59.9,1.8,1,1,-17.9,Y,CUT,CUT,CUT,CUT,CUT,"2f2a9e:51%,5b1e50:69%"
268,2026-06-25,MLB,total,2026-06-25_MLB_hou_det_total,Under 9.5,B,RANK,PREMIUM,-110,4,WIN,3.64,59.9,59.9,1.8,1,1,,N,CUT,CUT,CUT,CUT,CUT,"2f2a9e:51%,5b1e50:69%"
269,2026-06-26,MLB,ml,2026-06-26_MLB_atl_sfg,Atlanta Braves,B,RANK,PREMIUM,-120,4,WIN,3.33,53.8,53.8,0.44,0,0,,N,CUT,CUT,CUT,CUT,CUT,"2f2a9e:50%,4c64aa:57%"
270,2026-06-26,SOC,ml,2026-06-26_SOC_bel_nzl,Belgium,B,RANK,ELITE,-500,4,WIN,0.8,68.2,68.2,1.58,2,2,17.3,Y,KEEP,KEEP,KEEP,KEEP,KEEP,"bc44b0:69%,5b1e50:67%"
271,2026-06-26,SOC,ml,2026-06-26_SOC_esp_uru,Spain,A,SUPER,LEAN,-145,6,WIN,4.14,63.3,75.6,0.47,8,6,5.9,Y,KEEP,KEEP,KEEP,KEEP,KEEP,"12c933:67%,06c80c:36%,bc44b0:69%,af1697:74%,2f2a9e:50%,95eb4c:73%,fec67e:65%,bc35e3:77%,0f9d74:68%,7b4652:54%,c668b3:59%,5b1e50:67%"
272,2026-06-26,SOC,ml,2026-06-26_SOC_fra_nor,France,B,RANK,WEAK,-250,4,WIN,1.6,52.1,68.8,-1.19,3,4,,Y,CUT,KEEP,KEEP,KEEP,KEEP,"bc44b0:69%,2f2a9e:50%,8366f5:38%,0f9d74:68%,6c78fd:24%,c668b3:59%,7a4cdf:38%,a10ff5:56%,5b1e50:67%"
273,2026-06-26,SOC,ml,2026-06-26_SOC_irn_egy,Egypt,A,SUPER,LEAN,170,1.5,LOSS,-1.5,71.8,82.6,3.23,2,2,6.2,Y,KEEP,KEEP,KEEP,KEEP,KEEP,"2f2a9e:50%,de3f67:65%,99059d:100%"
274,2026-06-26,SOC,ml,2026-06-26_SOC_ksa_cpv,Cabo Verde,C,SHARP-PRIME,WEAK,175,1.5,LOSS,-1.5,65.1,65.1,-0.96,2,1,0.6,Y,KEEP,KEEP,CUT,CUT,KEEP,"12c933:67%,e70853:63%"
275,2026-06-26,MLB,spread,2026-06-26_MLB_phi_nym_spread,Philadelphia Phillies,A,TOP+,PREMIUM,110,2.5,LOSS,-2.5,48.3,59.2,-0.14,1,1,-19.9,Y,CUT,CUT,CUT,CUT,CUT,"eeabaf:68%,1e8f33:50%,ab39ae:27%"
276,2026-06-26,MLB,total,2026-06-26_MLB_chc_mil_total,Under 7.5,A,TOP,ELITE,-110,4,LOSS,-4,68.3,68.3,3.41,1,1,,N,KEEP,KEEP,KEEP,KEEP,KEEP,eeabaf:68%
277,2026-06-27,MLB,ml,2026-06-27_MLB_chc_mil,Milwaukee Brewers,C,SHARP,WEAK,-150,3,LOSS,-3,57.8,57.8,0.72,1,1,-14.2,Y,CUT,CUT,CUT,CUT,CUT,"1e8f33:50%,5b1e50:65%"
278,2026-06-27,MLB,ml,2026-06-27_MLB_cin_pit,Cincinnati Reds,B,RANK,WEAK,-110,4,WIN,3.64,60.6,66.4,1.87,2,3,-39.4,Y,KEEP,KEEP,KEEP,KEEP,CUT,"1e8f33:50%,c2aeea:59%,70135d:65%,eeabaf:67%"
279,2026-06-27,MLB,ml,2026-06-27_MLB_kcr_cws,Kansas City Royals,A,MINI-,ELITE,114,1,LOSS,-1,67.6,68.7,2.22,3,3,,N,KEEP,KEEP,KEEP,KEEP,KEEP,"bc44b0:70%,eeabaf:67%,5b1e50:65%"
280,2026-06-27,MLB,ml,2026-06-27_MLB_oak_laa,Athletics,C,SHARP-PRIME,LOCK,-104,4,LOSS,-4,45.6,45.6,-1.86,0,0,,N,CUT,CUT,CUT,CUT,CUT,"4c64aa:57%,95618e:34%"
281,2026-06-27,MLB,ml,2026-06-27_MLB_phi_nym,New York Mets,C,SHARP-PRIME,LOCK,-123,4,WIN,3.25,79.1,85,10.13,3,2,13.7,Y,KEEP,KEEP,KEEP,KEEP,KEEP,"bc44b0:70%,0f9d74:67%,daf4de:100%"
282,2026-06-27,MLB,ml,2026-06-27_MLB_tex_tor,Toronto Blue Jays,B,RANK,PREMIUM,-184,4,LOSS,-4,64.2,67.9,2.86,2,2,-3,Y,KEEP,KEEP,KEEP,KEEP,CUT,"4c64aa:57%,ad88a3:70%,5b1e50:65%"
283,2026-06-27,SOC,ml,2026-06-27_SOC_arg_jor,Argentina,A,TOP,ELITE,-525,4,WIN,0.76,62.8,69.6,1.99,2,2,-2.4,Y,KEEP,KEEP,KEEP,KEEP,CUT,"2f2a9e:49%,2d2ca8:74%,5b1e50:65%"
284,2026-06-27,SOC,ml,2026-06-27_SOC_eng_pan,England,A,TOP+,ELITE,-625,5,WIN,0.8,53.1,63.9,-2.42,2,1,2.2,Y,CUT,CUT,CUT,CUT,CUT,"2f2a9e:49%,946418:63%,7b4652:55%,7a4cdf:33%,5b1e50:65%"
285,2026-06-27,SOC,ml,2026-06-27_SOC_gha_cro,Croatia,C,SHARP,WEAK,-120,3,WIN,2.5,58,65.3,1.5,2,2,9.4,Y,CUT,KEEP,KEEP,KEEP,KEEP,"491f30:45%,eeabaf:67%,c668b3:59%,a10ff5:55%,7f00bc:63%"
286,2026-06-27,SOC,ml,2026-06-27_SOC_uzb_cod,DR Congo,A,TOP+,LEAN,-150,5,WIN,3.33,57.9,62.3,0.97,1,1,39.8,Y,CUT,CUT,CUT,CUT,CUT,"bc44b0:70%,2f2a9e:49%,a10ff5:55%"
287,2026-06-27,MLB,spread,2026-06-27_MLB_mia_stl_spread,Miami Marlins,B,RANK,PREMIUM,-175,4,WIN,2.29,60.2,60.2,0.4,1,1,,N,KEEP,CUT,CUT,CUT,CUT,"f2d227:55%,70135d:65%"
288,2026-06-27,MLB,total,2026-06-27_MLB_hou_det_total,Under 8.5,B,RANK,WEAK,-107,4,LOSS,-4,69.9,74.3,3.87,4,4,,N,KEEP,KEEP,KEEP,KEEP,KEEP,"5b1e50:65%,70135d:65%,9a69c2:71%,bc35e3:77%"
289,2026-06-28,MLB,ml,2026-06-28_MLB_oak_laa,Athletics,A,TOP+,PREMIUM,-108,5,LOSS,-5,60.2,66.1,2.36,2,2,-10.8,Y,KEEP,KEEP,KEEP,KEEP,CUT,"2f2a9e:48%,ad88a3:68%,5b1e50:64%"
290,2026-06-28,MLB,ml,2026-06-28_MLB_tex_tor,Texas Rangers,B,RANK,LOCK,110,4,WIN,4.4,65.4,65.4,2.1,2,2,-0.1,Y,KEEP,KEEP,KEEP,KEEP,CUT,"5b1e50:64%,eeabaf:67%"
291,2026-06-28,SOC,ml,2026-06-28_SOC_can_rsa,Canada,A,CONFIRMED,ELITE,-145,1,WIN,0.69,59.7,78.4,-0.44,12,7,11.2,Y,CUT,KEEP,CUT,CUT,KEEP,"bd2d54:50%,bc44b0:71%,af1697:75%,388d4c:21%,63fc82:61%,e3dcd3:70%,8366f5:37%,5dc83b:63%,bc35e3:78%,0f9d74:67%,eeabaf:67%,348973:79%,2d2ca8:71%,c668b3:59%,7a4cdf:30%,cad739:40%,99059d:71%,5b1e50:64%"
292,2026-06-28,MLB,spread,2026-06-28_MLB_lad_sdp_spread,San Diego Padres,A,MINI,LEAN,-142,3,LOSS,-3,50.5,50.5,-0.06,0,0,,N,CUT,CUT,CUT,CUT,CUT,1e8f33:51%
293,2026-06-28,MLB,spread,2026-06-28_MLB_mia_stl_spread,Miami Marlins,B,RANK,LOCK,-190,4,WIN,2.11,60,60,0.39,1,1,,N,KEEP,CUT,CUT,CUT,CUT,"70135d:65%,f2d227:54%"
294,2026-06-28,MLB,total,2026-06-28_MLB_atl_sfg_total,Under 7.5,A,MINI-,LEAN,-104,1,WIN,0.96,68.1,71.7,2.27,3,2,,N,KEEP,KEEP,KEEP,KEEP,KEEP,"f9e3d0:79%,b51a56:61%,5b1e50:64%"
295,2026-06-28,MLB,total,2026-06-28_MLB_chc_mil_total,Under 8.5,A,TOP,LOCK,-110,4,WIN,3.64,56.4,56.4,0.43,1,1,,N,CUT,CUT,CUT,CUT,CUT,"2f2a9e:48%,5b1e50:64%"
296,2026-06-28,MLB,total,2026-06-28_MLB_cin_pit_total,Under 9.5,B,RANK,PREMIUM,100,4,LOSS,-4,56.4,56.4,0.43,1,1,,N,CUT,CUT,CUT,CUT,CUT,"2f2a9e:48%,5b1e50:64%"
297,2026-06-28,MLB,total,2026-06-28_MLB_nyy_bos_total,Under 8,B,RANK,PREMIUM,-108,4,LOSS,-4,62.7,65.8,0.4,1,1,-5.6,Y,KEEP,KEEP,CUT,CUT,CUT,"7923c4:72%,10c684:56%,c668b3:59%"
298,2026-06-29,MLB,ml,2026-06-29_MLB_sfg_ari,Arizona Diamondbacks,B,RANK,WEAK,-131,4,WIN,3.05,56.5,56.5,1.42,1,1,,N,CUT,CUT,CUT,CUT,CUT,"b839b3:49%,5b1e50:64%"
299,2026-06-29,SOC,ml,2026-06-29_SOC_jpn_bra,Brazil,C,SHARP-PRIME,WEAK,-130,4,WIN,3.08,52.4,69.4,-1.35,5,3,4.2,Y,CUT,KEEP,KEEP,KEEP,KEEP,"12c933:54%,7703d4:64%,2f2a9e:48%,fec67e:66%,0f9d74:67%,eeabaf:67%,c668b3:59%,fea6f5:23%,7a4cdf:32%,a10ff5:54%,99059d:71%,8da2ca:25%"
300,2026-06-29,SOC,ml,2026-06-29_SOC_par_ger,Germany,A,TOP+,LEAN,-295,5,LOSS,-5,57.9,73.1,-0.78,4,3,17,Y,CUT,KEEP,CUT,CUT,KEEP,"8da2ca:25%,af1697:75%,1e8f33:51%,2f2a9e:48%,5b1e50:64%,99059d:71%,bc44b0:71%,c911a4:58%"
301,2026-06-29,MLB,total,2026-06-29_MLB_mia_col_total,Over 11.5,A,MINI,LEAN,-114,3,WIN,2.63,61.4,68,1.12,2,2,-16.1,Y,KEEP,KEEP,KEEP,KEEP,CUT,"7923c4:72%,a10ff5:54%,cd2f63:56%,5b1e50:64%"
302,2026-06-29,MLB,total,2026-06-29_MLB_sdp_chc_total,Under 11.5,C,SHARP-PRIME,WEAK,-110,4,WIN,3.64,66.1,72.4,3.12,2,2,0.6,Y,KEEP,KEEP,KEEP,KEEP,KEEP,"bc35e3:78%,a10ff5:54%,ad88a3:67%"
303,2026-06-30,MLB,ml,2026-06-30_MLB_cws_bal,Chicago White Sox,B,RANK,PREMIUM,125,4,WIN,5,57.4,57.4,0.23,1,0,-8.1,Y,CUT,CUT,CUT,CUT,CUT,"1e8f33:51%,7703d4:64%"
304,2026-06-30,MLB,ml,2026-06-30_MLB_laa_sea,Los Angeles Angels,A,MINI,PREMIUM,158,1.5,LOSS,-1.5,57.5,71.2,0.89,2,2,,N,CUT,KEEP,CUT,CUT,KEEP,"ac9705:30%,70135d:65%,f9e3d0:77%"
305,2026-06-30,MLB,ml,2026-06-30_MLB_mia_col,Miami Marlins,A,TOP,LEAN,-135,4,WIN,2.96,77.4,83.9,2.25,3,2,22.9,Y,KEEP,KEEP,KEEP,KEEP,KEEP,"4b912c:68%,a82a75:100%,5b1e50:64%"
306,2026-06-30,MLB,ml,2026-06-30_MLB_min_hou,Minnesota Twins,A,MINI,LOCK,-110,3,LOSS,-3,50.5,50.5,-0.23,0,0,-17.3,Y,CUT,CUT,CUT,CUT,CUT,1e8f33:51%
307,2026-06-30,MLB,ml,2026-06-30_MLB_tbr_kcr,Tampa Bay Rays,C,SHARP,WEAK,-112,3,WIN,2.68,71.6,88.8,2.53,4,4,16.4,Y,KEEP,KEEP,KEEP,KEEP,KEEP,"1e8f33:51%,a82a75:100%,5b1e50:64%,70135d:65%,bc35e3:78%"
308,2026-06-30,MLB,ml,2026-06-30_MLB_tex_cle,Cleveland Guardians,B,RANK,PREMIUM,110,4,LOSS,-4,65.9,65.9,0.85,2,0,,N,KEEP,KEEP,CUT,CUT,KEEP,"7703d4:64%,0f9d74:68%"
309,2026-06-30,MLB,ml,2026-06-30_MLB_wsh_bos,Washington Nationals,A,TOP+,PREMIUM,117,2.5,WIN,2.92,61.4,69.8,0.49,5,3,,N,KEEP,KEEP,KEEP,KEEP,KEEP,"12ad50:72%,ac9705:30%,0f9d74:68%,eeabaf:67%,4b912c:68%,5b1e50:64%"
310,2026-06-30,SOC,ml,2026-06-30_SOC_ecu_mex,Mexico,A,TOP,LEAN,125,2.5,WIN,3.13,50.9,68.8,-0.95,2,3,13.6,Y,CUT,KEEP,CUT,CUT,KEEP,"cd2f63:56%,8bbab3:0%,c2aeea:59%,348973:73%,2f2a9e:49%,5b1e50:64%,95eb4c:47%,c911a4:58%"
311,2026-06-30,SOC,ml,2026-06-30_SOC_nor_civ,Norway,B,RANK,WEAK,115,4,WIN,4.6,59,71.1,1.48,4,3,35.9,Y,CUT,KEEP,KEEP,KEEP,KEEP,"06c80c:40%,af1697:75%,cd2f63:56%,0f9d74:68%,2f2a9e:49%,5b1e50:64%,a10ff5:55%,c911a4:58%,eeabaf:67%"
312,2026-06-30,SOC,ml,2026-06-30_SOC_swe_fra,France,A,CONFIRMED,ELITE,-350,1,WIN,0.29,47.8,55.8,-1.06,0,0,4.6,Y,CUT,CUT,CUT,CUT,CUT,"12c933:53%,c9bba3:54%,2f2a9e:49%,2d024e:50%,c668b3:58%,fea6f5:23%"
313,2026-06-30,MLB,spread,2026-06-30_MLB_stl_atl_spread,St. Louis Cardinals,B,RANK,PREMIUM,-163,4,WIN,2.45,62.6,66.2,0.09,3,2,-7.7,Y,KEEP,KEEP,KEEP,KEEP,CUT,"f2d227:55%,8ec926:63%,4b912c:68%,5b1e50:64%"
314,2026-06-30,MLB,total,2026-06-30_MLB_cws_bal_total,Over 10.5,A,TOP,LOCK,-110,4,WIN,3.64,77.4,83.9,2.25,3,2,-0.7,Y,KEEP,KEEP,KEEP,KEEP,CUT,"4b912c:68%,a82a75:100%,5b1e50:64%"
315,2026-06-30,MLB,total,2026-06-30_MLB_det_nyy_total,Under 7.5,A,TOP+,PREMIUM,-102,5,LOSS,-5,60.4,66.4,1.74,3,3,,N,KEEP,KEEP,KEEP,KEEP,KEEP,"2f2a9e:49%,5b1e50:64%,70135d:65%,ad88a3:67%,cd2f63:56%"
316,2026-06-30,MLB,total,2026-06-30_MLB_pit_phi_total,Under 8.5,A,MINI-,PREMIUM,-112,1,WIN,0.89,60.4,66.2,0.2,2,1,,N,KEEP,KEEP,KEEP,KEEP,KEEP,"2f2a9e:49%,4b912c:68%,5b1e50:64%"
317,2026-06-30,MLB,total,2026-06-30_MLB_sdp_chc_total,Over 11.5,A,TOP+,LOCK,-112,5,WIN,4.46,62.3,66.2,0.61,2,1,-8.4,Y,KEEP,KEEP,KEEP,KEEP,CUT,"a10ff5:55%,4b912c:68%,5b1e50:64%"
318,2026-06-30,MLB,total,2026-06-30_MLB_stl_atl_total,Over 9.5,A,TOP+,LEAN,-110,5,LOSS,-5,52.8,64.1,-1.27,2,0,-11,Y,CUT,CUT,CUT,CUT,CUT,"ac9705:30%,b51a56:60%,4b912c:68%"
319,2026-06-30,MLB,total,2026-06-30_MLB_tex_cle_total,Under 7.5,A,MINI,LOCK,103,2.5,WIN,2.58,60.2,66.2,0.19,2,1,-10.1,Y,KEEP,KEEP,KEEP,KEEP,CUT,"c668b3:58%,1e8f33:51%,4b912c:68%,5b1e50:64%"
320,2026-06-30,MLB,total,2026-06-30_MLB_wsh_bos_total,Under 9.5,B,RANK,LOCK,100,4,PUSH,0,60.6,60.6,1.78,1,1,-7.3,Y,KEEP,CUT,CUT,CUT,CUT,"eeabaf:67%,a10ff5:55%"
321,2026-07-01,MLB,ml,2026-07-01_MLB_cin_mil,Milwaukee Brewers,A,SUPER,PREMIUM,-162,6,WIN,3.7,68.7,88.7,2.95,6,6,0.8,Y,KEEP,KEEP,KEEP,KEEP,KEEP,"9a69c2:70%,a82a75:100%,ac9705:44%,4b912c:70%,5b1e50:65%,70135d:65%,bc35e3:77%,cd2f63:56%"
322,2026-07-01,MLB,ml,2026-07-01_MLB_det_nyy,New York Yankees,A,TOP+,ELITE,-134,5,LOSS,-5,56.6,66.5,0.06,2,2,,N,CUT,KEEP,CUT,CUT,KEEP,"2f2a9e:49%,ac9705:44%,0f9d74:68%,5b1e50:65%"
323,2026-07-01,MLB,ml,2026-07-01_MLB_min_hou,Minnesota Twins,B,RANK,LOCK,122,4,WIN,4.88,59,67.9,0.51,2,2,,N,CUT,KEEP,KEEP,KEEP,KEEP,"ac9705:44%,4b912c:70%,5b1e50:65%,cd2f63:56%"
324,2026-07-01,MLB,ml,2026-07-01_MLB_pit_phi,Pittsburgh Pirates,C,SHARP,WEAK,124,2.5,LOSS,-2.5,69,73.9,2.82,6,6,18.5,Y,KEEP,KEEP,KEEP,KEEP,KEEP,"bc35e3:77%,9a69c2:70%,0f9d74:68%,8ec926:63%,4b912c:70%,5b1e50:65%"
325,2026-07-01,MLB,ml,2026-07-01_MLB_tex_cle,Texas Rangers,C,SHARP,WEAK,106,2.5,LOSS,-2.5,60.4,70.4,1.77,4,4,-26.1,Y,KEEP,KEEP,KEEP,KEEP,CUT,"9a69c2:70%,1e8f33:51%,cd2f63:56%,ac9705:44%,4b912c:70%,5b1e50:65%,70135d:65%"
326,2026-07-01,SOC,ml,2026-07-01_SOC_sen_bel,Draw,C,SHARP,LEAN,230,1,WIN,2.3,23.1,23.1,-2.99,0,0,-34.1,Y,CUT,CUT,CUT,CUT,CUT,fea6f5:23%
327,2026-07-01,MLB,spread,2026-07-01_MLB_lad_oak_spread,Los Angeles Dodgers,C,SHARP,WEAK,-107,3,LOSS,-3,58.4,65.4,0.87,2,2,-26.8,Y,CUT,KEEP,KEEP,KEEP,CUT,"ac9705:44%,5b1e50:65%,70135d:65%"
328,2026-07-01,MLB,spread,2026-07-01_MLB_pit_phi_spread,Pittsburgh Pirates,A,TOP+,ELITE,-180,5,LOSS,-5,67.9,67.9,1.79,2,2,,N,KEEP,KEEP,KEEP,KEEP,KEEP,"4b912c:70%,5b1e50:65%"
329,2026-07-01,MLB,total,2026-07-01_MLB_cin_mil_total,Under 8.5,A,SUPER,ELITE,106,2.5,WIN,2.65,54.9,54.9,-0.12,1,1,0.7,Y,CUT,CUT,CUT,CUT,CUT,"ac9705:44%,5b1e50:65%"
330,2026-07-01,MLB,total,2026-07-01_MLB_lad_oak_total,Under 9.5,A,MINI-,PREMIUM,-110,1,WIN,0.91,65.3,65.3,1.47,1,1,12.8,Y,KEEP,KEEP,KEEP,KEEP,KEEP,5b1e50:65%
331,2026-07-01,MLB,total,2026-07-01_MLB_sdp_chc_total,Under 11.5,A,TOP,ELITE,-105,4,LOSS,-4,65.3,65.3,1.47,1,1,,N,KEEP,KEEP,KEEP,KEEP,KEEP,5b1e50:65%
332,2026-07-01,MLB,total,2026-07-01_MLB_wsh_bos_total,Under 9.5,B,RANK,PREMIUM,-103,4,LOSS,-4,56.8,60.7,0.82,1,1,,N,CUT,CUT,CUT,CUT,CUT,"cd2f63:56%,2f2a9e:49%,70135d:65%"
333,2026-07-02,MLB,ml,2026-07-02_MLB_cin_mil,Milwaukee Brewers,C,SHARP,WEAK,-190,3,LOSS,-3,52.3,52.3,1.85,1,1,-11.5,Y,CUT,CUT,CUT,CUT,CUT,"eeabaf:66%,ab39ae:39%"
334,2026-07-02,MLB,ml,2026-07-02_MLB_det_tex,Detroit Tigers,A,MINI-,LEAN,-108,1,LOSS,-1,65.7,65.7,2.95,1,1,-2.7,Y,KEEP,KEEP,KEEP,KEEP,CUT,eeabaf:66%
335,2026-07-02,MLB,ml,2026-07-02_MLB_mia_col,Miami Marlins,B,RANK,ELITE,-135,4,LOSS,-4,54.6,57,0.08,1,1,,Y,CUT,CUT,CUT,CUT,CUT,"2f2a9e:50%,1e8f33:52%,8ec926:63%"
336,2026-07-02,MLB,ml,2026-07-02_MLB_pit_phi,Pittsburgh Pirates,A,TOP,ELITE,115,2.5,WIN,2.88,71.1,71.1,2.94,1,1,,N,KEEP,KEEP,KEEP,KEEP,KEEP,4b912c:71%
337,2026-07-02,MLB,ml,2026-07-02_MLB_tbr_kcr,Tampa Bay Rays,A,TOP+,LOCK,-120,5,WIN,4.17,57.8,60.9,0.51,1,1,-8.9,Y,CUT,CUT,CUT,CUT,CUT,"cd2f63:56%,1e8f33:52%,5b1e50:66%"
338,2026-07-02,SOC,ml,2026-07-02_SOC_alg_sui,Switzerland,C,SHARP,WEAK,100,2.5,WIN,2.5,63.8,75,3.17,3,4,11.8,Y,KEEP,KEEP,KEEP,KEEP,KEEP,"9a69c2:72%,cd2f63:56%,0f9d74:68%,b839b3:50%,bc35e3:78%,c911a4:58%"
339,2026-07-02,MLB,spread,2026-07-02_MLB_cin_mil_spread,Cincinnati Reds,A,TOP,LOCK,-140,4,WIN,2.86,65.8,65.8,1.77,1,1,15.8,Y,KEEP,KEEP,KEEP,KEEP,KEEP,5b1e50:66%
340,2026-07-02,MLB,total,2026-07-02_MLB_cin_mil_total,Under 6.5,B,RANK,PREMIUM,-103,4,LOSS,-4,76.1,85.9,5.99,4,4,24.2,Y,KEEP,KEEP,KEEP,KEEP,KEEP,"779ef0:67%,eeabaf:66%,cdb33b:76%,a82a75:95%"
341,2026-07-02,MLB,total,2026-07-02_MLB_det_tex_total,Under 7.5,A,SUPER,ELITE,-116,6,LOSS,-6,62.3,71.8,2.3,4,4,-33.1,Y,KEEP,KEEP,KEEP,KEEP,CUT,"2f2a9e:50%,9a69c2:72%,ac9705:56%,cd2f63:56%,4b912c:71%,5b1e50:66%,70135d:65%"
342,2026-07-02,MLB,total,2026-07-02_MLB_laa_sea_total,Under 7.5,C,SHARP,WEAK,108,2.5,WIN,2.7,59.2,65.6,1.43,2,2,-12.6,Y,CUT,KEEP,KEEP,KEEP,CUT,"2f2a9e:50%,cd2f63:56%,70135d:65%,eeabaf:66%"
343,2026-07-02,MLB,total,2026-07-02_MLB_pit_phi_total,Over 9.5,B,RANK,ELITE,-110,4,LOSS,-4,58.7,66,1.47,2,2,,Y,CUT,KEEP,KEEP,KEEP,KEEP,"bc44b0:70%,2f2a9e:50%,ac9705:56%,ad88a3:62%,cd2f63:56%"
344,2026-07-03,MLB,ml,2026-07-03_MLB_mil_ari,Milwaukee Brewers,A,MINI-,ELITE,-146,1,WIN,0.68,62.8,69,1.53,2,2,-3.9,Y,KEEP,KEEP,KEEP,KEEP,CUT,"2f2a9e:50%,4b912c:72%,5b1e50:66%"
345,2026-07-03,MLB,ml,2026-07-03_MLB_pit_wsh,Washington Nationals,A,TOP+,PREMIUM,-148,5,WIN,3.38,56.7,59.1,2.24,1,1,-10.7,Y,CUT,CUT,CUT,CUT,CUT,"4c64aa:56%,b839b3:52%,ad88a3:62%"
346,2026-07-03,MLB,ml,2026-07-03_MLB_tbr_hou,Tampa Bay Rays,A,TOP+,PREMIUM,-108,5,WIN,4.63,61.5,69.6,2.26,4,4,,N,KEEP,KEEP,KEEP,KEEP,KEEP,"1e8f33:52%,ac9705:63%,2f2a9e:50%,5b1e50:66%,70135d:65%,9a69c2:73%"
347,2026-07-03,SOC,ml,2026-07-03_SOC_cpv_arg,Argentina,A,CONFIRMED,ELITE,-650,1,LOSS,-1,67.4,84,0.95,4,5,26.3,Y,KEEP,KEEP,KEEP,KEEP,KEEP,"c9bba3:56%,0f9d74:68%,daf4de:46%,4b912c:72%,a82a75:96%,5b1e50:66%"
348,2026-07-03,SOC,ml,2026-07-03_SOC_egy_aus,Egypt,C,SHARP,WEAK,140,2.5,LOSS,-2.5,56.8,60.3,2.61,1,2,-1.9,Y,CUT,CUT,KEEP,KEEP,CUT,"2f2a9e:50%,de3f67:62%,c911a4:59%,cd2f63:56%"
349,2026-07-03,SOC,ml,2026-07-03_SOC_gha_col,Colombia,A,SUPER,ELITE,-235,6,WIN,2.55,60.1,66.4,1.92,4,3,,N,KEEP,KEEP,KEEP,KEEP,KEEP,"4edc5b:64%,946418:67%,7da3d5:64%,fea6f5:41%,c911a4:59%,5b1e50:66%"
350,2026-07-03,MLB,spread,2026-07-03_MLB_min_nyy_spread,Minnesota Twins,C,SHARP,WEAK,-106,3,LOSS,-3,61.7,61.7,1.29,1,1,-3.2,Y,KEEP,CUT,CUT,CUT,CUT,"1e8f33:52%,4b912c:72%"
351,2026-07-03,MLB,total,2026-07-03_MLB_bal_cin_total,Under 9.5,A,TOP+,LOCK,-110,5,WIN,4.55,67.2,67.2,2.18,2,2,14.9,Y,KEEP,KEEP,KEEP,KEEP,KEEP,"ac9705:63%,4b912c:72%"
352,2026-07-03,MLB,total,2026-07-03_MLB_cws_cle_total,Under 8.5,A,TOP+,PREMIUM,-110,5,WIN,4.55,65.8,73.9,2.44,3,3,,N,KEEP,KEEP,KEEP,KEEP,KEEP,"bc44b0:70%,7da3d5:64%,1e8f33:52%,f9e3d0:78%"
353,2026-07-03,MLB,total,2026-07-03_MLB_mil_ari_total,Over 9.5,B,RANK,LEAN,-111,4,WIN,3.6,65.8,65.8,2.33,2,2,9.7,Y,KEEP,KEEP,KEEP,KEEP,KEEP,"5b1e50:66%,70135d:65%"
354,2026-07-03,MLB,total,2026-07-03_MLB_sfg_col_total,Under 11.5,A,TOP+,PREMIUM,-110,5,LOSS,-5,51.7,51.7,-0.38,0,0,,N,CUT,CUT,CUT,CUT,CUT,1e8f33:52%
355,2026-07-03,MLB,total,2026-07-03_MLB_tbr_hou_total,Under 9,B,RANK,PREMIUM,-109,4,WIN,3.67,80.8,80.8,6.02,2,2,24.7,Y,KEEP,KEEP,KEEP,KEEP,KEEP,"a82a75:96%,70135d:65%"
356,2026-07-04,MLB,ml,2026-07-04_MLB_bal_cin,Baltimore Orioles,A,TOP+,PREMIUM,109,2.5,WIN,2.73,74.3,83.9,3.97,4,4,,N,KEEP,KEEP,KEEP,KEEP,KEEP,"7923c4:71%,ac9705:64%,a82a75:96%,70135d:65%"
357,2026-07-04,MLB,ml,2026-07-04_MLB_mia_oak,Miami Marlins,B,RANK,WEAK,-136,4,WIN,2.94,59.4,69.1,0.83,3,3,3.9,Y,CUT,KEEP,KEEP,KEEP,KEEP,"cd2f63:56%,9a69c2:73%,f2f960:44%,1e8f33:52%,70135d:65%,eeabaf:65%"
358,2026-07-04,MLB,ml,2026-07-04_MLB_mil_ari,Milwaukee Brewers,A,TOP+,ELITE,-149,5,LOSS,-5,58,58,0.61,1,1,-10.7,Y,CUT,CUT,CUT,CUT,CUT,"ac9705:64%,1e8f33:52%"
359,2026-07-04,SOC,ml,2026-07-04_SOC_fra_par,France,A,SUPER,ELITE,-525,6,WIN,1.14,50.5,63,-0.37,2,2,24.8,Y,CUT,CUT,CUT,CUT,CUT,"4edc5b:60%,95eb4c:50%,c911a4:59%,a0cff6:47%,138d9b:21%,5b1e50:66%"
360,2026-07-04,SOC,ml,2026-07-04_SOC_mar_can,Morocco,C,SHARP,WEAK,-120,3,WIN,2.5,54.8,80.6,4.14,7,8,-12.9,Y,CUT,KEEP,KEEP,KEEP,CUT,"de3f67:61%,cd2f63:56%,c2aeea:59%,fea6f5:42%,1e8f33:52%,7da3d5:60%,388d4c:26%,ad4d8b:83%,0f9d74:69%,2f2a9e:51%,4edc5b:60%,5b1e50:66%,78e8f1:43%,7a4cdf:28%,b839b3:52%,bc35e3:78%,c911a4:59%,cad739:40%"
361,2026-07-04,MLB,spread,2026-07-04_MLB_bal_cin_spread,Baltimore Orioles,A,TOP,ELITE,-192,4,WIN,2.08,60.2,68.1,-1.67,2,2,,N,KEEP,KEEP,KEEP,KEEP,KEEP,"f2f960:44%,4b912c:70%,5b1e50:66%"
362,2026-07-04,MLB,spread,2026-07-04_MLB_nym_atl_spread,New York Mets,A,TOP,PREMIUM,-143,4,LOSS,-4,53.5,53.5,-4.02,1,1,,N,CUT,CUT,CUT,CUT,CUT,"f2f960:44%,8ec926:63%"
363,2026-07-04,MLB,total,2026-07-04_MLB_det_tex_total,Under 8.5,A,TOP+,LEAN,-107,5,WIN,4.67,63.6,63.6,3.09,2,2,6.2,Y,KEEP,CUT,KEEP,KEEP,CUT,"ad88a3:61%,5b1e50:66%"
364,2026-07-04,MLB,total,2026-07-04_MLB_min_nyy_total,Over 9.5,A,TOP,ELITE,-110,4,WIN,3.64,66,66,1.78,1,1,,N,KEEP,KEEP,KEEP,KEEP,KEEP,5b1e50:66%
365,2026-07-04,MLB,total,2026-07-04_MLB_pit_wsh_total,Under 10.5,B,RANK,PREMIUM,-110,4,WIN,3.64,62.5,68.1,1.4,2,2,,N,KEEP,KEEP,KEEP,KEEP,KEEP,"2f2a9e:51%,4b912c:70%,5b1e50:66%"
366,2026-07-04,MLB,total,2026-07-04_MLB_sfg_col_total,Over 12.5,A,TOP+,PREMIUM,101,5,LOSS,-5,65.4,72,1.98,3,3,,N,KEEP,KEEP,KEEP,KEEP,KEEP,"1e8f33:52%,5b1e50:66%,70135d:65%,bc35e3:78%"
367,2026-07-04,MLB,total,2026-07-04_MLB_stl_chc_total,Over 8.5,C,SHARP,WEAK,-110,3,LOSS,-3,61.1,61.1,1.07,1,1,6.7,Y,KEEP,CUT,CUT,CUT,CUT,"1e8f33:52%,4b912c:70%"
368,2026-07-05,MLB,ml,2026-07-05_MLB_bos_laa,Boston Red Sox,A,MINI-,LOCK,-154,1,WIN,0.65,62.6,65.8,1.62,2,2,,N,KEEP,KEEP,KEEP,KEEP,KEEP,"cd2f63:56%,5b1e50:66%,70135d:65%"
369,2026-07-05,MLB,ml,2026-07-05_MLB_min_nyy,New York Yankees,A,TOP,PREMIUM,-131,4,LOSS,-4,59.1,67.8,-1.83,2,2,,N,CUT,KEEP,CUT,CUT,KEEP,"0f9d74:70%,f2f960:42%,5b1e50:66%"
370,2026-07-05,MLB,ml,2026-07-05_MLB_nym_atl,Atlanta Braves,A,TOP+,LEAN,-105,5,LOSS,-5,56.4,58.7,0.11,1,0,-7.7,Y,CUT,CUT,CUT,CUT,CUT,"7703d4:64%,2f2a9e:52%,1e8f33:53%"
371,2026-07-05,MLB,ml,2026-07-05_MLB_stl_chc,Chicago Cubs,A,TOP,PREMIUM,-142,4,WIN,2.82,67.8,67.8,1.68,2,2,,N,KEEP,KEEP,KEEP,KEEP,KEEP,"0f9d74:70%,5b1e50:66%"
372,2026-07-05,MLB,ml,2026-07-05_MLB_tbr_hou,Tampa Bay Rays,C,SHARP-PRIME,PREMIUM,103,2.5,LOSS,-2.5,83,83,5.3,2,2,30.8,Y,KEEP,KEEP,KEEP,KEEP,KEEP,"4b912c:69%,a82a75:97%"
373,2026-07-05,SOC,ml,2026-07-05_SOC_eng_mex,England,C,SHARP,WEAK,155,1.5,WIN,2.33,55.6,69.4,1.35,6,7,9.3,Y,CUT,KEEP,KEEP,KEEP,KEEP,"06c80c:44%,c9bba3:54%,bc44b0:69%,0f9d74:70%,7da3d5:62%,c911a4:60%,7a4cdf:27%,bc8b21:67%,a0cff6:47%,4b912c:69%,8da2ca:33%,5b1e50:66%"
374,2026-07-05,SOC,ml,2026-07-05_SOC_nor_bra,Brazil,A,CONFIRMED,LEAN,-130,1,LOSS,-1,45.2,60.8,0.11,1,3,-15.7,Y,CUT,CUT,CUT,CUT,CUT,"8bbab3:13%,de3f67:60%,7da3d5:62%,fea6f5:45%,2f2a9e:52%,7a4cdf:27%,8da2ca:33%,c911a4:60%,cd2f63:56%"
375,2026-07-05,MLB,spread,2026-07-05_MLB_sdp_lad_spread,San Diego Padres,A,SUPER,ELITE,-105,6,WIN,5.71,67.5,81.5,1.13,3,3,,N,KEEP,KEEP,KEEP,KEEP,KEEP,"f2f960:42%,a82a75:97%,5b1e50:66%,70135d:65%"
376,2026-07-05,MLB,total,2026-07-05_MLB_mil_ari_total,Over 9.5,A,MINI-,PREMIUM,-111,1,LOSS,-1,66.1,66.1,1.7,1,1,,N,KEEP,KEEP,KEEP,KEEP,KEEP,5b1e50:66%
377,2026-07-05,MLB,total,2026-07-05_MLB_min_nyy_total,Under 8.5,A,MINI,ELITE,-110,3,WIN,2.73,41.7,41.7,-8.85,0,0,-10.5,Y,CUT,CUT,CUT,CUT,CUT,f2f960:42%
378,2026-07-05,MLB,total,2026-07-05_MLB_phi_kcr_total,Over 10.5,A,TOP,PREMIUM,-106,4,LOSS,-4,63.8,67.6,1.26,2,2,,N,KEEP,KEEP,KEEP,KEEP,KEEP,"cd2f63:56%,4b912c:69%,5b1e50:66%"
379,2026-07-05,MLB,total,2026-07-05_MLB_sfg_col_total,Over 12.5,A,TOP+,PREMIUM,101,2.5,PUSH,0,62.7,71.9,-0.2,3,3,,N,KEEP,KEEP,KEEP,KEEP,KEEP,"f2f960:42%,5b1e50:66%,70135d:65%,bc35e3:78%"
380,2026-07-05,MLB,total,2026-07-05_MLB_tbr_hou_total,Under 8.5,C,SHARP-PRIME,PREMIUM,-108,4,WIN,3.7,81.2,81.2,5.84,2,2,,N,KEEP,KEEP,KEEP,KEEP,KEEP,"a82a75:97%,70135d:65%"
381,2026-07-06,MLB,ml,2026-07-06_MLB_ari_sdp,Arizona Diamondbacks,A,TOP,LOCK,108,2.5,WIN,2.7,66.4,66.4,1.73,1,1,0.5,Y,KEEP,KEEP,KEEP,KEEP,KEEP,5b1e50:66%
382,2026-07-06,MLB,ml,2026-07-06_MLB_hou_wsh,Houston Astros,C,SHARP-PRIME,LOCK,115,2.5,LOSS,-2.5,58.8,58.8,2.31,1,1,-9.1,Y,CUT,CUT,CUT,CUT,CUT,"4c64aa:57%,ad88a3:61%"
383,2026-07-06,MLB,ml,2026-07-06_MLB_mil_stl,Milwaukee Brewers,C,SHARP-PRIME,WEAK,-118,4,WIN,3.39,62.7,62.7,-0.44,2,1,0.4,Y,KEEP,CUT,CUT,CUT,CUT,"eeabaf:65%,705ba1:60%"
384,2026-07-06,MLB,ml,2026-07-06_MLB_phi_kcr,Philadelphia Phillies,C,SHARP,WEAK,-210,3,LOSS,-3,64.7,87.1,2.1,6,5,-4.5,Y,KEEP,KEEP,KEEP,KEEP,CUT,"2f2a9e:52%,bc35e3:77%,0f9d74:70%,b839b3:51%,ab39ae:35%,705ba1:60%,a82a75:97%,40d814:73%,5b1e50:66%"
385,2026-07-06,SOC,ml,2026-07-06_SOC_bel_usa,United States,C,SHARP,WEAK,155,1.5,LOSS,-1.5,56.6,69.9,-0.54,4,5,2.3,Y,CUT,KEEP,KEEP,KEEP,KEEP,"cd2f63:56%,c2aeea:60%,fea6f5:48%,946418:70%,0f9d74:70%,1aef79:33%,2f2a9e:52%,5b1e50:66%,8da2ca:40%,bc44b0:68%,c911a4:59%"
386,2026-07-06,SOC,ml,2026-07-06_SOC_esp_por,Spain,C,SHARP,WEAK,-102,3,WIN,2.94,54.2,74.9,3.82,7,8,16,Y,CUT,KEEP,KEEP,KEEP,KEEP,"eeabaf:65%,e70853:62%,de3f67:58%,b839b3:51%,c911a4:59%,a8c991:60%,78e8f1:43%,ad88a3:61%,ad4d8b:83%,bc8b21:64%,8da2ca:40%,1aef79:33%,8bbab3:11%,5b1e50:66%"
387,2026-07-06,MLB,total,2026-07-06_MLB_nym_atl_total,Over 9.5,A,TOP,ELITE,-110,4,WIN,3.64,65.5,65.5,3.13,1,1,,N,KEEP,KEEP,KEEP,KEEP,KEEP,eeabaf:65%
388,2026-07-07,MLB,ml,2026-07-07_MLB_atl_pit,Atlanta Braves,C,SHARP,PREMIUM,128,2.5,LOSS,-2.5,58.9,58.9,1.87,1,1,-10.9,Y,CUT,CUT,CUT,CUT,CUT,"eeabaf:66%,a10ff5:52%"
389,2026-07-07,MLB,ml,2026-07-07_MLB_col_lad,Los Angeles Dodgers,C,SHARP-PRIME,LOCK,-310,4,LOSS,-4,62.5,70.1,0.79,2,1,-10.6,Y,KEEP,KEEP,CUT,CUT,CUT,"c668b3:59%,b839b3:51%,a0d6d2:60%,0cd77e:80%"
390,2026-07-07,MLB,ml,2026-07-07_MLB_phi_cin,Philadelphia Phillies,B,RANK,PREMIUM,-168,4,WIN,2.38,56.9,56.9,2.11,1,1,5.8,Y,CUT,CUT,CUT,CUT,CUT,"2f2a9e:53%,ad88a3:61%"
391,2026-07-07,MLB,ml,2026-07-07_MLB_sea_mia,Seattle Mariners,C,SHARP-PRIME,LEAN,105,2.5,LOSS,-2.5,63.9,67.4,0.17,4,3,1.9,Y,KEEP,KEEP,KEEP,KEEP,KEEP,"4b912c:69%,5b1e50:66%,70135d:65%,705ba1:59%,a0d6d2:60%"
392,2026-07-07,SOC,ml,2026-07-07_SOC_egy_arg,Argentina,C,SHARP-PRIME,WEAK,-300,4,WIN,1.33,54.9,79.3,2.13,1,2,-3,Y,CUT,KEEP,KEEP,KEEP,CUT,"c29d59:100%,c911a4:59%,955c26:50%,78e8f1:43%,138d9b:23%"
393,2026-07-07,MLB,spread,2026-07-07_MLB_atl_pit_spread,Atlanta Braves,C,SHARP,LEAN,-167,3,LOSS,-3,62.5,62.5,0.93,1,1,,N,KEEP,CUT,CUT,CUT,CUT,"cd2f63:56%,4b912c:69%"
394,2026-07-07,MLB,spread,2026-07-07_MLB_col_lad_spread,Colorado Rockies,A,TOP+,LOCK,128,2.5,WIN,3.2,68.4,78.7,0.06,2,2,17.1,Y,KEEP,KEEP,KEEP,KEEP,KEEP,"bc35e3:77%,f2f960:48%,0cd77e:80%"
395,2026-07-07,MLB,total,2026-07-07_MLB_hou_wsh_total,Under 9.5,A,MINI-,LEAN,-113,1,WIN,0.88,65.7,65.7,3.09,1,1,7.1,Y,KEEP,KEEP,KEEP,KEEP,KEEP,eeabaf:66%
396,2026-07-07,MLB,total,2026-07-07_MLB_laa_tex_total,Under 7.5,A,MINI,PREMIUM,-105,3,LOSS,-3,64.1,65.6,3.34,3,3,-4.7,Y,KEEP,KEEP,KEEP,KEEP,CUT,"eeabaf:66%,70135d:65%,ad88a3:61%"
397,2026-07-07,MLB,total,2026-07-07_MLB_mil_stl_total,Over 7.5,C,SHARP-PRIME,LOCK,-110,4,LOSS,-4,73.3,73.3,2.52,2,2,,N,KEEP,KEEP,KEEP,KEEP,KEEP,"7da3d5:67%,0cd77e:80%"
398,2026-07-08,MLB,ml,2026-07-08_MLB_cle_min,Cleveland Guardians,A,TOP,LOCK,110,2.5,LOSS,-2.5,53.8,53.8,-0.95,0,0,-15.4,Y,CUT,CUT,CUT,CUT,CUT,"4c64aa:58%,f2f960:50%"
399,2026-07-08,MLB,ml,2026-07-08_MLB_col_lad,Los Angeles Dodgers,A,TOP+,LOCK,-255,5,WIN,1.96,81.3,81.3,11.29,1,1,31.3,Y,KEEP,KEEP,KEEP,KEEP,KEEP,0cd77e:81%
400,2026-07-08,MLB,ml,2026-07-08_MLB_tor_sfg,San Francisco Giants,A,TOP,LEAN,110,2.5,LOSS,-2.5,65.5,65.6,2.68,4,3,9,Y,KEEP,KEEP,KEEP,KEEP,KEEP,"4b912c:66%,5b1e50:66%,70135d:65%,9a69c2:65%"
401,2026-07-08,MLB,spread,2026-07-08_MLB_atl_pit_spread,Atlanta Braves,C,SHARP,LEAN,162,1.5,WIN,2.43,62.5,65.6,0.94,2,1,,N,KEEP,KEEP,CUT,CUT,KEEP,"cd2f63:56%,4b912c:66%,5b1e50:66%"
402,2026-07-08,MLB,spread,2026-07-08_MLB_col_lad_spread,Colorado Rockies,A,TOP,LOCK,110,2.5,WIN,2.75,56.4,56.4,-0.65,1,1,,N,CUT,CUT,CUT,CUT,CUT,"f2f960:50%,8ec926:63%"
403,2026-07-08,MLB,spread,2026-07-08_MLB_oak_det_spread,Detroit Tigers,C,SHARP,WEAK,139,2.5,WIN,3.47,65.6,65.6,4.33,1,1,-0.1,Y,KEEP,KEEP,CUT,CUT,CUT,"f2f960:50%,0cd77e:81%"
404,2026-07-08,MLB,total,2026-07-08_MLB_chc_bal_total,Over 9.5,B,RANK,WEAK,-114,4,WIN,3.51,62.5,74,6.29,2,2,-0.3,Y,KEEP,KEEP,KEEP,KEEP,CUT,"aa9fb4:67%,f2f960:50%,a10ff5:52%,0cd77e:81%"
405,2026-07-08,MLB,total,2026-07-08_MLB_col_lad_total,Under 10,B,RANK,LOCK,-104,4,WIN,3.85,65.6,65.6,1.75,3,2,,N,KEEP,KEEP,KEEP,KEEP,KEEP,"4b912c:66%,5b1e50:66%,70135d:65%"
406,2026-07-09,MLB,ml,2026-07-09_MLB_ari_sdp,Arizona Diamondbacks,A,MINI,ELITE,110,2.5,WIN,2.75,71.3,71.3,3.83,2,2,,N,KEEP,KEEP,KEEP,KEEP,KEEP,"0f9d74:70%,0cd77e:72%"
407,2026-07-09,MLB,ml,2026-07-09_MLB_col_sfg,San Francisco Giants,A,MINI-,ELITE,-132,1,WIN,0.76,59.5,59.5,-0.12,0,0,,N,CUT,CUT,CUT,CUT,CUT,f2f960:60%
408,2026-07-09,SOC,ml,2026-07-09_SOC_mar_fra,France,A,SUPER,ELITE,-170,6,WIN,3.53,45.3,63.9,-2.72,1,2,-5.7,Y,CUT,CUT,CUT,CUT,CUT,"8366f5:37%,348973:71%,de3f67:56%,fea6f5:40%,7a4cdf:27%,a190ea:50%,8da2ca:36%"
409,2026-07-09,MLB,spread,2026-07-09_MLB_atl_pit_spread,Atlanta Braves,C,SHARP,LEAN,140,2.5,WIN,3.5,63.3,65.6,1.52,3,3,,N,KEEP,KEEP,KEEP,KEEP,KEEP,"4b912c:65%,5b1e50:66%,70135d:65%,cd2f63:56%"
410,2026-07-09,MLB,spread,2026-07-09_MLB_phi_cin_spread,Philadelphia Phillies,B,RANK,LEAN,-105,4,LOSS,-4,61,61,1.64,1,1,,N,KEEP,CUT,CUT,CUT,CUT,"cd2f63:56%,70135d:65%"
411,2026-07-09,MLB,total,2026-07-09_MLB_chc_bal_total,Over 9.5,A,TOP,LOCK,100,4,LOSS,-4,64,65.6,1.38,3,3,7.5,Y,KEEP,KEEP,KEEP,KEEP,KEEP,"f2f960:60%,4b912c:65%,5b1e50:66%,70135d:65%"
412,2026-07-09,MLB,total,2026-07-09_MLB_mil_stl_total,Over 8.5,A,TOP+,LEAN,-102,5,WIN,4.9,72.4,72.4,5.76,1,1,14.8,Y,KEEP,KEEP,KEEP,KEEP,KEEP,0cd77e:72%
413,2026-07-10,MLB,ml,2026-07-10_MLB_cle_mia,Cleveland Guardians,A,TOP,ELITE,107,2.5,WIN,2.68,79.1,83.5,5.22,3,3,,N,KEEP,KEEP,KEEP,KEEP,KEEP,"bc35e3:77%,0f9d74:70%,a82a75:90%"
414,2026-07-10,MLB,ml,2026-07-10_MLB_oak_cws,Chicago White Sox,A,TOP+,LEAN,-178,5,WIN,2.81,63.7,66.8,1.86,2,1,-1.8,Y,KEEP,KEEP,KEEP,KEEP,CUT,"4c64aa:58%,705ba1:60%,0cd77e:74%"
415,2026-07-10,MLB,ml,2026-07-10_MLB_phi_det,Detroit Tigers,A,SUPER,ELITE,-118,6,WIN,5.08,67.7,71.2,3.97,5,5,14.6,Y,KEEP,KEEP,KEEP,KEEP,KEEP,"ac9705:69%,0cd77e:74%,4b912c:65%,70135d:65%,9a69c2:65%"
416,2026-07-10,MLB,ml,2026-07-10_MLB_sea_tbr,Seattle Mariners,A,TOP+,LEAN,108,2.5,LOSS,-2.5,64.3,69.6,2.05,4,4,-0.6,Y,KEEP,KEEP,KEEP,KEEP,CUT,"12ad50:67%,c9bba3:53%,bc44b0:69%,ac9705:69%,0f9d74:70%,4c64aa:58%"
417,2026-07-10,MLB,spread,2026-07-10_MLB_atl_stl_spread,St. Louis Cardinals,A,TOP,PREMIUM,-123,4,WIN,3.25,59.1,59.1,-0.1,0,0,-7.8,Y,CUT,CUT,CUT,CUT,CUT,f2f960:59%
418,2026-07-10,MLB,spread,2026-07-10_MLB_oak_cws_spread,Athletics,A,TOP+,PREMIUM,-137,5,LOSS,-5,66.3,66.3,3.72,1,1,,N,KEEP,KEEP,KEEP,KEEP,KEEP,"f2f960:59%,0cd77e:74%"
419,2026-07-10,MLB,total,2026-07-10_MLB_cle_mia_total,Under 7.5,A,TOP,ELITE,-110,4,WIN,3.64,73.5,73.5,7.55,1,1,,N,KEEP,KEEP,KEEP,KEEP,KEEP,0cd77e:74%
420,2026-07-10,MLB,total,2026-07-10_MLB_nyy_wsh_total,Over 10.5,A,TOP+,LOCK,-104,5,LOSS,-5,66.6,67.2,2.27,3,3,1,Y,KEEP,KEEP,KEEP,KEEP,KEEP,"ac9705:69%,4b912c:65%,70135d:65%"
421,2026-07-11,MLB,ml,2026-07-11_MLB_bos_nym,New York Mets,B,RANK,LEAN,-144,4,LOSS,-4,67.1,67.1,2.35,1,1,,N,KEEP,KEEP,CUT,CUT,KEEP,"bc35e3:77%,4c64aa:57%"
422,2026-07-11,MLB,ml,2026-07-11_MLB_hou_tex,Texas Rangers,C,SHARP,PREMIUM,-117,3,LOSS,-3,76.9,76.9,6.74,2,2,,N,KEEP,KEEP,KEEP,KEEP,KEEP,"7da3d5:65%,a82a75:89%"
423,2026-07-11,MLB,ml,2026-07-11_MLB_nyy_wsh,Washington Nationals,B,RANK,LOCK,165,4,LOSS,-4,74.6,79.3,5.21,3,3,,Y,KEEP,KEEP,KEEP,KEEP,KEEP,"0f9d74:70%,7da3d5:65%,a82a75:89%"
424,2026-07-11,SOC,ml,2026-07-11_SOC_sui_arg,Argentina,C,SHARP-PRIME,ELITE,-145,4,LOSS,-4,30.8,33.9,-3.88,0,0,-15.2,Y,CUT,CUT,CUT,CUT,CUT,"7a4cdf:25%,a190ea:43%,138d9b:24%"
425,2026-07-11,MLB,total,2026-07-11_MLB_mil_pit_total,Over 8.5,C,SHARP,LEAN,-107,3,LOSS,-3,57.7,57.7,2.02,1,1,-4.8,Y,CUT,CUT,CUT,CUT,CUT,"7da3d5:65%,a10ff5:50%"
426,2026-07-12,MLB,ml,2026-07-12_MLB_atl_stl,St. Louis Cardinals,A,MINI,ELITE,-128,3,LOSS,-3,66.7,66.7,6.11,1,1,,N,KEEP,KEEP,KEEP,KEEP,KEEP,0cd77e:67%
427,2026-07-12,MLB,ml,2026-07-12_MLB_col_sfg,San Francisco Giants,A,MINI,ELITE,-145,3,WIN,2.07,66.7,66.7,6.11,1,1,,N,KEEP,KEEP,KEEP,KEEP,KEEP,0cd77e:67%
428,2026-07-12,MLB,ml,2026-07-12_MLB_mil_pit,Milwaukee Brewers,A,TOP,LEAN,106,2.5,LOSS,-2.5,,,,0,0,,Y,CUT,CUT,CUT,CUT,CUT,
429,2026-07-12,MLB,spread,2026-07-12_MLB_atl_stl_spread,St. Louis Cardinals,D,DISSENT,LEAN,168,1,LOSS,-1,66.7,66.7,6.11,1,1,4.2,Y,KEEP,KEEP,CUT,CUT,KEEP,0cd77e:67%
430,2026-07-12,MLB,total,2026-07-12_MLB_sea_tbr_total,Under 7.5,A,TOP,PREMIUM,-110,4,LOSS,-4,63.9,66.9,2.53,3,3,,N,KEEP,KEEP,KEEP,KEEP,KEEP,"bc44b0:67%,7da3d5:64%,f2f960:58%,0cd77e:67%"