i,date,sport,mkt,matchup,side,path,tier,odds,units,result,pnl,meanPct,top2Pct,meanClv,nHighPct,nElite,pctEdge,opposed,S1_meanPct60,S3_nHigh2,S5_top2_65,S7_A_only,S8_combo,S9_edge_top2,forWallets
1,2026-06-15,MLB,ML,2026-06-15_MLB_nym_cin,Cincinnati Reds,A,MINI,-136,3,W,2.21,64.6,68.5,3.41,2,2,,N,KEEP,KEEP,KEEP,KEEP,KEEP,KEEP,"1e8f33:57%,70135d:66%,9a69c2:71%"
2,2026-06-15,MLB,SPREAD,2026-06-15_MLB_col_chc_spread,Colorado Rockies,A,MINI,-105,3,W,2.86,56.7,56.7,-0.05,0,0,,N,CUT,CUT,CUT,CUT,CUT,CUT,1e8f33:57%
3,2026-06-16,MLB,ML,2026-06-16_MLB_det_hou,Houston Astros,A,TOP,-168,4,W,2.38,61.1,72.4,1.96,3,4,-5.6,Y,KEEP,KEEP,KEEP,KEEP,KEEP,CUT,"4c64aa:59%,1e8f33:56%,491f30:41%,5b1e50:74%,70135d:66%,9a69c2:71%"
4,2026-06-16,MLB,ML,2026-06-16_MLB_kcr_wsh,Washington Nationals,A,SUPER,-134,6,W,4.48,62.6,70,1.99,2,2,-5.3,Y,KEEP,KEEP,KEEP,KEEP,KEEP,CUT,"bc3532:67%,7923c4:73%,b839b3:48%"
5,2026-06-16,MLB,ML,2026-06-16_MLB_mia_phi,Philadelphia Phillies,A,TOP,-175,4,W,2.29,63.1,70.2,2.46,1,2,-4.7,Y,KEEP,CUT,KEEP,KEEP,KEEP,CUT,"4c64aa:59%,1e8f33:56%,ad88a3:82%,cd2f63:57%"
6,2026-06-16,MLB,ML,2026-06-16_MLB_sfg_atl,Atlanta Braves,A,TOP,-172,4,L,-4,53.8,56.8,1.29,0,1,-19.6,Y,CUT,CUT,CUT,CUT,CUT,CUT,"2f2a9e:55%,4c64aa:59%,b839b3:48%"
7,2026-06-16,MLB,TOTAL,2026-06-16_MLB_col_chc_total,Over 9.5,A,MINI,-110,3,L,-3,56.1,56.1,0.31,0,0,,N,CUT,CUT,CUT,CUT,CUT,CUT,"1e8f33:56%,cd2f63:57%"
8,2026-06-16,MLB,TOTAL,2026-06-16_MLB_nym_cin_total,Over 9.5,A,MINI,-110,3,L,-3,55.2,56.1,-1.3,0,0,-19.8,Y,CUT,CUT,CUT,CUT,CUT,CUT,"e05213:54%,1e8f33:56%,cd2f63:57%"
9,2026-06-17,MLB,ML,2026-06-17_MLB_mia_phi,Miami Marlins,A,MINI,100,2.5,W,2.5,53.8,53.8,0.57,0,0,,N,CUT,CUT,CUT,CUT,CUT,CUT,1e8f33:54%
10,2026-06-17,MLB,ML,2026-06-17_MLB_tor_bos,Boston Red Sox,A,MINI,-123,3,L,-3,53.8,53.8,0.57,0,0,-15,Y,CUT,CUT,CUT,CUT,CUT,CUT,1e8f33:54%
11,2026-06-17,MLB,TOTAL,2026-06-17_MLB_bal_sea_total,Over 7.5,A,MINI,-110,3,W,2.73,53.8,53.8,0.57,0,0,,N,CUT,CUT,CUT,CUT,CUT,CUT,1e8f33:54%
12,2026-06-17,MLB,TOTAL,2026-06-17_MLB_laa_ari_total,Under 9.5,A,MINI,-110,3,W,2.73,53.8,53.8,0.57,0,0,,N,CUT,CUT,CUT,CUT,CUT,CUT,1e8f33:54%
13,2026-06-17,MLB,TOTAL,2026-06-17_MLB_sdp_stl_total,Over 10.5,A,MINI,-110,3,L,-3,65.9,72.3,0.08,2,2,,N,KEEP,KEEP,KEEP,KEEP,KEEP,KEEP,"bc35e3:79%,e05213:53%,8ec926:65%"
14,2026-06-18,MLB,ML,2026-06-18_MLB_cle_mil,Milwaukee Brewers,A,TOP,-148,4,L,-4,67.1,67.1,3.87,1,1,-1.9,Y,KEEP,CUT,KEEP,KEEP,KEEP,CUT,"4c64aa:58%,ad88a3:76%"
15,2026-06-18,MLB,ML,2026-06-18_MLB_nym_phi,New York Mets,A,TOP,103,2.5,W,2.58,67.3,75.9,1.64,7,6,16.8,Y,KEEP,KEEP,KEEP,KEEP,KEEP,KEEP,"7703d4:65%,bc44b0:71%,2f2a9e:51%,bc35e3:79%,0f9d74:69%,eeabaf:68%,972768:73%,cd2f63:57%,5b1e50:73%"
16,2026-06-18,MLB,TOTAL,2026-06-18_MLB_nym_phi_total,Over 9.5,A,MINI,-110,3,W,2.73,54.7,54.7,0.39,0,0,-20.3,Y,CUT,CUT,CUT,CUT,CUT,CUT,"1e8f33:53%,cd2f63:57%"
17,2026-06-18,MLB,TOTAL,2026-06-18_MLB_tor_bos_total,Under 8.5,A,MINI,-108,3,W,2.78,62.4,72.9,1,2,1,-3.5,Y,KEEP,KEEP,KEEP,KEEP,KEEP,CUT,"1e8f33:53%,2f2a9e:51%,5b1e50:73%,972768:73%"
18,2026-06-19,MLB,ML,2026-06-19_MLB_min_ari,Arizona Diamondbacks,A,TOP,-168,4,W,2.38,62.5,67.2,2.65,1,1,1.7,Y,KEEP,CUT,KEEP,KEEP,KEEP,KEEP,"4c64aa:58%,1e8f33:53%,ad88a3:76%"
19,2026-06-19,MLB,SPREAD,2026-06-19_MLB_cin_nyy_spread,New York Yankees,A,TOP,-130,4,W,3.08,51.2,54.1,-0.53,0,0,-18.4,Y,CUT,CUT,CUT,CUT,CUT,CUT,"1e8f33:53%,f2d227:55%,b839b3:45%"
20,2026-06-19,MLB,SPREAD,2026-06-19_MLB_cws_det_spread,Chicago White Sox,A,MINI,-118,3,W,2.54,64.1,69.6,2.06,2,2,0.1,Y,KEEP,KEEP,KEEP,KEEP,KEEP,KEEP,"1e8f33:53%,5b1e50:73%,70135d:66%"
21,2026-06-19,MLB,TOTAL,2026-06-19_MLB_pit_col_total,Over 11.5,A,MINI,-110,3,L,-3,53.1,53.1,0.33,0,0,,N,CUT,CUT,CUT,CUT,CUT,CUT,1e8f33:53%
22,2026-06-19,MLB,TOTAL,2026-06-19_MLB_tor_chc_total,Under 7.5,A,MINI,-110,3,L,-3,60.5,64.2,0.83,1,1,-14.4,Y,KEEP,CUT,CUT,KEEP,KEEP,CUT,"bc44b0:72%,1e8f33:53%,cd2f63:57%"
23,2026-06-20,MLB,ML,2026-06-20_MLB_cin_nyy,New York Yankees,A,TOP,-201,4,L,-4,38.5,38.5,-0.62,0,0,-28.6,Y,CUT,CUT,CUT,CUT,CUT,CUT,"ab39ae:33%,b839b3:44%"
24,2026-06-20,MLB,ML,2026-06-20_MLB_nym_phi,Philadelphia Phillies,A,TOP,-198,4,W,2.02,56.5,63,1.45,1,1,-1.8,Y,CUT,CUT,CUT,CUT,CUT,CUT,"eeabaf:68%,4c64aa:58%,b839b3:44%"
25,2026-06-20,MLB,ML,2026-06-20_MLB_sfg_mia,Miami Marlins,A,MINI,-137,3,W,2.19,52.4,52.4,0,0,0,,N,CUT,CUT,CUT,CUT,CUT,CUT,1e8f33:52%
26,2026-06-20,MLB,TOTAL,2026-06-20_MLB_mil_atl_total,Under 7.5,B,RANK,-110,2,W,1.82,60.3,60.3,2.79,1,1,-3.9,Y,KEEP,CUT,CUT,KEEP,CUT,CUT,"2f2a9e:53%,eeabaf:68%"
27,2026-06-21,MLB,ML,2026-06-21_MLB_bal_lad,Los Angeles Dodgers,A,MINI,-225,3,L,-3,62,62,1.88,1,1,-9.7,Y,KEEP,CUT,CUT,KEEP,KEEP,CUT,"4c64aa:58%,70135d:65%"
28,2026-06-21,MLB,ML,2026-06-21_MLB_nym_phi,Philadelphia Phillies,A,MINI,-186,3,W,1.61,69.8,80.8,6.39,3,3,-1.3,Y,KEEP,KEEP,KEEP,KEEP,KEEP,CUT,"1e8f33:52%,5b1e50:73%,70135d:65%,b70f9a:89%"
29,2026-06-21,MLB,TOTAL,2026-06-21_MLB_bos_sea_total,Under 6.5,A,TOP,101,2.5,W,2.53,70.6,74.5,3.9,4,4,11,Y,KEEP,KEEP,KEEP,KEEP,KEEP,KEEP,"779ef0:65%,eeabaf:68%,7923c4:73%,cdb33b:76%"
30,2026-06-21,MLB,TOTAL,2026-06-21_MLB_cws_det_total,Under 8.5,A,MINI,-105,3,L,-3,58.8,58.8,0.44,1,1,0.1,Y,CUT,CUT,CUT,CUT,CUT,CUT,"1e8f33:52%,8ec926:65%"
31,2026-06-22,MLB,ML,2026-06-22_MLB_hou_tor,Toronto Blue Jays,A,MINI,-131,3,W,2.29,68.6,68.6,3.34,1,1,,N,KEEP,CUT,KEEP,KEEP,KEEP,KEEP,eeabaf:69%
32,2026-06-22,MLB,TOTAL,2026-06-22_MLB_bal_laa_total,Over 8.5,A,MINI,-102,3,L,-3,58.9,58.9,1.24,1,1,-11.1,Y,CUT,CUT,CUT,CUT,CUT,CUT,"1e8f33:52%,70135d:65%"
33,2026-06-22,MLB,TOTAL,2026-06-22_MLB_chc_nym_total,Over 8.5,A,MINI,-110,3,W,2.73,52.2,52.2,-0.35,0,0,,N,CUT,CUT,CUT,CUT,CUT,CUT,1e8f33:52%
34,2026-06-22,MLB,TOTAL,2026-06-22_MLB_hou_tor_total,Under 6.5,A,MINI,-110,3,W,2.73,59.9,63.8,-0.76,1,1,,N,CUT,CUT,CUT,CUT,CUT,CUT,"e05213:55%,7923c4:73%,1e8f33:52%"
35,2026-06-22,MLB,TOTAL,2026-06-22_MLB_nyy_det_total,Under 8.5,A,TOP,-104,4,W,3.85,65.7,65.7,1.36,2,1,0.3,Y,KEEP,KEEP,KEEP,KEEP,KEEP,KEEP,"c668b3:60%,5b1e50:71%"
36,2026-06-23,MLB,ML,2026-06-23_MLB_atl_sdp,Atlanta Braves,A,MINI,-110,3,L,-3,66.8,74.5,2,5,5,,N,KEEP,KEEP,KEEP,KEEP,KEEP,KEEP,"2f2a9e:52%,bc35e3:78%,0f9d74:70%,8ec926:66%,b51a56:63%,5b1e50:70%"
37,2026-06-23,MLB,ML,2026-06-23_MLB_bal_laa,Baltimore Orioles,A,MINI,-142,3,L,-3,58.1,61.4,1.47,1,1,6.2,Y,CUT,CUT,CUT,CUT,CUT,CUT,"2f2a9e:52%,1e8f33:51%,5b1e50:70%"
38,2026-06-23,MLB,TOTAL,2026-06-23_MLB_mil_cin_total,Over 9.5,A,MINI,103,2.5,L,-2.5,51.5,51.5,-0.38,0,0,,N,CUT,CUT,CUT,CUT,CUT,CUT,1e8f33:51%
39,2026-06-24,MLB,ML,2026-06-24_MLB_atl_sdp,Atlanta Braves,A,MINI,-118,3,L,-3,50.7,50.7,-0.4,0,0,-26.9,Y,CUT,CUT,CUT,CUT,CUT,CUT,1e8f33:51%
40,2026-06-24,SOC,ML,2026-06-24_SOC_hai_mar,Morocco,A,TOP,-350,4,W,1.14,63.2,72.5,0.31,4,3,-6,Y,KEEP,KEEP,KEEP,KEEP,KEEP,CUT,"c9bba3:50%,0f9d74:70%,946418:69%,7b4652:55%,12192c:75%,c911a4:60%"
41,2026-06-24,MLB,TOTAL,2026-06-24_MLB_phi_wsh_total,Over 9.5,A,MINI,-110,3,L,-3,50.7,50.7,-0.4,0,0,,N,CUT,CUT,CUT,CUT,CUT,CUT,1e8f33:51%
42,2026-06-24,MLB,ML,2026-06-24_MLB_bos_col,Colorado Rockies,B,RANK,145,2.5,W,3.63,65.1,65.1,3.53,1,2,,N,KEEP,CUT,KEEP,KEEP,KEEP,KEEP,"4c64aa:59%,ad88a3:71%"
43,2026-06-24,MLB,TOTAL,2026-06-24_MLB_bos_col_total,Over 10.5,B,RANK,-110,4,W,3.64,65.9,73.5,2.1,3,3,-6.8,Y,KEEP,KEEP,KEEP,KEEP,KEEP,CUT,"2f2a9e:52%,bc35e3:78%,8ec926:65%,5b1e50:69%"
44,2026-06-24,MLB,TOTAL,2026-06-24_MLB_sea_pit_total,Under 7.5,B,RANK,-109,4,L,-4,63.6,70.9,2.79,3,2,,N,KEEP,KEEP,KEEP,KEEP,KEEP,KEEP,"779ef0:66%,cdb33b:76%,1e8f33:51%,b51a56:62%"
45,2026-06-25,SOC,ML,2026-06-25_SOC_ger_ecu,Germany,A,CONFIRMED,-155,1,L,-1,61.3,83.7,1,7,7,-16.5,Y,KEEP,KEEP,KEEP,KEEP,KEEP,CUT,"2d2ca8:76%,84b2f4:40%,43020b:79%,95eb4c:89%,fea6f5:25%,946418:64%,0f9d74:69%,2f2a9e:51%,5b1e50:69%,c2aeea:60%,c668b3:60%,c911a4:59%,cd2f63:56%"
46,2026-06-25,SOC,ML,2026-06-25_SOC_ned_tun,Netherlands,A,TOP,-750,4,W,0.53,61.7,71.5,2.75,3,2,17.3,Y,KEEP,KEEP,KEEP,KEEP,KEEP,KEEP,"11381f:74%,c9bba3:50%,2f2a9e:51%,0f9d74:69%,946418:64%"
47,2026-06-25,SOC,ML,2026-06-25_SOC_usa_tur,United States,B,RANK,105,2.5,L,-2.5,66.5,83.7,2,5,5,26.5,Y,KEEP,KEEP,KEEP,KEEP,KEEP,KEEP,"bc44b0:69%,2f2a9e:51%,95eb4c:89%,43020b:79%,c2aeea:60%,5b1e50:69%,57be17:49%"
48,2026-06-25,MLB,SPREAD,2026-06-25_MLB_nyy_bos_spread,New York Yankees,B,RANK,114,2.5,L,-2.5,59.9,59.9,1.8,1,1,-17.9,Y,CUT,CUT,CUT,KEEP,CUT,CUT,"2f2a9e:51%,5b1e50:69%"
49,2026-06-25,MLB,TOTAL,2026-06-25_MLB_hou_det_total,Under 9.5,B,RANK,-110,4,W,3.64,59.9,59.9,1.8,1,1,,N,CUT,CUT,CUT,KEEP,CUT,CUT,"2f2a9e:51%,5b1e50:69%"
50,2026-06-26,SOC,ML,2026-06-26_SOC_esp_uru,Spain,A,SUPER,-145,6,W,4.14,63.3,75.6,0.47,8,6,5.9,Y,KEEP,KEEP,KEEP,KEEP,KEEP,KEEP,"12c933:67%,06c80c:36%,bc44b0:69%,af1697:74%,2f2a9e:50%,95eb4c:73%,fec67e:65%,bc35e3:77%,0f9d74:68%,7b4652:54%,c668b3:59%,5b1e50:67%"
51,2026-06-26,SOC,ML,2026-06-26_SOC_irn_egy,Egypt,A,SUPER,170,1.5,L,-1.5,71.8,82.6,3.23,2,2,6.2,Y,KEEP,KEEP,KEEP,KEEP,KEEP,KEEP,"2f2a9e:50%,de3f67:65%,99059d:100%"
52,2026-06-26,MLB,SPREAD,2026-06-26_MLB_phi_nym_spread,Philadelphia Phillies,A,TOP+,110,2.5,L,-2.5,48.3,59.2,-0.14,1,1,-19.9,Y,CUT,CUT,CUT,CUT,CUT,CUT,"eeabaf:68%,1e8f33:50%,ab39ae:27%"
53,2026-06-26,MLB,TOTAL,2026-06-26_MLB_chc_mil_total,Under 7.5,A,TOP,-110,4,L,-4,68.3,68.3,3.41,1,1,,N,KEEP,CUT,KEEP,KEEP,KEEP,KEEP,eeabaf:68%
54,2026-06-26,MLB,ML,2026-06-26_MLB_atl_sfg,Atlanta Braves,B,RANK,-120,4,W,3.33,53.8,53.8,0.44,0,0,,N,CUT,CUT,CUT,KEEP,CUT,CUT,"2f2a9e:50%,4c64aa:57%"
55,2026-06-26,SOC,ML,2026-06-26_SOC_bel_nzl,Belgium,B,RANK,-500,4,W,0.8,68.2,68.2,1.58,2,2,17.3,Y,KEEP,KEEP,KEEP,KEEP,KEEP,KEEP,"bc44b0:69%,5b1e50:67%"
56,2026-06-26,SOC,ML,2026-06-26_SOC_fra_nor,France,B,RANK,-250,4,W,1.6,52.1,68.8,-1.19,3,4,,Y,CUT,KEEP,KEEP,KEEP,KEEP,KEEP,"bc44b0:69%,2f2a9e:50%,8366f5:38%,0f9d74:68%,6c78fd:24%,c668b3:59%,7a4cdf:38%,a10ff5:56%,5b1e50:67%"
57,2026-06-26,SOC,ML,2026-06-26_SOC_ksa_cpv,Cabo Verde,C,SHARP-PRIME,175,1.5,L,-1.5,65.1,65.1,-0.96,2,1,0.6,Y,KEEP,KEEP,KEEP,KEEP,CUT,KEEP,"12c933:67%,e70853:63%"
58,2026-06-27,MLB,ML,2026-06-27_MLB_kcr_cws,Kansas City Royals,A,MINI-,114,1,L,-1,67.6,68.7,2.22,3,3,,N,KEEP,KEEP,KEEP,KEEP,KEEP,KEEP,"bc44b0:70%,eeabaf:67%,5b1e50:65%"
59,2026-06-27,SOC,ML,2026-06-27_SOC_arg_jor,Argentina,A,TOP,-525,4,W,0.76,62.8,69.6,1.99,2,2,-2.4,Y,KEEP,KEEP,KEEP,KEEP,KEEP,CUT,"2f2a9e:49%,2d2ca8:74%,5b1e50:65%"
60,2026-06-27,SOC,ML,2026-06-27_SOC_eng_pan,England,A,TOP+,-625,5,W,0.8,53.1,63.9,-2.42,2,1,2.2,Y,CUT,KEEP,CUT,CUT,CUT,CUT,"2f2a9e:49%,946418:63%,7b4652:55%,7a4cdf:33%,5b1e50:65%"
61,2026-06-27,SOC,ML,2026-06-27_SOC_uzb_cod,DR Congo,A,TOP+,-150,5,W,3.33,57.9,62.3,0.97,1,1,39.8,Y,CUT,CUT,CUT,CUT,CUT,CUT,"bc44b0:70%,2f2a9e:49%,a10ff5:55%"
62,2026-06-27,MLB,ML,2026-06-27_MLB_cin_pit,Cincinnati Reds,B,RANK,-110,4,W,3.64,60.6,66.4,1.87,2,3,-39.4,Y,KEEP,KEEP,KEEP,KEEP,KEEP,CUT,"1e8f33:50%,c2aeea:59%,70135d:65%,eeabaf:67%"
63,2026-06-27,MLB,ML,2026-06-27_MLB_tex_tor,Toronto Blue Jays,B,RANK,-184,4,L,-4,64.2,67.9,2.86,2,2,-3,Y,KEEP,KEEP,KEEP,KEEP,KEEP,CUT,"4c64aa:57%,ad88a3:70%,5b1e50:65%"
64,2026-06-27,MLB,SPREAD,2026-06-27_MLB_mia_stl_spread,Miami Marlins,B,RANK,-175,4,W,2.29,60.2,60.2,0.4,1,1,,N,KEEP,CUT,CUT,KEEP,CUT,CUT,"f2d227:55%,70135d:65%"
65,2026-06-27,MLB,TOTAL,2026-06-27_MLB_hou_det_total,Under 8.5,B,RANK,-107,4,L,-4,69.9,74.3,3.87,4,4,,N,KEEP,KEEP,KEEP,KEEP,KEEP,KEEP,"5b1e50:65%,70135d:65%,9a69c2:71%,bc35e3:77%"
66,2026-06-27,MLB,ML,2026-06-27_MLB_chc_mil,Milwaukee Brewers,C,SHARP,-150,3,L,-3,57.8,57.8,0.72,1,1,-14.2,Y,CUT,CUT,CUT,KEEP,CUT,CUT,"1e8f33:50%,5b1e50:65%"
67,2026-06-27,MLB,ML,2026-06-27_MLB_oak_laa,Athletics,C,SHARP-PRIME,-104,4,L,-4,45.6,45.6,-1.86,0,0,,N,CUT,CUT,CUT,KEEP,CUT,CUT,"4c64aa:57%,95618e:34%"
68,2026-06-27,MLB,ML,2026-06-27_MLB_phi_nym,New York Mets,C,SHARP-PRIME,-123,4,W,3.25,79.1,85,10.13,3,2,13.7,Y,KEEP,KEEP,KEEP,KEEP,KEEP,KEEP,"bc44b0:70%,0f9d74:67%,daf4de:100%"
69,2026-06-27,SOC,ML,2026-06-27_SOC_gha_cro,Croatia,C,SHARP,-120,3,W,2.5,58,65.3,1.5,2,2,9.4,Y,CUT,KEEP,KEEP,KEEP,KEEP,KEEP,"491f30:45%,eeabaf:67%,c668b3:59%,a10ff5:55%,7f00bc:63%"
70,2026-06-28,MLB,ML,2026-06-28_MLB_oak_laa,Athletics,A,TOP+,-108,5,L,-5,60.2,66.1,2.36,2,2,-10.8,Y,KEEP,KEEP,KEEP,KEEP,KEEP,CUT,"2f2a9e:48%,ad88a3:68%,5b1e50:64%"
71,2026-06-28,SOC,ML,2026-06-28_SOC_can_rsa,Canada,A,CONFIRMED,-145,1,W,0.69,59.7,78.4,-0.44,12,7,11.2,Y,CUT,KEEP,KEEP,CUT,CUT,KEEP,"bd2d54:50%,bc44b0:71%,af1697:75%,388d4c:21%,63fc82:61%,e3dcd3:70%,8366f5:37%,5dc83b:63%,bc35e3:78%,0f9d74:67%,eeabaf:67%,348973:79%,2d2ca8:71%,c668b3:59%,7a4cdf:30%,cad739:40%,99059d:71%,5b1e50:64%"
72,2026-06-28,MLB,SPREAD,2026-06-28_MLB_lad_sdp_spread,San Diego Padres,A,MINI,-142,3,L,-3,50.5,50.5,-0.06,0,0,,N,CUT,CUT,CUT,CUT,CUT,CUT,1e8f33:51%
73,2026-06-28,MLB,TOTAL,2026-06-28_MLB_atl_sfg_total,Under 7.5,A,MINI-,-104,1,W,0.96,68.1,71.7,2.27,3,2,,N,KEEP,KEEP,KEEP,KEEP,KEEP,KEEP,"f9e3d0:79%,b51a56:61%,5b1e50:64%"
74,2026-06-28,MLB,TOTAL,2026-06-28_MLB_chc_mil_total,Under 8.5,A,TOP,-110,4,W,3.64,56.4,56.4,0.43,1,1,,N,CUT,CUT,CUT,CUT,CUT,CUT,"2f2a9e:48%,5b1e50:64%"
75,2026-06-28,MLB,ML,2026-06-28_MLB_tex_tor,Texas Rangers,B,RANK,110,2.5,W,2.75,65.4,65.4,2.1,2,2,-0.1,Y,KEEP,KEEP,KEEP,KEEP,KEEP,CUT,"5b1e50:64%,eeabaf:67%"
76,2026-06-28,MLB,SPREAD,2026-06-28_MLB_mia_stl_spread,Miami Marlins,B,RANK,-190,4,W,2.11,60,60,0.39,1,1,,N,KEEP,CUT,CUT,KEEP,CUT,CUT,"70135d:65%,f2d227:54%"
77,2026-06-28,MLB,TOTAL,2026-06-28_MLB_cin_pit_total,Under 9.5,B,RANK,100,2.5,L,-2.5,56.4,56.4,0.43,1,1,,N,CUT,CUT,CUT,KEEP,CUT,CUT,"2f2a9e:48%,5b1e50:64%"
78,2026-06-28,MLB,TOTAL,2026-06-28_MLB_nyy_bos_total,Under 8,B,RANK,-108,4,L,-4,62.7,65.8,0.4,1,1,-5.6,Y,KEEP,CUT,KEEP,KEEP,CUT,CUT,"7923c4:72%,10c684:56%,c668b3:59%"
79,2026-06-29,SOC,ML,2026-06-29_SOC_par_ger,Germany,A,TOP+,-295,5,L,-5,57.9,73.1,-0.78,4,3,17,Y,CUT,KEEP,KEEP,CUT,CUT,KEEP,"8da2ca:25%,af1697:75%,1e8f33:51%,2f2a9e:48%,5b1e50:64%,99059d:71%,bc44b0:71%,c911a4:58%"
80,2026-06-29,MLB,TOTAL,2026-06-29_MLB_mia_col_total,Over 11.5,A,MINI,-114,3,W,2.63,61.4,68,1.12,2,2,-16.1,Y,KEEP,KEEP,KEEP,KEEP,KEEP,CUT,"7923c4:72%,a10ff5:54%,cd2f63:56%,5b1e50:64%"
81,2026-06-29,MLB,ML,2026-06-29_MLB_sfg_ari,Arizona Diamondbacks,B,RANK,-131,4,W,3.05,56.5,56.5,1.42,1,1,,N,CUT,CUT,CUT,KEEP,CUT,CUT,"b839b3:49%,5b1e50:64%"
82,2026-06-29,SOC,ML,2026-06-29_SOC_jpn_bra,Brazil,C,SHARP-PRIME,-130,4,W,3.08,52.4,69.4,-1.35,5,3,4.2,Y,CUT,KEEP,KEEP,KEEP,KEEP,KEEP,"12c933:54%,7703d4:64%,2f2a9e:48%,fec67e:66%,0f9d74:67%,eeabaf:67%,c668b3:59%,fea6f5:23%,7a4cdf:32%,a10ff5:54%,99059d:71%,8da2ca:25%"
83,2026-06-29,MLB,TOTAL,2026-06-29_MLB_sdp_chc_total,Under 11.5,C,SHARP-PRIME,-110,4,W,3.64,66.1,72.4,3.12,2,2,0.6,Y,KEEP,KEEP,KEEP,KEEP,KEEP,KEEP,"bc35e3:78%,a10ff5:54%,ad88a3:67%"
84,2026-06-30,MLB,ML,2026-06-30_MLB_laa_sea,Los Angeles Angels,A,MINI,158,1.5,L,-1.5,57.5,71.2,0.89,2,2,,N,CUT,KEEP,KEEP,CUT,CUT,KEEP,"ac9705:30%,70135d:65%,f9e3d0:77%"
85,2026-06-30,MLB,ML,2026-06-30_MLB_mia_col,Miami Marlins,A,TOP,-135,4,W,2.96,77.4,83.9,2.25,3,2,22.9,Y,KEEP,KEEP,KEEP,KEEP,KEEP,KEEP,"4b912c:68%,a82a75:100%,5b1e50:64%"
86,2026-06-30,MLB,ML,2026-06-30_MLB_min_hou,Minnesota Twins,A,MINI,-110,3,L,-3,50.5,50.5,-0.23,0,0,-17.3,Y,CUT,CUT,CUT,CUT,CUT,CUT,1e8f33:51%
87,2026-06-30,MLB,ML,2026-06-30_MLB_wsh_bos,Washington Nationals,A,TOP+,117,2.5,W,2.93,61.4,69.8,0.49,5,3,,N,KEEP,KEEP,KEEP,KEEP,KEEP,KEEP,"12ad50:72%,ac9705:30%,0f9d74:68%,eeabaf:67%,4b912c:68%,5b1e50:64%"
88,2026-06-30,SOC,ML,2026-06-30_SOC_ecu_mex,Mexico,A,TOP,125,2.5,W,3.13,50.9,68.8,-0.95,2,3,13.6,Y,CUT,KEEP,KEEP,CUT,CUT,KEEP,"cd2f63:56%,8bbab3:0%,c2aeea:59%,348973:73%,2f2a9e:49%,5b1e50:64%,95eb4c:47%,c911a4:58%"
89,2026-06-30,SOC,ML,2026-06-30_SOC_swe_fra,France,A,CONFIRMED,-350,1,W,0.29,47.8,55.8,-1.06,0,0,4.6,Y,CUT,CUT,CUT,CUT,CUT,CUT,"12c933:53%,c9bba3:54%,2f2a9e:49%,2d024e:50%,c668b3:58%,fea6f5:23%"
90,2026-06-30,MLB,TOTAL,2026-06-30_MLB_cws_bal_total,Over 10.5,A,TOP,-110,4,W,3.64,77.4,83.9,2.25,3,2,-0.7,Y,KEEP,KEEP,KEEP,KEEP,KEEP,CUT,"4b912c:68%,a82a75:100%,5b1e50:64%"
91,2026-06-30,MLB,TOTAL,2026-06-30_MLB_det_nyy_total,Under 7.5,A,TOP+,-102,5,L,-5,60.4,66.4,1.74,3,3,,N,KEEP,KEEP,KEEP,KEEP,KEEP,KEEP,"2f2a9e:49%,5b1e50:64%,70135d:65%,ad88a3:67%,cd2f63:56%"
92,2026-06-30,MLB,TOTAL,2026-06-30_MLB_pit_phi_total,Under 8.5,A,MINI-,-112,1,W,0.89,60.4,66.2,0.2,2,1,,N,KEEP,KEEP,KEEP,KEEP,KEEP,KEEP,"2f2a9e:49%,4b912c:68%,5b1e50:64%"
93,2026-06-30,MLB,TOTAL,2026-06-30_MLB_sdp_chc_total,Over 11.5,A,TOP+,-112,5,W,4.46,62.3,66.2,0.61,2,1,-8.4,Y,KEEP,KEEP,KEEP,KEEP,KEEP,CUT,"a10ff5:55%,4b912c:68%,5b1e50:64%"
94,2026-06-30,MLB,TOTAL,2026-06-30_MLB_stl_atl_total,Over 9.5,A,TOP+,-110,5,L,-5,52.8,64.1,-1.27,2,0,-11,Y,CUT,KEEP,CUT,CUT,CUT,CUT,"ac9705:30%,b51a56:60%,4b912c:68%"
95,2026-06-30,MLB,TOTAL,2026-06-30_MLB_tex_cle_total,Under 7.5,A,MINI,103,2.5,W,2.58,60.2,66.2,0.19,2,1,-10.1,Y,KEEP,KEEP,KEEP,KEEP,KEEP,CUT,"c668b3:58%,1e8f33:51%,4b912c:68%,5b1e50:64%"
96,2026-06-30,MLB,ML,2026-06-30_MLB_cws_bal,Chicago White Sox,B,RANK,125,2.5,W,3.13,57.4,57.4,0.23,1,0,-8.1,Y,CUT,CUT,CUT,KEEP,CUT,CUT,"1e8f33:51%,7703d4:64%"
97,2026-06-30,MLB,ML,2026-06-30_MLB_tex_cle,Cleveland Guardians,B,RANK,110,2.5,L,-2.5,65.9,65.9,0.85,2,0,,N,KEEP,KEEP,KEEP,KEEP,CUT,KEEP,"7703d4:64%,0f9d74:68%"
98,2026-06-30,SOC,ML,2026-06-30_SOC_nor_civ,Norway,B,RANK,115,2.5,W,2.88,59,71.1,1.48,4,3,35.9,Y,CUT,KEEP,KEEP,KEEP,KEEP,KEEP,"06c80c:40%,af1697:75%,cd2f63:56%,0f9d74:68%,2f2a9e:49%,5b1e50:64%,a10ff5:55%,c911a4:58%,eeabaf:67%"
99,2026-06-30,MLB,SPREAD,2026-06-30_MLB_stl_atl_spread,St. Louis Cardinals,B,RANK,-163,4,W,2.45,62.6,66.2,0.09,3,2,-7.7,Y,KEEP,KEEP,KEEP,KEEP,KEEP,CUT,"f2d227:55%,8ec926:63%,4b912c:68%,5b1e50:64%"
100,2026-06-30,MLB,ML,2026-06-30_MLB_tbr_kcr,Tampa Bay Rays,C,SHARP,-112,3,W,2.68,71.6,88.8,2.53,4,4,16.4,Y,KEEP,KEEP,KEEP,KEEP,KEEP,KEEP,"1e8f33:51%,a82a75:100%,5b1e50:64%,70135d:65%,bc35e3:78%"
101,2026-07-01,MLB,ML,2026-07-01_MLB_cin_mil,Milwaukee Brewers,A,SUPER,-162,6,W,3.7,68.7,88.7,2.95,6,6,0.8,Y,KEEP,KEEP,KEEP,KEEP,KEEP,KEEP,"9a69c2:70%,a82a75:100%,ac9705:44%,4b912c:70%,5b1e50:65%,70135d:65%,bc35e3:77%,cd2f63:56%"
102,2026-07-01,MLB,ML,2026-07-01_MLB_det_nyy,New York Yankees,A,TOP+,-134,5,L,-5,56.6,66.5,0.06,2,2,,N,CUT,KEEP,KEEP,CUT,CUT,KEEP,"2f2a9e:49%,ac9705:44%,0f9d74:68%,5b1e50:65%"
103,2026-07-01,MLB,SPREAD,2026-07-01_MLB_pit_phi_spread,Pittsburgh Pirates,A,TOP+,-180,5,L,-5,67.9,67.9,1.79,2,2,,N,KEEP,KEEP,KEEP,KEEP,KEEP,KEEP,"4b912c:70%,5b1e50:65%"
104,2026-07-01,MLB,TOTAL,2026-07-01_MLB_cin_mil_total,Under 8.5,A,SUPER,106,2.5,W,2.65,54.9,54.9,-0.12,1,1,0.7,Y,CUT,CUT,CUT,CUT,CUT,CUT,"ac9705:44%,5b1e50:65%"
105,2026-07-01,MLB,TOTAL,2026-07-01_MLB_lad_oak_total,Under 9.5,A,MINI-,-110,1,W,0.91,65.3,65.3,1.47,1,1,12.8,Y,KEEP,CUT,KEEP,KEEP,KEEP,KEEP,5b1e50:65%
106,2026-07-01,MLB,TOTAL,2026-07-01_MLB_sdp_chc_total,Under 11.5,A,TOP,-105,4,L,-4,65.3,65.3,1.47,1,1,,N,KEEP,CUT,KEEP,KEEP,KEEP,KEEP,5b1e50:65%
107,2026-07-01,MLB,ML,2026-07-01_MLB_min_hou,Minnesota Twins,B,RANK,122,2.5,W,3.05,59,67.9,0.51,2,2,,N,CUT,KEEP,KEEP,KEEP,KEEP,KEEP,"ac9705:44%,4b912c:70%,5b1e50:65%,cd2f63:56%"
108,2026-07-01,MLB,TOTAL,2026-07-01_MLB_wsh_bos_total,Under 9.5,B,RANK,-103,4,L,-4,56.8,60.7,0.82,1,1,,N,CUT,CUT,CUT,KEEP,CUT,CUT,"cd2f63:56%,2f2a9e:49%,70135d:65%"
109,2026-07-01,MLB,ML,2026-07-01_MLB_pit_phi,Pittsburgh Pirates,C,SHARP,124,2.5,L,-2.5,69,73.9,2.82,6,6,18.5,Y,KEEP,KEEP,KEEP,KEEP,KEEP,KEEP,"bc35e3:77%,9a69c2:70%,0f9d74:68%,8ec926:63%,4b912c:70%,5b1e50:65%"
110,2026-07-01,MLB,ML,2026-07-01_MLB_tex_cle,Texas Rangers,C,SHARP,106,2.5,L,-2.5,60.4,70.4,1.77,4,4,-26.1,Y,KEEP,KEEP,KEEP,KEEP,KEEP,CUT,"9a69c2:70%,1e8f33:51%,cd2f63:56%,ac9705:44%,4b912c:70%,5b1e50:65%,70135d:65%"
111,2026-07-01,SOC,ML,2026-07-01_SOC_sen_bel,Draw,C,SHARP,230,1,W,2.3,23.1,23.1,-2.99,0,0,-34.1,Y,CUT,CUT,CUT,KEEP,CUT,CUT,fea6f5:23%
112,2026-07-01,MLB,SPREAD,2026-07-01_MLB_lad_oak_spread,Los Angeles Dodgers,C,SHARP,-107,3,L,-3,58.4,65.4,0.87,2,2,-26.8,Y,CUT,KEEP,KEEP,KEEP,KEEP,CUT,"ac9705:44%,5b1e50:65%,70135d:65%"
113,2026-07-02,MLB,ML,2026-07-02_MLB_det_tex,Detroit Tigers,A,MINI-,-108,1,L,-1,65.7,65.7,2.95,1,1,-2.7,Y,KEEP,CUT,KEEP,KEEP,KEEP,CUT,eeabaf:66%
114,2026-07-02,MLB,ML,2026-07-02_MLB_pit_phi,Pittsburgh Pirates,A,TOP,115,2.5,W,2.88,71.1,71.1,2.94,1,1,,N,KEEP,CUT,KEEP,KEEP,KEEP,KEEP,4b912c:71%
115,2026-07-02,MLB,ML,2026-07-02_MLB_tbr_kcr,Tampa Bay Rays,A,TOP+,-120,5,W,4.17,57.8,60.9,0.51,1,1,-8.9,Y,CUT,CUT,CUT,CUT,CUT,CUT,"cd2f63:56%,1e8f33:52%,5b1e50:66%"
116,2026-07-02,MLB,SPREAD,2026-07-02_MLB_cin_mil_spread,Cincinnati Reds,A,TOP,-140,4,W,2.86,65.8,65.8,1.77,1,1,15.8,Y,KEEP,CUT,KEEP,KEEP,KEEP,KEEP,5b1e50:66%
117,2026-07-02,MLB,TOTAL,2026-07-02_MLB_det_tex_total,Under 7.5,A,SUPER,-116,6,L,-6,62.3,71.8,2.3,4,4,-33.1,Y,KEEP,KEEP,KEEP,KEEP,KEEP,CUT,"2f2a9e:50%,9a69c2:72%,ac9705:56%,cd2f63:56%,4b912c:71%,5b1e50:66%,70135d:65%"
118,2026-07-02,MLB,ML,2026-07-02_MLB_mia_col,Miami Marlins,B,RANK,-135,4,L,-4,54.6,57,0.08,1,1,,Y,CUT,CUT,CUT,KEEP,CUT,CUT,"2f2a9e:50%,1e8f33:52%,8ec926:63%"
119,2026-07-02,MLB,TOTAL,2026-07-02_MLB_cin_mil_total,Under 6.5,B,RANK,-103,4,L,-4,76.1,85.9,5.99,4,4,24.2,Y,KEEP,KEEP,KEEP,KEEP,KEEP,KEEP,"779ef0:67%,eeabaf:66%,cdb33b:76%,a82a75:95%"
120,2026-07-02,MLB,TOTAL,2026-07-02_MLB_pit_phi_total,Over 9.5,B,RANK,-110,4,L,-4,58.7,66,1.47,2,2,,Y,CUT,KEEP,KEEP,KEEP,KEEP,KEEP,"bc44b0:70%,2f2a9e:50%,ac9705:56%,ad88a3:62%,cd2f63:56%"
121,2026-07-02,MLB,ML,2026-07-02_MLB_cin_mil,Milwaukee Brewers,C,SHARP,-190,3,L,-3,52.3,52.3,1.85,1,1,-11.5,Y,CUT,CUT,CUT,KEEP,CUT,CUT,"eeabaf:66%,ab39ae:39%"
122,2026-07-02,SOC,ML,2026-07-02_SOC_alg_sui,Switzerland,C,SHARP,100,2.5,W,2.5,63.8,75,3.17,3,4,11.8,Y,KEEP,KEEP,KEEP,KEEP,KEEP,KEEP,"9a69c2:72%,cd2f63:56%,0f9d74:68%,b839b3:50%,bc35e3:78%,c911a4:58%"
123,2026-07-02,MLB,TOTAL,2026-07-02_MLB_laa_sea_total,Under 7.5,C,SHARP,108,2.5,W,2.7,59.2,65.6,1.43,2,2,-12.6,Y,CUT,KEEP,KEEP,KEEP,KEEP,CUT,"2f2a9e:50%,cd2f63:56%,70135d:65%,eeabaf:66%"
124,2026-07-03,MLB,ML,2026-07-03_MLB_mil_ari,Milwaukee Brewers,A,MINI-,-146,1,W,0.68,62.8,69,1.53,2,2,-3.9,Y,KEEP,KEEP,KEEP,KEEP,KEEP,CUT,"2f2a9e:50%,4b912c:72%,5b1e50:66%"
125,2026-07-03,MLB,ML,2026-07-03_MLB_pit_wsh,Washington Nationals,A,TOP+,-148,5,W,3.38,56.7,59.1,2.24,1,1,-10.7,Y,CUT,CUT,CUT,CUT,CUT,CUT,"4c64aa:56%,b839b3:52%,ad88a3:62%"
126,2026-07-03,MLB,ML,2026-07-03_MLB_tbr_hou,Tampa Bay Rays,A,TOP+,-108,5,W,4.63,61.5,69.6,2.26,4,4,,N,KEEP,KEEP,KEEP,KEEP,KEEP,KEEP,"1e8f33:52%,ac9705:63%,2f2a9e:50%,5b1e50:66%,70135d:65%,9a69c2:73%"
127,2026-07-03,SOC,ML,2026-07-03_SOC_cpv_arg,Argentina,A,CONFIRMED,-650,1,L,-1,67.4,84,0.95,4,5,26.3,Y,KEEP,KEEP,KEEP,KEEP,KEEP,KEEP,"c9bba3:56%,0f9d74:68%,daf4de:46%,4b912c:72%,a82a75:96%,5b1e50:66%"
128,2026-07-03,SOC,ML,2026-07-03_SOC_gha_col,Colombia,A,SUPER,-235,6,W,2.55,60.1,66.4,1.92,4,3,,N,KEEP,KEEP,KEEP,KEEP,KEEP,KEEP,"4edc5b:64%,946418:67%,7da3d5:64%,fea6f5:41%,c911a4:59%,5b1e50:66%"
129,2026-07-03,MLB,TOTAL,2026-07-03_MLB_bal_cin_total,Under 9.5,A,TOP+,-110,5,W,4.55,67.2,67.2,2.18,2,2,14.9,Y,KEEP,KEEP,KEEP,KEEP,KEEP,KEEP,"ac9705:63%,4b912c:72%"
130,2026-07-03,MLB,TOTAL,2026-07-03_MLB_cws_cle_total,Under 8.5,A,TOP+,-110,5,W,4.55,65.8,73.9,2.44,3,3,,N,KEEP,KEEP,KEEP,KEEP,KEEP,KEEP,"bc44b0:70%,7da3d5:64%,1e8f33:52%,f9e3d0:78%"
131,2026-07-03,MLB,TOTAL,2026-07-03_MLB_sfg_col_total,Under 11.5,A,TOP+,-110,5,L,-5,51.7,51.7,-0.38,0,0,,N,CUT,CUT,CUT,CUT,CUT,CUT,1e8f33:52%
132,2026-07-03,MLB,TOTAL,2026-07-03_MLB_mil_ari_total,Over 9.5,B,RANK,-111,4,W,3.6,65.8,65.8,2.33,2,2,9.7,Y,KEEP,KEEP,KEEP,KEEP,KEEP,KEEP,"5b1e50:66%,70135d:65%"
133,2026-07-03,MLB,TOTAL,2026-07-03_MLB_tbr_hou_total,Under 9,B,RANK,-109,4,W,3.67,80.8,80.8,6.02,2,2,24.7,Y,KEEP,KEEP,KEEP,KEEP,KEEP,KEEP,"a82a75:96%,70135d:65%"
134,2026-07-03,SOC,ML,2026-07-03_SOC_egy_aus,Egypt,C,SHARP,140,2.5,L,-2.5,56.8,60.3,2.61,1,2,-1.9,Y,CUT,CUT,CUT,KEEP,KEEP,CUT,"2f2a9e:50%,de3f67:62%,c911a4:59%,cd2f63:56%"
135,2026-07-03,MLB,SPREAD,2026-07-03_MLB_min_nyy_spread,Minnesota Twins,C,SHARP,-106,3,L,-3,61.7,61.7,1.29,1,1,-3.2,Y,KEEP,CUT,CUT,KEEP,CUT,CUT,"1e8f33:52%,4b912c:72%"
136,2026-07-04,MLB,ML,2026-07-04_MLB_bal_cin,Baltimore Orioles,A,TOP+,109,2.5,W,2.73,74.3,83.9,3.97,4,4,,N,KEEP,KEEP,KEEP,KEEP,KEEP,KEEP,"7923c4:71%,ac9705:64%,a82a75:96%,70135d:65%"
137,2026-07-04,MLB,ML,2026-07-04_MLB_mil_ari,Milwaukee Brewers,A,TOP+,-149,5,L,-5,58,58,0.61,1,1,-10.7,Y,CUT,CUT,CUT,CUT,CUT,CUT,"ac9705:64%,1e8f33:52%"
138,2026-07-04,SOC,ML,2026-07-04_SOC_fra_par,France,A,SUPER,-525,6,W,1.14,50.5,63,-0.37,2,2,24.8,Y,CUT,KEEP,CUT,CUT,CUT,CUT,"4edc5b:60%,95eb4c:50%,c911a4:59%,a0cff6:47%,138d9b:21%,5b1e50:66%"
139,2026-07-04,MLB,SPREAD,2026-07-04_MLB_bal_cin_spread,Baltimore Orioles,A,TOP,-192,4,W,2.08,60.2,68.1,-1.67,2,2,,N,KEEP,KEEP,KEEP,KEEP,KEEP,KEEP,"f2f960:44%,4b912c:70%,5b1e50:66%"
140,2026-07-04,MLB,SPREAD,2026-07-04_MLB_nym_atl_spread,New York Mets,A,TOP,-143,4,L,-4,53.5,53.5,-4.02,1,1,,N,CUT,CUT,CUT,CUT,CUT,CUT,"f2f960:44%,8ec926:63%"
141,2026-07-04,MLB,TOTAL,2026-07-04_MLB_det_tex_total,Under 8.5,A,TOP+,-107,5,W,4.67,63.6,63.6,3.09,2,2,6.2,Y,KEEP,KEEP,CUT,KEEP,KEEP,CUT,"ad88a3:61%,5b1e50:66%"
142,2026-07-04,MLB,TOTAL,2026-07-04_MLB_min_nyy_total,Over 9.5,A,TOP,-110,4,W,3.64,66,66,1.78,1,1,,N,KEEP,CUT,KEEP,KEEP,KEEP,KEEP,5b1e50:66%
143,2026-07-04,MLB,TOTAL,2026-07-04_MLB_sfg_col_total,Over 12.5,A,TOP+,101,2.5,L,-2.5,65.4,72,1.98,3,3,,N,KEEP,KEEP,KEEP,KEEP,KEEP,KEEP,"1e8f33:52%,5b1e50:66%,70135d:65%,bc35e3:78%"
144,2026-07-04,MLB,ML,2026-07-04_MLB_mia_oak,Miami Marlins,B,RANK,-136,4,W,2.94,59.4,69.1,0.83,3,3,3.9,Y,CUT,KEEP,KEEP,KEEP,KEEP,KEEP,"cd2f63:56%,9a69c2:73%,f2f960:44%,1e8f33:52%,70135d:65%,eeabaf:65%"
145,2026-07-04,MLB,TOTAL,2026-07-04_MLB_pit_wsh_total,Under 10.5,B,RANK,-110,4,W,3.64,62.5,68.1,1.4,2,2,,N,KEEP,KEEP,KEEP,KEEP,KEEP,KEEP,"2f2a9e:51%,4b912c:70%,5b1e50:66%"
146,2026-07-04,SOC,ML,2026-07-04_SOC_mar_can,Morocco,C,SHARP,-120,3,W,2.5,54.8,80.6,4.14,7,8,-12.9,Y,CUT,KEEP,KEEP,KEEP,KEEP,CUT,"de3f67:61%,cd2f63:56%,c2aeea:59%,fea6f5:42%,1e8f33:52%,7da3d5:60%,388d4c:26%,ad4d8b:83%,0f9d74:69%,2f2a9e:51%,4edc5b:60%,5b1e50:66%,78e8f1:43%,7a4cdf:28%,b839b3:52%,bc35e3:78%,c911a4:59%,cad739:40%"
147,2026-07-04,MLB,TOTAL,2026-07-04_MLB_stl_chc_total,Over 8.5,C,SHARP,-110,3,L,-3,61.1,61.1,1.07,1,1,6.7,Y,KEEP,CUT,CUT,KEEP,CUT,CUT,"1e8f33:52%,4b912c:70%"
148,2026-07-05,MLB,ML,2026-07-05_MLB_bos_laa,Boston Red Sox,A,MINI-,-154,1,W,0.65,62.6,65.8,1.62,2,2,,N,KEEP,KEEP,KEEP,KEEP,KEEP,KEEP,"cd2f63:56%,5b1e50:66%,70135d:65%"
149,2026-07-05,MLB,ML,2026-07-05_MLB_min_nyy,New York Yankees,A,TOP,-131,4,L,-4,59.1,67.8,-1.83,2,2,,N,CUT,KEEP,KEEP,CUT,CUT,KEEP,"0f9d74:70%,f2f960:42%,5b1e50:66%"
150,2026-07-05,MLB,ML,2026-07-05_MLB_nym_atl,Atlanta Braves,A,TOP+,-105,5,L,-5,56.4,58.7,0.11,1,0,-7.7,Y,CUT,CUT,CUT,CUT,CUT,CUT,"7703d4:64%,2f2a9e:52%,1e8f33:53%"
151,2026-07-05,MLB,ML,2026-07-05_MLB_stl_chc,Chicago Cubs,A,TOP,-142,4,W,2.82,67.8,67.8,1.68,2,2,,N,KEEP,KEEP,KEEP,KEEP,KEEP,KEEP,"0f9d74:70%,5b1e50:66%"
152,2026-07-05,SOC,ML,2026-07-05_SOC_nor_bra,Brazil,A,CONFIRMED,-130,1,L,-1,45.2,60.8,0.11,1,3,-15.7,Y,CUT,CUT,CUT,CUT,CUT,CUT,"8bbab3:13%,de3f67:60%,7da3d5:62%,fea6f5:45%,2f2a9e:52%,7a4cdf:27%,8da2ca:33%,c911a4:60%,cd2f63:56%"
153,2026-07-05,MLB,SPREAD,2026-07-05_MLB_sdp_lad_spread,San Diego Padres,A,SUPER,-105,6,W,5.71,67.5,81.5,1.13,3,3,,N,KEEP,KEEP,KEEP,KEEP,KEEP,KEEP,"f2f960:42%,a82a75:97%,5b1e50:66%,70135d:65%"
154,2026-07-05,MLB,TOTAL,2026-07-05_MLB_mil_ari_total,Over 9.5,A,MINI-,-111,1,L,-1,66.1,66.1,1.7,1,1,,N,KEEP,CUT,KEEP,KEEP,KEEP,KEEP,5b1e50:66%
155,2026-07-05,MLB,TOTAL,2026-07-05_MLB_min_nyy_total,Under 8.5,A,MINI,-110,3,W,2.73,41.7,41.7,-8.85,0,0,-10.5,Y,CUT,CUT,CUT,CUT,CUT,CUT,f2f960:42%
156,2026-07-05,MLB,TOTAL,2026-07-05_MLB_phi_kcr_total,Over 10.5,A,TOP,-106,4,L,-4,63.8,67.6,1.26,2,2,,N,KEEP,KEEP,KEEP,KEEP,KEEP,KEEP,"cd2f63:56%,4b912c:69%,5b1e50:66%"
157,2026-07-05,MLB,ML,2026-07-05_MLB_tbr_hou,Tampa Bay Rays,C,SHARP-PRIME,103,2.5,L,-2.5,83,83,5.3,2,2,30.8,Y,KEEP,KEEP,KEEP,KEEP,KEEP,KEEP,"4b912c:69%,a82a75:97%"
158,2026-07-05,SOC,ML,2026-07-05_SOC_eng_mex,England,C,SHARP,155,1.5,W,2.33,55.6,69.4,1.35,6,7,9.3,Y,CUT,KEEP,KEEP,KEEP,KEEP,KEEP,"06c80c:44%,c9bba3:54%,bc44b0:69%,0f9d74:70%,7da3d5:62%,c911a4:60%,7a4cdf:27%,bc8b21:67%,a0cff6:47%,4b912c:69%,8da2ca:33%,5b1e50:66%"
159,2026-07-05,MLB,TOTAL,2026-07-05_MLB_tbr_hou_total,Under 8.5,C,SHARP-PRIME,-108,4,W,3.7,81.2,81.2,5.84,2,2,,N,KEEP,KEEP,KEEP,KEEP,KEEP,KEEP,"a82a75:97%,70135d:65%"
160,2026-07-06,MLB,ML,2026-07-06_MLB_ari_sdp,Arizona Diamondbacks,A,TOP,108,2.5,W,2.7,66.4,66.4,1.73,1,1,0.5,Y,KEEP,CUT,KEEP,KEEP,KEEP,KEEP,5b1e50:66%
161,2026-07-06,MLB,TOTAL,2026-07-06_MLB_nym_atl_total,Over 9.5,A,TOP,-110,4,W,3.64,65.5,65.5,3.13,1,1,,N,KEEP,CUT,KEEP,KEEP,KEEP,KEEP,eeabaf:65%
162,2026-07-06,MLB,ML,2026-07-06_MLB_hou_wsh,Houston Astros,C,SHARP-PRIME,115,2.5,L,-2.5,58.8,58.8,2.31,1,1,-9.1,Y,CUT,CUT,CUT,KEEP,CUT,CUT,"4c64aa:57%,ad88a3:61%"
163,2026-07-06,MLB,ML,2026-07-06_MLB_mil_stl,Milwaukee Brewers,C,SHARP-PRIME,-118,4,W,3.39,62.7,62.7,-0.44,2,1,0.4,Y,KEEP,KEEP,CUT,KEEP,CUT,CUT,"eeabaf:65%,705ba1:60%"
164,2026-07-06,MLB,ML,2026-07-06_MLB_phi_kcr,Philadelphia Phillies,C,SHARP,-210,3,L,-3,64.7,87.1,2.1,6,5,-4.5,Y,KEEP,KEEP,KEEP,KEEP,KEEP,CUT,"2f2a9e:52%,bc35e3:77%,0f9d74:70%,b839b3:51%,ab39ae:35%,705ba1:60%,a82a75:97%,40d814:73%,5b1e50:66%"
165,2026-07-06,SOC,ML,2026-07-06_SOC_bel_usa,United States,C,SHARP,155,1.5,L,-1.5,56.6,69.9,-0.54,4,5,2.3,Y,CUT,KEEP,KEEP,KEEP,KEEP,KEEP,"cd2f63:56%,c2aeea:60%,fea6f5:48%,946418:70%,0f9d74:70%,1aef79:33%,2f2a9e:52%,5b1e50:66%,8da2ca:40%,bc44b0:68%,c911a4:59%"
166,2026-07-06,SOC,ML,2026-07-06_SOC_esp_por,Spain,C,SHARP,-102,3,W,2.94,54.2,74.9,3.82,7,8,16,Y,CUT,KEEP,KEEP,KEEP,KEEP,KEEP,"eeabaf:65%,e70853:62%,de3f67:58%,b839b3:51%,c911a4:59%,a8c991:60%,78e8f1:43%,ad88a3:61%,ad4d8b:83%,bc8b21:64%,8da2ca:40%,1aef79:33%,8bbab3:11%,5b1e50:66%"
167,2026-07-07,MLB,SPREAD,2026-07-07_MLB_col_lad_spread,Colorado Rockies,A,TOP+,128,2.5,W,3.2,68.4,78.7,0.06,2,2,17.1,Y,KEEP,KEEP,KEEP,KEEP,KEEP,KEEP,"bc35e3:77%,f2f960:48%,0cd77e:80%"
168,2026-07-07,MLB,TOTAL,2026-07-07_MLB_hou_wsh_total,Under 9.5,A,MINI-,-113,1,W,0.88,65.7,65.7,3.09,1,1,7.1,Y,KEEP,CUT,KEEP,KEEP,KEEP,KEEP,eeabaf:66%
169,2026-07-07,MLB,TOTAL,2026-07-07_MLB_laa_tex_total,Under 7.5,A,MINI,-105,3,L,-3,64.1,65.6,3.34,3,3,-4.7,Y,KEEP,KEEP,KEEP,KEEP,KEEP,CUT,"eeabaf:66%,70135d:65%,ad88a3:61%"
170,2026-07-07,MLB,ML,2026-07-07_MLB_phi_cin,Philadelphia Phillies,B,RANK,-168,4,W,2.38,56.9,56.9,2.11,1,1,5.8,Y,CUT,CUT,CUT,KEEP,CUT,CUT,"2f2a9e:53%,ad88a3:61%"
171,2026-07-07,MLB,ML,2026-07-07_MLB_atl_pit,Atlanta Braves,C,SHARP,128,2.5,L,-2.5,58.9,58.9,1.87,1,1,-10.9,Y,CUT,CUT,CUT,KEEP,CUT,CUT,"eeabaf:66%,a10ff5:52%"
172,2026-07-07,MLB,ML,2026-07-07_MLB_col_lad,Los Angeles Dodgers,C,SHARP-PRIME,-310,4,L,-4,62.5,70.1,0.79,2,1,-10.6,Y,KEEP,KEEP,KEEP,KEEP,CUT,CUT,"c668b3:59%,b839b3:51%,a0d6d2:60%,0cd77e:80%"
173,2026-07-07,MLB,ML,2026-07-07_MLB_sea_mia,Seattle Mariners,C,SHARP-PRIME,105,2.5,L,-2.5,63.9,67.4,0.17,4,3,1.9,Y,KEEP,KEEP,KEEP,KEEP,KEEP,KEEP,"4b912c:69%,5b1e50:66%,70135d:65%,705ba1:59%,a0d6d2:60%"
174,2026-07-07,SOC,ML,2026-07-07_SOC_egy_arg,Argentina,C,SHARP-PRIME,-300,4,W,1.33,54.9,79.3,2.13,1,2,-3,Y,CUT,CUT,KEEP,KEEP,KEEP,CUT,"c29d59:100%,c911a4:59%,955c26:50%,78e8f1:43%,138d9b:23%"
175,2026-07-07,MLB,SPREAD,2026-07-07_MLB_atl_pit_spread,Atlanta Braves,C,SHARP,-167,3,L,-3,62.5,62.5,0.93,1,1,,N,KEEP,CUT,CUT,KEEP,CUT,CUT,"cd2f63:56%,4b912c:69%"
176,2026-07-07,MLB,TOTAL,2026-07-07_MLB_mil_stl_total,Over 7.5,C,SHARP-PRIME,-110,4,L,-4,73.3,73.3,2.52,2,2,,N,KEEP,KEEP,KEEP,KEEP,KEEP,KEEP,"7da3d5:67%,0cd77e:80%"
177,2026-07-08,MLB,ML,2026-07-08_MLB_cle_min,Cleveland Guardians,A,TOP,110,2.5,L,-2.5,53.8,53.8,-0.95,0,0,-15.4,Y,CUT,CUT,CUT,CUT,CUT,CUT,"4c64aa:58%,f2f960:50%"
178,2026-07-08,MLB,ML,2026-07-08_MLB_col_lad,Los Angeles Dodgers,A,TOP+,-255,5,W,1.96,81.3,81.3,11.29,1,1,31.3,Y,KEEP,CUT,KEEP,KEEP,KEEP,KEEP,0cd77e:81%
179,2026-07-08,MLB,ML,2026-07-08_MLB_tor_sfg,San Francisco Giants,A,TOP,110,2.5,L,-2.5,65.5,65.6,2.68,4,3,9,Y,KEEP,KEEP,KEEP,KEEP,KEEP,KEEP,"4b912c:66%,5b1e50:66%,70135d:65%,9a69c2:65%"
180,2026-07-08,MLB,SPREAD,2026-07-08_MLB_col_lad_spread,Colorado Rockies,A,TOP,110,2.5,W,2.75,56.4,56.4,-0.65,1,1,,N,CUT,CUT,CUT,CUT,CUT,CUT,"f2f960:50%,8ec926:63%"
181,2026-07-08,MLB,TOTAL,2026-07-08_MLB_chc_bal_total,Over 9.5,B,RANK,-114,4,W,3.51,62.5,74,6.29,2,2,-0.3,Y,KEEP,KEEP,KEEP,KEEP,KEEP,CUT,"aa9fb4:67%,f2f960:50%,a10ff5:52%,0cd77e:81%"
182,2026-07-08,MLB,TOTAL,2026-07-08_MLB_col_lad_total,Under 10,B,RANK,-104,4,W,3.85,65.6,65.6,1.75,3,2,,N,KEEP,KEEP,KEEP,KEEP,KEEP,KEEP,"4b912c:66%,5b1e50:66%,70135d:65%"
183,2026-07-08,MLB,SPREAD,2026-07-08_MLB_atl_pit_spread,Atlanta Braves,C,SHARP,162,1.5,W,2.43,62.5,65.6,0.94,2,1,,N,KEEP,KEEP,KEEP,KEEP,CUT,KEEP,"cd2f63:56%,4b912c:66%,5b1e50:66%"
184,2026-07-08,MLB,SPREAD,2026-07-08_MLB_oak_det_spread,Detroit Tigers,C,SHARP,139,2.5,W,3.47,65.6,65.6,4.33,1,1,-0.1,Y,KEEP,CUT,KEEP,KEEP,CUT,CUT,"f2f960:50%,0cd77e:81%"
185,2026-07-09,MLB,ML,2026-07-09_MLB_ari_sdp,Arizona Diamondbacks,A,MINI,110,2.5,W,2.75,71.3,71.3,3.83,2,2,,N,KEEP,KEEP,KEEP,KEEP,KEEP,KEEP,"0f9d74:70%,0cd77e:72%"
186,2026-07-09,MLB,ML,2026-07-09_MLB_col_sfg,San Francisco Giants,A,MINI-,-132,1,W,0.76,59.5,59.5,-0.12,0,0,,N,CUT,CUT,CUT,CUT,CUT,CUT,f2f960:60%
187,2026-07-09,SOC,ML,2026-07-09_SOC_mar_fra,France,A,SUPER,-170,6,W,3.53,45.3,63.9,-2.72,1,2,-5.7,Y,CUT,CUT,CUT,CUT,CUT,CUT,"8366f5:37%,348973:71%,de3f67:56%,fea6f5:40%,7a4cdf:27%,a190ea:50%,8da2ca:36%"
188,2026-07-09,MLB,TOTAL,2026-07-09_MLB_chc_bal_total,Over 9.5,A,TOP,100,2.5,L,-2.5,64,65.6,1.38,3,3,7.5,Y,KEEP,KEEP,KEEP,KEEP,KEEP,KEEP,"f2f960:60%,4b912c:65%,5b1e50:66%,70135d:65%"
189,2026-07-09,MLB,TOTAL,2026-07-09_MLB_mil_stl_total,Over 8.5,A,TOP+,-102,5,W,4.9,72.4,72.4,5.76,1,1,14.8,Y,KEEP,CUT,KEEP,KEEP,KEEP,KEEP,0cd77e:72%
190,2026-07-09,MLB,SPREAD,2026-07-09_MLB_phi_cin_spread,Philadelphia Phillies,B,RANK,-105,4,L,-4,61,61,1.64,1,1,,N,KEEP,CUT,CUT,KEEP,CUT,CUT,"cd2f63:56%,70135d:65%"
191,2026-07-09,MLB,SPREAD,2026-07-09_MLB_atl_pit_spread,Atlanta Braves,C,SHARP,140,2.5,W,3.5,63.3,65.6,1.52,3,3,,N,KEEP,KEEP,KEEP,KEEP,KEEP,KEEP,"4b912c:65%,5b1e50:66%,70135d:65%,cd2f63:56%"
192,2026-07-10,MLB,ML,2026-07-10_MLB_cle_mia,Cleveland Guardians,A,TOP,107,2.5,W,2.68,79.1,83.5,5.22,3,3,,N,KEEP,KEEP,KEEP,KEEP,KEEP,KEEP,"bc35e3:77%,0f9d74:70%,a82a75:90%"
193,2026-07-10,MLB,ML,2026-07-10_MLB_oak_cws,Chicago White Sox,A,TOP+,-178,5,W,2.81,63.7,66.8,1.86,2,1,-1.8,Y,KEEP,KEEP,KEEP,KEEP,KEEP,CUT,"4c64aa:58%,705ba1:60%,0cd77e:74%"
194,2026-07-10,MLB,ML,2026-07-10_MLB_phi_det,Detroit Tigers,A,SUPER,-118,6,W,5.08,67.7,71.2,3.97,5,5,14.6,Y,KEEP,KEEP,KEEP,KEEP,KEEP,KEEP,"ac9705:69%,0cd77e:74%,4b912c:65%,70135d:65%,9a69c2:65%"
195,2026-07-10,MLB,ML,2026-07-10_MLB_sea_tbr,Seattle Mariners,A,TOP+,108,2.5,L,-2.5,64.3,69.6,2.05,4,4,-0.6,Y,KEEP,KEEP,KEEP,KEEP,KEEP,CUT,"12ad50:67%,c9bba3:53%,bc44b0:69%,ac9705:69%,0f9d74:70%,4c64aa:58%"
196,2026-07-10,MLB,SPREAD,2026-07-10_MLB_atl_stl_spread,St. Louis Cardinals,A,TOP,-123,4,W,3.25,59.1,59.1,-0.1,0,0,-7.8,Y,CUT,CUT,CUT,CUT,CUT,CUT,f2f960:59%
197,2026-07-10,MLB,SPREAD,2026-07-10_MLB_oak_cws_spread,Athletics,A,TOP+,-137,5,L,-5,66.3,66.3,3.72,1,1,,N,KEEP,CUT,KEEP,KEEP,KEEP,KEEP,"f2f960:59%,0cd77e:74%"
198,2026-07-10,MLB,TOTAL,2026-07-10_MLB_cle_mia_total,Under 7.5,A,TOP,-110,4,W,3.64,73.5,73.5,7.55,1,1,,N,KEEP,CUT,KEEP,KEEP,KEEP,KEEP,0cd77e:74%
199,2026-07-10,MLB,TOTAL,2026-07-10_MLB_nyy_wsh_total,Over 10.5,A,TOP+,-104,5,L,-5,66.6,67.2,2.27,3,3,1,Y,KEEP,KEEP,KEEP,KEEP,KEEP,KEEP,"ac9705:69%,4b912c:65%,70135d:65%"
200,2026-07-11,MLB,ML,2026-07-11_MLB_bos_nym,New York Mets,B,RANK,-144,4,L,-4,67.1,67.1,2.35,1,1,,N,KEEP,CUT,KEEP,KEEP,CUT,KEEP,"bc35e3:77%,4c64aa:57%"
201,2026-07-11,MLB,ML,2026-07-11_MLB_nyy_wsh,Washington Nationals,B,RANK,165,1.5,L,-1.5,74.6,79.3,5.21,3,3,,Y,KEEP,KEEP,KEEP,KEEP,KEEP,KEEP,"0f9d74:70%,7da3d5:65%,a82a75:89%"
202,2026-07-11,MLB,ML,2026-07-11_MLB_hou_tex,Texas Rangers,C,SHARP,-117,3,L,-3,76.9,76.9,6.74,2,2,,N,KEEP,KEEP,KEEP,KEEP,KEEP,KEEP,"7da3d5:65%,a82a75:89%"
203,2026-07-11,SOC,ML,2026-07-11_SOC_sui_arg,Argentina,C,SHARP-PRIME,-145,4,L,-4,30.8,33.9,-3.88,0,0,-15.2,Y,CUT,CUT,CUT,KEEP,CUT,CUT,"7a4cdf:25%,a190ea:43%,138d9b:24%"
204,2026-07-11,MLB,TOTAL,2026-07-11_MLB_mil_pit_total,Over 8.5,C,SHARP,-107,3,L,-3,57.7,57.7,2.02,1,1,-4.8,Y,CUT,CUT,CUT,KEEP,CUT,CUT,"7da3d5:65%,a10ff5:50%"
205,2026-07-12,MLB,ML,2026-07-12_MLB_atl_stl,St. Louis Cardinals,A,MINI,-128,3,L,-3,66.7,66.7,6.11,1,1,,N,KEEP,CUT,KEEP,KEEP,KEEP,KEEP,0cd77e:67%
206,2026-07-12,MLB,ML,2026-07-12_MLB_col_sfg,San Francisco Giants,A,MINI,-145,3,W,2.07,66.7,66.7,6.11,1,1,,N,KEEP,CUT,KEEP,KEEP,KEEP,KEEP,0cd77e:67%
207,2026-07-12,MLB,ML,2026-07-12_MLB_mil_pit,Milwaukee Brewers,A,TOP,106,2.5,L,-2.5,,,,0,0,,Y,CUT,CUT,CUT,CUT,CUT,CUT,
208,2026-07-12,MLB,TOTAL,2026-07-12_MLB_sea_tbr_total,Under 7.5,A,TOP,-110,4,L,-4,63.9,66.9,2.53,3,3,,N,KEEP,KEEP,KEEP,KEEP,KEEP,KEEP,"bc44b0:67%,7da3d5:64%,f2f960:58%,0cd77e:67%"
209,2026-07-12,MLB,SPREAD,2026-07-12_MLB_atl_stl_spread,St. Louis Cardinals,D,DISSENT,168,1,L,-1,66.7,66.7,6.11,1,1,4.2,Y,KEEP,CUT,KEEP,KEEP,CUT,KEEP,0cd77e:67%